BOARDID,TRADEDATE,SHORTNAME,SECID,NUMTRADES,VALUE,OPEN,LOW,HIGH,LEGALCLOSEPRICE,WAPRICE,CLOSE,VOLUME,MARKETPRICE2,MARKETPRICE3,ADMITTEDQUOTE,MP2VALTRD,MARKETPRICE3TRADESVALUE,ADMITTEDVALUE,WAVAL,TRADINGSESSION,CURRENCYID,TRENDCLSPR,TRADE_SESSION_DATE
TQBR,2014-01-06,ÔמסÀדנמ אמ,PHOR,1673,8964447.7,949.6,921.1,953.8,936.5,938.7,936.5,9550,938.7,938.7,938.7,8964447.7,8964447.7,8964447.7,,3,SUR,-1.42,
TQBR,2014-01-08,ÔמסÀדנמ אמ,PHOR,494,2742851.2,936.0,930.5,948.0,934.9,935.2,939.0,2933,935.2,935.2,935.2,2742851.2,2742851.2,2742851.2,,3,SUR,0.27,
TQBR,2014-01-09,ÔמסÀדנמ אמ,PHOR,456,2349415.1,930.3,927.0,936.5,933.0,930.1,932.5,2526,930.1,930.1,930.1,2349415.1,2349415.1,2349415.1,,3,SUR,-0.69,
TQBR,2014-01-10,ÔמסÀדנמ אמ,PHOR,978,5980488.0,930.2,925.0,937.0,937.0,933.1,936.8,6409,933.1,933.1,933.1,5980488.0,5980488.0,5980488.0,,3,SUR,0.46,
TQBR,2014-01-13,ÔמסÀדנמ אמ,PHOR,463,10603183.1,936.9,928.4,936.9,931.0,931.3,931.0,11385,931.3,931.3,931.3,10603183.1,10603183.1,10603183.1,,3,SUR,-0.62,
TQBR,2014-01-14,ÔמסÀדנמ אמ,PHOR,839,9129871.7,936.2,928.0,958.6,956.9,942.6,954.1,9686,942.6,942.6,942.6,9087742.7,9087742.7,9087742.7,,3,SUR,2.48,
TQBR,2014-01-15,ÔמסÀדנמ אמ,PHOR,1432,114483516.6,955.0,950.7,1017.9,1005.0,989.2,1005.0,115730,989.2,989.2,989.2,114483516.6,114483516.6,114483516.6,,3,SUR,5.33,
TQBR,2014-01-16,ÔמסÀדנמ אמ,PHOR,1053,141614486.6,1014.9,995.6,1029.0,1012.1,1015.0,1010.0,139520,1015.0,1015.0,1015.0,141614486.6,141614486.6,141614486.6,,3,SUR,0.5,
TQBR,2014-01-17,ÔמסÀדנמ אמ,PHOR,835,20975772.2,1017.0,977.5,1029.9,1011.2,1016.8,1012.3,20630,1016.8,1016.8,1016.8,20975772.2,20975772.2,20975772.2,,3,SUR,0.23,
TQBR,2014-01-20,ÔמסÀדנמ אמ,PHOR,745,20025936.0,1012.7,1012.7,1048.9,1044.7,1034.1,1040.0,19365,1034.1,1034.1,1034.1,20024923.3,20024923.3,20024923.3,,3,SUR,2.74,
TQBR,2014-01-21,ÔמסÀדנמ אמ,PHOR,725,28107798.1,1040.3,1033.6,1089.9,1083.0,1066.0,1080.1,26368,1066.0,1066.0,1066.0,28105717.5,28105717.5,28105717.5,,3,SUR,3.86,
TQBR,2014-01-22,ÔמסÀדנמ אמ,PHOR,967,53429532.7,1086.4,1063.1,1098.0,1090.0,1080.2,1085.6,49461,1080.2,1080.2,1080.2,53429532.7,53429532.7,53429532.7,,3,SUR,0.51,
TQBR,2014-01-23,ÔמסÀדנמ אמ,PHOR,1172,46135783.2,1085.6,1080.0,1118.0,1090.0,1102.9,1085.0,41830,1102.9,1102.9,1102.9,46135783.2,46135783.2,46135783.2,,3,SUR,-0.06,
TQBR,2014-01-24,ÔמסÀדנמ אמ,PHOR,499,11269418.5,1081.8,1080.8,1130.0,1111.3,1106.5,1114.0,10185,1106.5,1106.5,1106.5,11269418.5,11269418.5,11269418.5,,3,SUR,2.67,
TQBR,2014-01-27,ÔמסÀדנמ אמ,PHOR,743,17220737.4,1119.1,1079.9,1119.1,1089.6,1092.5,1090.1,15762,1092.5,1092.5,1092.5,17218499.2,17218499.2,17218499.2,,3,SUR,-2.15,
TQBR,2014-01-28,ÔמסÀדנמ אמ,PHOR,933,7753515.4,1094.5,1080.0,1109.8,1095.4,1095.0,1092.4,7081,1095.0,1095.0,1095.0,7753515.4,7753515.4,7753515.4,,3,SUR,0.21,
TQBR,2014-01-29,ÔמסÀדנמ אמ,PHOR,2320,48156069.5,1099.9,1075.5,1149.0,1082.9,1115.8,1089.8,43159,1115.8,1115.8,1115.8,48156069.5,48156069.5,48156069.5,,3,SUR,-0.24,
TQBR,2014-01-30,ÔמסÀדנמ אמ,PHOR,1030,26285024.1,1089.9,1045.0,1097.0,1057.9,1083.4,1056.2,24262,1083.4,1083.4,1083.4,26285024.1,26285024.1,26285024.1,,3,SUR,-3.08,
TQBR,2014-01-31,ÔמסÀדנמ אמ,PHOR,1253,26706594.2,1060.3,1058.7,1109.0,1072.6,1075.8,1070.0,24825,1075.8,1075.8,1075.8,26706594.2,26706594.2,26706594.2,,3,SUR,1.31,
TQBR,2014-02-03,ÔמסÀדנמ אמ,PHOR,681,5904557.7,1077.0,1045.3,1090.0,1050.2,1066.6,1056.3,5536,1066.6,1066.6,1066.6,5904557.7,5904557.7,5904557.7,,3,SUR,-1.28,
TQBR,2014-02-04,ÔמסÀדנמ אמ,PHOR,571,25355453.4,1045.2,1001.1,1076.4,1066.5,1056.3,1076.4,24005,1056.3,1056.3,1056.3,25353363.0,25353363.0,25353363.0,,3,SUR,1.9,
TQBR,2014-02-05,ÔמסÀדנמ אמ,PHOR,819,10997713.9,1062.3,1052.6,1076.5,1068.5,1065.8,1069.6,10319,1065.8,1065.8,1065.8,10997713.9,10997713.9,10997713.9,,3,SUR,-0.63,
TQBR,2014-02-06,ÔמסÀדנמ אמ,PHOR,578,4976313.0,1061.9,1057.0,1086.8,1081.3,1067.0,1075.7,4664,1067.0,1067.0,1067.0,4973127.3,4973127.3,4973127.3,,3,SUR,0.57,
TQBR,2014-02-07,ÔמסÀדנמ אמ,PHOR,505,20713824.5,1090.0,1082.2,1099.1,1097.5,1095.1,1097.6,18915,1095.1,1095.1,1095.1,20713824.5,20713824.5,20713824.5,,3,SUR,2.04,
TQBR,2014-02-10,ÔמסÀדנמ אמ,PHOR,344,4955738.5,1102.7,1102.7,1122.0,1117.9,1114.7,1117.8,4446,1114.7,1114.7,1114.7,4953533.1,4953533.1,4953533.1,,3,SUR,1.84,
TQBR,2014-02-11,ÔמסÀדנמ אמ,PHOR,464,20970658.0,1123.5,1111.3,1141.4,1138.7,1133.4,1138.0,18503,1133.4,1133.4,1133.4,20878531.0,20878531.0,20878531.0,,3,SUR,1.81,
TQBR,2014-02-12,ÔמסÀדנמ אמ,PHOR,560,25519135.1,1133.0,1133.0,1150.1,1149.0,1145.0,1148.0,22288,1145.0,1145.0,1145.0,25518002.1,25518002.1,25518002.1,,3,SUR,0.88,
TQBR,2014-02-13,ÔמסÀדנמ אמ,PHOR,1265,36766831.6,1151.3,1147.0,1189.8,1180.0,1171.7,1172.0,31380,1171.7,1171.7,1171.7,36755318.6,36755318.6,36755318.6,,3,SUR,2.09,
TQBR,2014-02-14,ÔמסÀדנמ אמ,PHOR,661,11305134.0,1175.0,1164.0,1189.0,1180.6,1176.3,1180.2,9611,1176.3,1176.3,1176.3,11299259.0,11299259.0,11299259.0,,3,SUR,0.7,
TQBR,2014-02-17,ÔמסÀדנמ אמ,PHOR,1264,136372838.9,1188.0,1170.2,1198.8,1176.9,1183.4,1179.9,115234,1183.4,1183.4,1183.4,136372838.9,136372838.9,136372838.9,,3,SUR,-0.03,
TQBR,2014-02-18,ÔמסÀדנמ אמ,PHOR,4180,303330256.3,1188.7,1160.5,1205.0,1175.0,1181.9,1173.1,256645,1181.9,1181.9,1181.9,303330256.3,303330256.3,303330256.3,,3,SUR,-0.58,
TQBR,2014-02-19,ÔמסÀדנמ אמ,PHOR,735,17862146.8,1179.4,1161.1,1192.0,1164.1,1177.4,1161.1,15171,1177.4,1177.4,1177.4,17862146.8,17862146.8,17862146.8,,3,SUR,-1.02,
TQBR,2014-02-20,ÔמסÀדנמ אמ,PHOR,468,10015299.4,1159.5,1143.9,1173.8,1170.1,1162.5,1170.1,8615,1162.5,1162.5,1162.5,10015299.4,10015299.4,10015299.4,,3,SUR,0.78,
TQBR,2014-02-21,ÔמסÀדנמ אמ,PHOR,465,24312886.8,1173.9,1173.9,1218.8,1203.0,1193.3,1203.0,20374,1193.3,1193.3,1193.3,24312886.8,24312886.8,24312886.8,,3,SUR,2.81,
TQBR,2014-02-24,ÔמסÀדנמ אמ,PHOR,263,18368654.5,1174.5,1174.3,1225.0,1216.1,1203.1,1220.0,15268,1203.1,1203.1,1203.1,18368654.5,18368654.5,18368654.5,,3,SUR,1.41,
TQBR,2014-02-25,ÔמסÀדנמ אמ,PHOR,231,14022104.9,1207.1,1200.5,1220.0,1202.4,1206.0,1202.5,11627,1206.0,1206.0,1206.0,14022104.9,14022104.9,14022104.9,,3,SUR,-1.43,
TQBR,2014-02-26,ÔמסÀדנמ אמ,PHOR,165,3691864.4,1201.5,1180.0,1206.7,1206.7,1196.3,1194.0,3086,1196.2,1196.2,1196.2,3617371.4,3617371.4,3617371.4,,3,SUR,-0.71,
TQBR,2014-02-27,ÔמסÀדנמ אמ,PHOR,218,8351443.8,1206.9,1198.0,1219.5,1207.0,1209.0,1207.6,6908,1209.0,1209.0,1209.0,8339374.8,8339374.8,8339374.8,,3,SUR,1.14,
TQBR,2014-02-28,ÔמסÀדנמ אמ,PHOR,241,5667661.3,1202.7,1180.1,1217.6,1210.8,1206.9,1211.0,4696,1206.9,1206.9,1206.9,5667661.3,5667661.3,5667661.3,,3,SUR,0.28,
TQBR,2014-03-03,ÔמסÀדנמ אמ,PHOR,1834,34766735.9,1191.1,1007.2,1191.1,1087.0,1116.6,1087.0,31137,1116.4,1116.4,1116.4,34673830.1,34673830.1,34673830.1,,3,SUR,-10.24,
TQBR,2014-03-04,ÔמסÀדנמ אמ,PHOR,2560,33655520.7,1119.8,1060.1,1249.8,1215.3,1187.1,1208.8,28350,1187.1,1187.1,1187.1,33655520.7,33655520.7,33655520.7,,3,SUR,11.21,
TQBR,2014-03-05,ÔמסÀדנמ אמ,PHOR,683,20839764.2,1203.2,1191.5,1264.8,1253.0,1237.0,1251.0,16847,1237.0,1237.0,1237.0,20839764.2,20839764.2,20839764.2,,3,SUR,3.49,
TQBR,2014-03-06,ÔמסÀדנמ אמ,PHOR,1589,83186005.1,1248.9,1203.7,1276.2,1224.8,1227.3,1224.9,67779,1227.3,1227.3,1227.3,83186005.1,83186005.1,83186005.1,,3,SUR,-2.09,
TQBR,2014-03-07,ÔמסÀדנמ אמ,PHOR,525,3789826.3,1223.0,1187.4,1234.8,1203.1,1213.9,1203.1,3122,1213.9,1213.9,1213.9,3789826.3,3789826.3,3789826.3,,3,SUR,-1.78,
TQBR,2014-03-11,ÔמסÀדנמ אמ,PHOR,426,7105521.0,1213.7,1190.1,1230.0,1214.0,1212.5,1211.0,5860,1212.5,1212.5,1212.5,7099452.5,7099452.5,7099452.5,,3,SUR,0.66,
TQBR,2014-03-12,ÔמסÀדנמ אמ,PHOR,900,7845863.2,1175.1,1126.8,1199.9,1130.0,1166.3,1126.8,6727,1166.3,1166.3,1166.3,7845863.2,7845863.2,7845863.2,,3,SUR,-6.95,
TQBR,2014-03-13,ÔמסÀדנמ אמ,PHOR,715,10394920.1,1137.7,1099.5,1155.0,1117.9,1123.9,1114.5,9249,1123.9,1123.9,1123.9,10394920.1,10394920.1,10394920.1,,3,SUR,-1.09,
TQBR,2014-03-14,ÔמסÀדנמ אמ,PHOR,402,12823504.2,1121.9,1090.0,1121.9,1107.5,1104.0,1112.8,11616,1103.9,1103.9,1103.9,12820138.5,12820138.5,12820138.5,,3,SUR,-0.15,
TQBR,2014-03-17,ÔמסÀדנמ אמ,PHOR,1965,20228133.1,1138.3,1087.9,1225.0,1134.4,1186.1,1135.0,17054,1186.1,1186.1,1186.1,20228133.1,20228133.1,20228133.1,,3,SUR,1.99,
TQBR,2014-03-18,ÔמסÀדנמ אמ,PHOR,1038,12282226.4,1146.3,1127.0,1194.6,1182.9,1160.6,1192.3,10583,1160.6,1160.6,1160.6,12282226.4,12282226.4,12282226.4,,3,SUR,5.05,
TQBR,2014-03-19,ÔמסÀדנמ אמ,PHOR,1801,31578692.2,1165.4,1161.0,1219.0,1179.4,1186.2,1179.4,26621,1186.2,1186.2,1186.2,31578692.2,31578692.2,31578692.2,,3,SUR,-1.08,
TQBR,2014-03-20,ÔמסÀדנמ אמ,PHOR,999,38241981.4,1175.5,1161.0,1210.0,1199.0,1187.5,1182.0,32203,1187.5,1187.5,1187.5,38241981.4,38241981.4,38241981.4,,3,SUR,0.22,
TQBR,2014-03-21,ÔמסÀדנמ אמ,PHOR,1266,12711175.2,1189.0,1141.0,1214.9,1202.6,1180.9,1200.0,10764,1180.9,1180.9,1180.9,12711175.2,12711175.2,12711175.2,,3,SUR,1.52,
TQBR,2014-03-24,ÔמסÀדנמ אמ,PHOR,181,1295639.9,1228.7,1190.3,1228.7,1193.2,1206.4,1190.5,1074,1206.4,1206.4,1206.4,1295639.9,1295639.9,1295639.9,,3,SUR,-0.79,
TQBR,2014-03-25,ÔמסÀדנמ אמ,PHOR,230,6923374.6,1195.6,1190.5,1212.0,1202.9,1205.3,1202.9,5744,1205.3,1205.3,1205.3,6923374.6,6923374.6,6923374.6,,3,SUR,1.04,
TQBR,2014-03-26,ÔמסÀדנמ אמ,PHOR,635,6489315.4,1195.8,1175.1,1219.0,1187.6,1195.7,1187.6,5427,1195.7,1195.7,1195.7,6489315.4,6489315.4,6489315.4,,3,SUR,-1.27,
TQBR,2014-03-27,ÔמסÀדנמ אמ,PHOR,1179,57742287.0,1193.3,1174.6,1208.6,1189.9,1190.3,1190.0,48512,1190.3,1190.3,1190.3,57742287.0,57742287.0,57742287.0,,3,SUR,0.2,
TQBR,2014-03-28,ÔמסÀדנמ אמ,PHOR,640,10202285.2,1190.0,1176.7,1200.0,1176.7,1193.1,1187.5,8551,1193.1,1193.1,1193.1,10202285.2,10202285.2,10202285.2,,3,SUR,-0.21,
TQBR,2014-03-31,ÔמסÀדנמ אמ,PHOR,604,2597288.0,1185.4,1181.1,1200.6,1186.1,1188.7,1186.1,2185,1188.7,1188.7,1188.7,2597288.0,2597288.0,2597288.0,,3,SUR,-0.12,
TQBR,2014-04-01,ÔמסÀדנמ אמ,PHOR,656,9718912.1,1182.5,1177.9,1199.0,1193.8,1191.8,1193.8,8155,1191.8,1191.8,1191.8,9718912.1,9718912.1,9718912.1,,3,SUR,0.0,
TQBR,2014-04-02,ÔמסÀדנמ אמ,PHOR,322,1989823.4,1199.2,1188.7,1205.0,1199.1,1198.0,1199.1,1661,1198.0,1198.0,1198.0,1979030.6,1979030.6,1979030.6,,3,SUR,0.0,
TQBR,2014-04-03,ÔמסÀדנמ אמ,PHOR,952,7879532.8,1205.0,1166.0,1205.0,1170.0,1178.0,1170.0,6689,1178.0,1178.0,1178.0,7879532.8,7879532.8,7879532.8,,3,SUR,0.0,
TQBR,2014-04-04,ÔמסÀדנמ אמ,PHOR,612,5646302.5,1136.0,1136.0,1186.7,1177.0,1175.1,1177.0,4805,1175.1,1175.1,1175.1,5645166.5,5645166.5,5645166.5,,3,SUR,0.0,
TQBR,2014-04-07,ÔמסÀדנמ אמ,PHOR,281,10225856.2,1171.8,1128.9,1175.8,1139.6,1139.4,1139.6,8975,1139.4,1139.4,1139.4,10225856.2,10225856.2,10225856.2,,3,SUR,0.0,
TQBR,2014-04-08,ÔמסÀדנמ אמ,PHOR,312,5081357.4,1147.3,1131.5,1179.0,1178.6,1150.7,1178.6,4416,1150.7,1150.7,1150.7,5077915.5,5077915.5,5077915.5,,3,SUR,0.0,
TQBR,2014-04-09,ÔמסÀדנמ אמ,PHOR,547,18463904.7,1178.8,1178.8,1203.0,1190.7,1198.5,1190.7,15406,1198.5,1198.5,1198.5,18463904.7,18463904.7,18463904.7,,3,SUR,0.0,
TQBR,2014-04-10,ÔמסÀדנמ אמ,PHOR,706,36507192.6,1195.3,1195.3,1262.5,1250.0,1216.9,1250.0,30001,1216.9,1216.9,1216.9,36507192.6,36507192.6,36507192.6,,3,SUR,0.0,
TQBR,2014-04-11,ÔמסÀדנמ אמ,PHOR,511,24143777.6,1238.5,1221.2,1259.8,1250.0,1245.2,1250.0,19390,1245.2,1245.2,1245.2,24143777.6,24143777.6,24143777.6,,3,SUR,0.0,
TQBR,2014-04-14,ÔמסÀדנמ אמ,PHOR,195,1711088.8,1248.0,1230.0,1262.2,1248.9,1245.3,1241.8,1374,1245.3,1245.3,1245.3,1711088.8,1711088.8,1711088.8,,3,SUR,0.0,
TQBR,2014-04-15,ÔמסÀדנמ אמ,PHOR,105,3243574.7,1233.3,1231.9,1249.9,1244.3,1241.3,1244.3,2613,1241.4,1241.4,1241.4,3215208.8,3215208.8,3215208.8,,3,SUR,0.0,
TQBR,2014-04-16,ÔמסÀדנמ אמ,PHOR,231,5079417.5,1243.4,1235.0,1259.8,1250.7,1247.1,1250.7,4073,1247.1,1247.1,1247.1,5079417.5,5079417.5,5079417.5,,3,SUR,0.0,
TQBR,2014-04-17,ÔמסÀדנמ אמ,PHOR,407,11920373.2,1242.1,1240.2,1262.0,1249.2,1251.0,1255.0,9529,1251.0,1251.0,1251.0,11920373.2,11920373.2,11920373.2,,3,SUR,0.0,
TQBR,2014-04-18,ÔמסÀדנמ אמ,PHOR,157,2266148.3,1276.2,1260.0,1312.9,1266.0,1273.8,1266.0,1779,1273.8,1273.8,1273.8,2266148.3,2266148.3,2266148.3,,3,SUR,0.0,
TQBR,2014-04-21,ÔמסÀדנמ אמ,PHOR,63,645794.0,1270.0,1262.5,1275.0,1265.0,1266.3,1265.0,510,1266.3,1266.3,1266.3,645794.0,645794.0,645794.0,,3,SUR,0.0,
TQBR,2014-04-22,ÔמסÀדנמ אמ,PHOR,1060,7811430.8,1245.9,1216.0,1268.0,1252.1,1241.5,1252.1,6292,1241.5,1241.5,1241.5,7811430.8,7811430.8,7811430.8,,3,SUR,0.0,
TQBR,2014-04-23,ÔמסÀדנמ אמ,PHOR,929,6593166.4,1245.5,1230.2,1276.7,1257.8,1240.0,1257.8,5317,1240.0,1240.0,1240.0,6591920.9,6591920.9,6591920.9,,3,SUR,0.0,
TQBR,2014-04-24,ÔמסÀדנמ אמ,PHOR,1439,23233659.9,1244.9,1240.1,1326.6,1249.4,1274.1,1249.4,18235,1274.1,1274.1,1274.1,23233659.9,23233659.9,23233659.9,,3,SUR,0.0,
TQBR,2014-04-25,ÔמסÀדנמ אמ,PHOR,587,25499469.7,1259.6,1215.1,1294.5,1258.0,1273.3,1258.0,20027,1273.3,1273.3,1273.3,25499469.7,25499469.7,25499469.7,,3,SUR,0.0,
TQBR,2014-04-28,ÔמסÀדנמ אמ,PHOR,334,5809817.4,1244.7,1236.9,1274.8,1262.3,1255.1,1262.3,4629,1255.1,1255.1,1255.1,5809817.4,5809817.4,5809817.4,,3,SUR,0.0,
TQBR,2014-04-29,ÔמסÀדנמ אמ,PHOR,493,5408721.9,1277.1,1225.0,1294.4,1247.7,1251.4,1247.7,4322,1251.4,1251.4,1251.4,5408721.9,5408721.9,5408721.9,,3,SUR,0.0,
TQBR,2014-04-30,ÔמסÀדנמ אמ,PHOR,152,846322.2,1246.9,1245.6,1270.0,1250.3,1253.8,1250.3,675,1253.8,1253.8,1253.8,846322.2,846322.2,846322.2,,3,SUR,0.0,
TQBR,2014-05-02,ÔמסÀדנמ אמ,PHOR,31,126708.7,1250.0,1238.1,1257.7,1240.0,1242.2,1240.0,102,,1248.4,,0.0,506863.4,0.0,,3,SUR,0.0,
TQBR,2014-05-05,ÔמסÀדנמ אמ,PHOR,44,153721.0,1242.3,1234.0,1253.6,1234.9,1239.7,1243.2,124,,1245.3,,0.0,500594.7,0.0,,3,SUR,0.0,
TQBR,2014-05-06,ÔמסÀדנמ אמ,PHOR,135,1442379.4,1240.8,1225.0,1270.0,1254.7,1253.2,1254.7,1151,1253.2,1253.2,1253.2,1442379.4,1442379.4,1442379.4,,3,SUR,0.0,
TQBR,2014-05-07,ÔמסÀדנמ אמ,PHOR,228,1835771.4,1247.9,1225.1,1268.8,1261.3,1245.4,1268.8,1474,1245.4,1245.4,1245.4,1835771.4,1835771.4,1835771.4,,3,SUR,0.0,
TQBR,2014-05-08,ÔמסÀדנמ אמ,PHOR,249,3106415.7,1250.0,1240.0,1300.0,1270.0,1258.7,1270.0,2468,1258.7,1258.7,1258.7,3106415.7,3106415.7,3106415.7,,3,SUR,0.0,
TQBR,2014-05-12,ÔמסÀדנמ אמ,PHOR,360,3021405.2,1270.0,1236.7,1310.0,1253.4,1266.8,1253.4,2385,1266.8,1266.8,1266.8,3021405.2,3021405.2,3021405.2,,3,SUR,0.0,
TQBR,2014-05-13,ÔמסÀדנמ אמ,PHOR,483,7775116.2,1264.9,1180.1,1264.9,1208.0,1217.5,1208.0,6386,1217.5,1217.5,1217.5,7775116.2,7775116.2,7775116.2,,3,SUR,0.0,
TQBR,2014-05-14,ÔמסÀדנמ אמ,PHOR,804,19041366.8,1210.0,1140.4,1229.3,1189.5,1171.0,1189.5,16261,1171.0,1171.0,1171.0,19041366.8,19041366.8,19041366.8,,3,SUR,0.0,
TQBR,2014-05-15,ÔמסÀדנמ אמ,PHOR,435,7196526.9,1184.0,1154.9,1193.9,1165.0,1175.9,1165.0,6120,1175.9,1175.9,1175.9,7196526.9,7196526.9,7196526.9,,3,SUR,0.0,
TQBR,2014-05-16,ÔמסÀדנמ אמ,PHOR,698,9613361.9,1159.5,1132.1,1170.4,1151.4,1150.9,1151.4,8353,1150.9,1150.9,1150.9,9613361.9,9613361.9,9613361.9,,3,SUR,0.0,
TQBR,2014-05-19,ÔמסÀדנמ אמ,PHOR,615,11142327.2,1154.2,1148.7,1178.0,1175.8,1168.9,1175.8,9532,1168.9,1168.9,1168.9,11142327.2,11142327.2,11142327.2,,3,SUR,0.0,
TQBR,2014-05-20,ÔמסÀדנמ אמ,PHOR,482,4454393.3,1183.8,1161.0,1183.8,1166.7,1173.1,1166.7,3797,1173.1,1173.1,1173.1,4454393.3,4454393.3,4454393.3,,3,SUR,0.0,
TQBR,2014-05-21,ÔמסÀדנמ אמ,PHOR,503,7664983.5,1168.3,1155.0,1189.7,1174.0,1166.3,1174.0,6572,1166.3,1166.3,1166.3,7627597.9,7627597.9,7627597.9,,3,SUR,0.0,
TQBR,2014-05-22,ÔמסÀדנמ אמ,PHOR,253,1652426.8,1169.8,1151.5,1172.3,1164.4,1162.0,1164.4,1422,1162.0,1162.0,1162.0,1652426.8,1652426.8,1652426.8,,3,SUR,0.0,
TQBR,2014-05-23,ÔמסÀדנמ אמ,PHOR,576,8671680.8,1169.1,1150.7,1180.7,1161.4,1161.6,1161.4,7465,1161.5,1161.5,1161.5,8554770.8,8554770.8,8554770.8,,3,SUR,0.0,
TQBR,2014-05-26,ÔמסÀדנמ אמ,PHOR,218,1143991.1,1151.9,1150.0,1160.1,1155.2,1154.4,1155.0,991,1154.4,1154.4,1154.4,1143991.1,1143991.1,1143991.1,,3,SUR,0.0,
TQBR,2014-05-27,ÔמסÀדנמ אמ,PHOR,419,7536903.3,1233.5,1140.3,1233.5,1164.7,1149.4,1164.7,6557,1149.4,1149.4,1149.4,7533202.8,7533202.8,7533202.8,,3,SUR,0.0,
TQBR,2014-05-28,ÔמסÀדנמ אמ,PHOR,174,2146718.5,1161.9,1155.1,1169.4,1158.7,1162.9,1155.1,1846,1162.9,1162.9,1162.9,2146718.5,2146718.5,2146718.5,,3,SUR,0.0,
TQBR,2014-05-29,ÔמסÀדנמ אמ,PHOR,289,3499120.3,1167.6,1160.0,1195.2,1184.6,1176.2,1183.1,2975,1176.2,1176.2,1176.2,3499120.3,3499120.3,3499120.3,,3,SUR,0.0,
TQBR,2014-05-30,ÔמסÀדנמ אמ,PHOR,342,5814988.3,1194.2,1187.2,1214.0,1214.0,1205.2,1214.0,4825,1205.2,1205.2,1205.2,5814988.3,5814988.3,5814988.3,,3,SUR,0.0,
TQBR,2014-06-02,ÔמסÀדנמ אמ,PHOR,648,15387275.7,1216.0,1216.0,1250.0,1247.3,1234.6,1247.8,12463,1234.6,1234.6,1234.6,15386059.7,15386059.7,15386059.7,,3,SUR,0.0,
TQBR,2014-06-03,ÔמסÀדנמ אמ,PHOR,659,4329268.5,1244.6,1218.1,1248.7,1227.2,1231.7,1227.2,3515,1231.3,1231.3,1231.3,4204808.5,4204808.5,4204808.5,,3,SUR,0.0,
TQBR,2014-06-04,ÔמסÀדנמ אמ,PHOR,450,2864813.2,1227.2,1195.4,1231.1,1208.0,1210.3,1208.0,2367,1210.3,1210.3,1210.3,2864813.2,2864813.2,2864813.2,,3,SUR,0.0,
TQBR,2014-06-05,ÔמסÀדנמ אמ,PHOR,616,2855429.6,1198.1,1180.3,1207.9,1189.2,1189.8,1189.2,2400,1189.8,1189.8,1189.8,2855429.6,2855429.6,2855429.6,,3,SUR,0.0,
TQBR,2014-06-06,ÔמסÀדנמ אמ,PHOR,734,8523542.7,1191.2,1155.6,1192.6,1185.0,1173.1,1186.9,7266,1173.1,1173.1,1173.1,8523542.7,8523542.7,8523542.7,,3,SUR,0.0,
TQBR,2014-06-09,ÔמסÀדנמ אמ,PHOR,302,1943883.3,1190.0,1160.1,1190.0,1170.5,1172.4,1170.5,1658,1172.4,1172.4,1172.4,1943883.3,1943883.3,1943883.3,,3,SUR,-1.38,
TQBR,2014-06-10,ÔמסÀדנמ אמ,PHOR,534,5299616.0,1169.9,1168.0,1189.6,1176.6,1175.6,1180.6,4508,1175.6,1175.6,1175.6,5299616.0,5299616.0,5299616.0,,3,SUR,0.86,
TQBR,2014-06-11,ÔמסÀדנמ אמ,PHOR,618,4296119.4,1180.5,1168.0,1185.0,1185.0,1180.3,1185.0,3640,1180.3,1180.3,1180.3,4296119.4,4296119.4,4296119.4,,3,SUR,0.37,
TQBR,2014-06-16,ÔמסÀדנמ אמ,PHOR,2987,48411594.4,1186.5,1125.5,1306.9,1220.2,1232.3,1220.2,39285,1232.4,1232.4,1232.4,48281079.4,48281079.4,48281079.4,,3,SUR,2.97,
TQBR,2014-06-17,ÔמסÀדנמ אמ,PHOR,856,9020974.9,1210.0,1190.1,1219.3,1202.0,1202.0,1202.0,7505,1202.0,1202.0,1202.0,9020974.9,9020974.9,9020974.9,,3,SUR,-1.49,
TQBR,2014-06-18,ÔמסÀדנמ אמ,PHOR,405,5882235.7,1208.6,1191.2,1230.0,1191.2,1210.3,1191.2,4860,1210.3,1210.3,1210.3,5882235.7,5882235.7,5882235.7,,3,SUR,-0.9,
TQBR,2014-06-19,ÔמסÀדנמ אמ,PHOR,1240,12885841.0,1194.0,1177.6,1238.8,1220.9,1216.1,1220.9,10596,1216.1,1216.1,1216.1,12885841.0,12885841.0,12885841.0,,3,SUR,2.49,
TQBR,2014-06-20,ÔמסÀדנמ אמ,PHOR,579,7985096.1,1225.2,1222.8,1254.0,1237.8,1242.0,1237.8,6429,1242.0,1242.0,1242.0,7985096.1,7985096.1,7985096.1,,3,SUR,1.38,
TQBR,2014-06-23,ÔמסÀדנמ אמ,PHOR,790,10774053.5,1224.3,1217.9,1252.1,1224.0,1233.4,1224.0,8735,1233.4,1233.4,1233.4,10758137.6,10758137.6,10758137.6,,3,SUR,-1.11,
TQBR,2014-06-24,ÔמסÀדנמ אמ,PHOR,878,14909211.2,1229.5,1218.8,1242.9,1230.1,1237.5,1230.1,12048,1237.5,1237.5,1237.5,14909211.2,14909211.2,14909211.2,,3,SUR,0.5,
TQBR,2014-06-25,ÔמסÀדנמ אמ,PHOR,796,9957853.0,1228.6,1212.6,1257.9,1240.0,1241.2,1240.0,8023,1241.2,1241.2,1241.2,9957853.0,9957853.0,9957853.0,,3,SUR,0.8,
TQBR,2014-06-26,ÔמסÀדנמ אמ,PHOR,189,1614480.2,1250.0,1224.0,1257.5,1242.4,1241.9,1242.4,1300,1241.9,1241.9,1241.9,1614480.2,1614480.2,1614480.2,,3,SUR,0.19,
TQBR,2014-06-27,ÔמסÀדנמ אמ,PHOR,202,2244936.3,1238.4,1228.5,1260.0,1242.3,1241.0,1242.3,1809,1241.0,1241.0,1241.0,2244936.3,2244936.3,2244936.3,,3,SUR,-0.01,
TQBR,2014-06-30,ÔמסÀדנמ אמ,PHOR,176,1658100.9,1242.4,1241.4,1272.0,1272.0,1257.1,1272.0,1319,1257.1,1257.1,1257.1,1658100.9,1658100.9,1658100.9,,3,SUR,2.39,
TQBR,2014-07-01,ÔמסÀדנמ אמ,PHOR,345,6890170.1,1270.0,1264.6,1318.9,1314.3,1298.1,1314.3,5308,1298.1,1298.1,1298.1,6890170.1,6890170.1,6890170.1,,3,SUR,3.33,
TQBR,2014-07-02,ÔמסÀדנמ אמ,PHOR,615,6965523.1,1329.8,1295.3,1336.4,1328.1,1316.2,1323.9,5292,1316.2,1316.2,1316.2,6965523.1,6965523.1,6965523.1,,3,SUR,0.73,
TQBR,2014-07-03,ÔמסÀדנמ אמ,PHOR,306,4819622.7,1320.3,1291.6,1332.2,1314.0,1311.1,1314.0,3676,1311.1,1311.1,1311.1,4819622.7,4819622.7,4819622.7,,3,SUR,-0.75,
TQBR,2014-07-04,ÔמסÀדנמ אמ,PHOR,209,3316881.5,1329.5,1302.5,1340.0,1302.5,1320.4,1302.5,2512,1320.4,1320.4,1320.4,3316881.5,3316881.5,3316881.5,,3,SUR,-0.88,
TQBR,2014-07-07,ÔמסÀדנמ אמ,PHOR,400,6707926.4,1313.4,1313.0,1350.0,1338.0,1333.6,1338.0,5030,1333.6,1333.6,1333.6,6707926.4,6707926.4,6707926.4,,3,SUR,2.73,
TQBR,2014-07-08,ÔמסÀדנמ אמ,PHOR,314,16296611.1,1338.0,1338.0,1360.0,1345.0,1346.7,1345.0,12101,1346.7,1346.7,1346.7,16296611.1,16296611.1,16296611.1,,3,SUR,0.52,
TQBR,2014-07-09,ÔמסÀדנמ אמ,PHOR,626,5872633.4,1343.8,1276.6,1343.8,1323.9,1307.9,1323.9,4490,1307.9,1307.9,1307.9,5872633.4,5872633.4,5872633.4,,3,SUR,-1.57,
TQBR,2014-07-10,ÔמסÀדנמ אמ,PHOR,817,7454267.5,1329.2,1263.4,1329.2,1309.6,1290.8,1309.6,5775,1290.8,1290.8,1290.8,7454267.5,7454267.5,7454267.5,,3,SUR,-1.08,
TQBR,2014-07-11,ÔמסÀדנמ אמ,PHOR,123,896932.0,1311.0,1299.9,1329.0,1305.2,1313.2,1305.2,683,1313.2,1313.2,1313.2,896932.0,896932.0,896932.0,,3,SUR,-0.34,
TQBR,2014-07-14,ÔמסÀדנמ אמ,PHOR,493,5097135.4,1319.8,1280.3,1333.2,1296.3,1299.0,1296.3,3924,1299.0,1299.0,1299.0,5097135.4,5097135.4,5097135.4,,3,SUR,-0.68,
TQBR,2014-07-15,ÔמסÀדנמ אמ,PHOR,236,3127624.1,1299.7,1275.0,1300.2,1285.0,1287.1,1285.0,2430,1287.1,1287.1,1287.1,3127624.1,3127624.1,3127624.1,,3,SUR,-0.87,
TQBR,2014-07-16,ÔמסÀדנמ אמ,PHOR,297,5214579.2,1289.8,1289.8,1327.0,1315.4,1317.1,1315.4,3959,1317.1,1317.1,1317.1,5214579.2,5214579.2,5214579.2,,3,SUR,2.37,
TQBR,2014-07-17,ÔמסÀדנמ אמ,PHOR,272,3318198.0,1313.5,1299.2,1331.0,1317.5,1314.7,1318.9,2524,1314.7,1314.7,1314.7,3318198.0,3318198.0,3318198.0,,3,SUR,0.27,
TQBR,2014-07-18,ÔמסÀדנמ אמ,PHOR,229,2218928.7,1311.2,1296.3,1329.2,1309.4,1309.1,1309.4,1695,1309.1,1309.1,1309.1,2218928.7,2218928.7,2218928.7,,3,SUR,-0.72,
TQBR,2014-07-21,ÔמסÀדנמ אמ,PHOR,373,5258584.3,1305.9,1270.0,1322.6,1281.7,1296.2,1281.7,4057,1296.2,1296.2,1296.2,5258584.3,5258584.3,5258584.3,,3,SUR,-2.12,
TQBR,2014-07-22,ÔמסÀדנמ אמ,PHOR,438,5186047.6,1292.9,1268.0,1325.2,1290.1,1296.8,1290.1,3999,1296.8,1296.8,1296.8,5186047.6,5186047.6,5186047.6,,3,SUR,0.66,
TQBR,2014-07-23,ÔמסÀדנמ אמ,PHOR,492,10880152.9,1271.9,1270.0,1323.0,1305.2,1294.0,1305.2,8408,1294.0,1294.0,1294.0,10880152.9,10880152.9,10880152.9,,3,SUR,1.17,
TQBR,2014-07-24,ÔמסÀדנמ אמ,PHOR,90,914355.8,1307.8,1299.0,1320.8,1314.3,1313.7,1314.3,696,1313.7,1313.7,1313.7,914355.8,914355.8,914355.8,,3,SUR,0.7,
TQBR,2014-07-25,ÔמסÀדנמ אמ,PHOR,134,1510908.9,1314.6,1312.0,1331.3,1318.7,1323.0,1318.7,1142,1323.0,1323.0,1323.0,1510908.9,1510908.9,1510908.9,,3,SUR,0.33,
TQBR,2014-07-28,ÔמסÀדנמ אמ,PHOR,143,2325718.2,1313.7,1295.9,1322.1,1317.1,1308.8,1317.1,1777,1308.8,1308.8,1308.8,2325718.2,2325718.2,2325718.2,,3,SUR,-0.12,
TQBR,2014-07-29,ÔמסÀדנמ אמ,PHOR,169,6640629.6,1323.2,1297.1,1330.0,1325.0,1323.4,1325.0,5018,1323.4,1323.4,1323.4,6640629.6,6640629.6,6640629.6,,3,SUR,0.6,
TQBR,2014-07-30,ÔמסÀדנמ אמ,PHOR,253,13185268.7,1330.0,1309.9,1345.0,1324.0,1329.8,1324.0,9915,1329.8,1329.8,1329.8,13185268.7,13185268.7,13185268.7,,3,SUR,-0.08,
TQBR,2014-07-31,ÔמסÀדנמ אמ,PHOR,120,3544815.2,1326.0,1309.4,1330.0,1330.0,1322.2,1330.0,2681,1322.2,1322.2,1322.2,3544815.2,3544815.2,3544815.2,,3,SUR,0.45,
TQBR,2014-08-01,ÔמסÀדנמ אמ,PHOR,136,4701507.3,1329.0,1316.2,1335.0,1324.4,1325.9,1324.4,3546,1325.9,1325.9,1325.9,4701507.3,4701507.3,4701507.3,,3,SUR,-0.42,
TQBR,2014-08-04,ÔמסÀדנמ אמ,PHOR,349,14922549.5,1317.1,1275.0,1340.0,1333.0,1329.0,1333.0,11228,1329.0,1329.0,1329.0,14922549.5,14922549.5,14922549.5,,3,SUR,0.65,
TQBR,2014-08-05,ÔמסÀדנמ אמ,PHOR,129,1476907.5,1332.8,1324.2,1348.4,1329.5,1334.2,1329.4,1107,1334.2,1334.2,1334.2,1476907.5,1476907.5,1476907.5,,3,SUR,-0.27,
TQBR,2014-08-06,ÔמסÀדנמ אמ,PHOR,144,4213449.8,1334.0,1310.3,1337.9,1330.5,1330.0,1332.9,3168,1330.0,1330.0,1330.0,4213449.8,4213449.8,4213449.8,,3,SUR,0.26,
TQBR,2014-08-07,ÔמסÀדנמ אמ,PHOR,364,4970470.4,1328.4,1303.0,1340.0,1339.9,1328.6,1339.9,3741,1328.6,1328.6,1328.6,4970470.4,4970470.4,4970470.4,,3,SUR,0.53,
TQBR,2014-08-08,ÔמסÀדנמ אמ,PHOR,515,7515798.3,1340.0,1303.4,1355.6,1327.4,1335.2,1329.1,5629,1335.2,1335.2,1335.2,7515798.3,7515798.3,7515798.3,,3,SUR,-0.81,
TQBR,2014-08-11,ÔמסÀדנמ אמ,PHOR,163,3026866.5,1339.9,1327.0,1350.0,1336.2,1341.7,1336.2,2256,1341.7,1341.7,1341.7,3026866.5,3026866.5,3026866.5,,3,SUR,0.53,
TQBR,2014-08-12,ÔמסÀדנמ אמ,PHOR,209,5206497.6,1330.4,1322.7,1349.0,1326.8,1339.5,1326.8,3887,1339.5,1339.5,1339.5,5206497.6,5206497.6,5206497.6,,3,SUR,-0.7,
TQBR,2014-08-13,ÔמסÀדנמ אמ,PHOR,352,2889310.1,1337.5,1320.0,1355.0,1321.9,1334.6,1321.9,2165,1334.6,1334.6,1334.6,2889310.1,2889310.1,2889310.1,,3,SUR,-0.37,
TQBR,2014-08-14,ÔמסÀדנמ אמ,PHOR,347,3169497.5,1321.0,1310.0,1334.6,1326.8,1319.0,1326.8,2403,1319.0,1319.0,1319.0,3169497.5,3169497.5,3169497.5,,3,SUR,0.37,
TQBR,2014-08-15,ÔמסÀדנמ אמ,PHOR,212,3390291.6,1330.0,1301.2,1337.7,1301.2,1311.0,1301.2,2586,1311.0,1311.0,1311.0,3390291.6,3390291.6,3390291.6,,3,SUR,-1.93,
TQBR,2014-08-18,ÔמסÀדנמ אמ,PHOR,272,3376008.1,1289.4,1280.0,1317.1,1282.9,1295.5,1282.9,2606,1295.5,1295.5,1295.5,3370850.5,3370850.5,3370850.5,,3,SUR,-1.41,
TQBR,2014-08-19,ÔמסÀדנמ אמ,PHOR,361,9701725.6,1289.3,1279.8,1304.8,1295.3,1296.2,1295.3,7485,1296.2,1296.2,1296.2,9701725.6,9701725.6,9701725.6,,3,SUR,0.97,
TQBR,2014-08-20,ÔמסÀדנמ אמ,PHOR,278,6405754.7,1301.4,1299.0,1332.0,1323.5,1312.4,1323.2,4881,1312.4,1312.4,1312.4,6405754.7,6405754.7,6405754.7,,3,SUR,2.15,
TQBR,2014-08-21,ÔמסÀדנמ אמ,PHOR,367,13006451.0,1329.7,1329.7,1350.1,1332.0,1342.5,1332.0,9688,1342.5,1342.5,1342.5,13006451.0,13006451.0,13006451.0,,3,SUR,0.67,
TQBR,2014-08-22,ÔמסÀדנמ אמ,PHOR,455,8542211.3,1331.7,932.0,1341.9,1312.0,1277.1,1312.0,6689,1277.1,1277.1,1277.1,8542211.3,8542211.3,8542211.3,,3,SUR,-1.5,
TQBR,2014-08-25,ÔמסÀדנמ אמ,PHOR,167,2159971.8,1320.0,1303.1,1332.1,1320.0,1311.5,1320.0,1647,1311.5,1311.5,1311.5,2159971.8,2159971.8,2159971.8,,3,SUR,0.61,
TQBR,2014-08-26,ÔמסÀדנמ אמ,PHOR,1050,14856701.4,1323.1,1269.0,1323.1,1275.2,1289.5,1275.2,11521,1289.5,1289.5,1289.5,14856701.4,14856701.4,14856701.4,,3,SUR,-3.39,
TQBR,2014-08-27,ÔמסÀדנמ אמ,PHOR,776,13478565.1,1260.8,1100.0,1330.0,1300.1,1282.3,1303.6,10511,1282.4,1282.4,1282.4,13421829.1,13421829.1,13421829.1,,3,SUR,2.23,
TQBR,2014-08-28,ÔמסÀדנמ אמ,PHOR,1573,14704050.0,1308.8,1271.0,1319.6,1274.1,1287.3,1274.1,11422,1287.3,1287.3,1287.3,14704050.0,14704050.0,14704050.0,,3,SUR,-2.26,
TQBR,2014-08-29,ÔמסÀדנמ אמ,PHOR,515,9812502.6,1272.5,1262.1,1310.0,1263.0,1286.9,1263.0,7625,1286.9,1286.9,1286.9,9812502.6,9812502.6,9812502.6,,3,SUR,-0.87,
TQBR,2014-09-01,ÔמסÀדנמ אמ,PHOR,1061,8785475.8,1261.2,1205.1,1281.2,1217.0,1234.8,1217.0,7115,1234.8,1234.8,1234.8,8785475.8,8785475.8,8785475.8,,3,SUR,-3.64,
TQBR,2014-09-02,ÔמסÀדנמ אמ,PHOR,1084,19693563.4,1225.9,1200.0,1238.3,1216.4,1217.1,1218.6,16181,1217.1,1217.1,1217.1,19693563.4,19693563.4,19693563.4,,3,SUR,0.13,
TQBR,2014-09-03,ÔמסÀדנמ אמ,PHOR,1453,15629675.9,1214.5,1212.9,1300.0,1291.4,1280.3,1292.0,12208,1280.3,1280.3,1280.3,15629675.9,15629675.9,15629675.9,,3,SUR,6.02,
TQBR,2014-09-04,ÔמסÀדנמ אמ,PHOR,470,4730326.3,1298.1,1249.0,1298.1,1253.2,1266.8,1253.2,3734,1266.8,1266.8,1266.8,4730326.3,4730326.3,4730326.3,,3,SUR,-3.0,
TQBR,2014-09-05,ÔמסÀדנמ אמ,PHOR,467,5143492.4,1249.6,1242.4,1274.8,1267.9,1256.0,1267.7,4095,1256.0,1256.0,1256.0,5139743.6,5139743.6,5139743.6,,3,SUR,1.16,
TQBR,2014-09-08,ÔמסÀדנמ אמ,PHOR,718,8848757.1,1265.4,1260.5,1297.4,1270.1,1286.7,1270.1,6877,1286.7,1286.7,1286.7,8848757.1,8848757.1,8848757.1,,3,SUR,0.19,
TQBR,2014-09-09,ÔמסÀדנמ אמ,PHOR,413,5271629.3,1279.4,1270.2,1295.0,1276.9,1282.6,1276.9,4110,1282.6,1282.6,1282.6,5271629.3,5271629.3,5271629.3,,3,SUR,0.54,
TQBR,2014-09-10,ÔמסÀדנמ אמ,PHOR,418,5892676.9,1275.7,1273.0,1292.9,1273.9,1283.0,1273.9,4593,1283.0,1283.0,1283.0,5892676.9,5892676.9,5892676.9,,3,SUR,-0.23,
TQBR,2014-09-11,ÔמסÀדנמ אמ,PHOR,1056,22224928.1,1288.1,1251.3,1299.5,1255.0,1279.6,1255.0,17369,1279.6,1279.6,1279.6,22224928.1,22224928.1,22224928.1,,3,SUR,-1.48,
TQBR,2014-09-12,ÔמסÀדנמ אמ,PHOR,232,4524308.2,1254.4,1252.1,1287.7,1282.4,1275.5,1282.0,3547,1275.5,1275.5,1275.5,4524308.2,4524308.2,4524308.2,,3,SUR,2.15,
TQBR,2014-09-15,ÔמסÀדנמ אמ,PHOR,3549,62799211.3,1294.5,1257.7,1317.1,1298.0,1287.6,1298.0,48774,1287.5,1287.5,1287.5,62750020.3,62750020.3,62750020.3,,3,SUR,1.25,
TQBR,2014-09-16,ÔמסÀדנמ אמ,PHOR,1585,48200571.1,1299.7,1298.2,1369.0,1361.7,1343.3,1361.7,35881,1343.4,1343.4,1343.4,48173277.4,48173277.4,48173277.4,,3,SUR,4.91,
TQBR,2014-09-17,ÔמסÀדנמ אמ,PHOR,888,32464632.2,1366.6,1331.2,1649.8,1352.4,1362.7,1352.4,23824,1362.7,1362.7,1362.7,32409968.2,32409968.2,32409968.2,,3,SUR,-0.68,
TQBR,2014-09-18,ÔמסÀדנמ אמ,PHOR,1028,41183643.9,1359.8,1331.0,1410.0,1375.0,1381.0,1375.0,29821,1381.0,1381.0,1381.0,41183643.9,41183643.9,41183643.9,,3,SUR,1.67,
TQBR,2014-09-19,ÔמסÀדנמ אמ,PHOR,1376,17238803.7,1375.2,1357.0,1417.0,1402.1,1393.9,1400.0,12367,1393.9,1393.9,1393.9,17238803.7,17238803.7,17238803.7,,3,SUR,1.82,
TQBR,2014-09-22,ÔמסÀדנמ אמ,PHOR,1189,27514280.2,1405.0,1333.7,1411.9,1347.0,1360.5,1347.0,20223,1360.5,1360.5,1360.5,27465105.2,27465105.2,27465105.2,,3,SUR,-3.79,
TQBR,2014-09-23,ÔמסÀדנמ אמ,PHOR,1141,27835418.1,1350.3,1325.0,1379.7,1366.0,1360.3,1366.0,20463,1360.3,1360.3,1360.3,27835418.1,27835418.1,27835418.1,,3,SUR,1.41,
TQBR,2014-09-24,ÔמסÀדנמ אמ,PHOR,1012,18044663.8,1369.0,1340.2,1377.7,1351.0,1356.3,1351.0,13304,1356.3,1356.3,1356.3,18044663.8,18044663.8,18044663.8,,3,SUR,-1.1,
TQBR,2014-09-25,ÔמסÀדנמ אמ,PHOR,955,18991218.6,1349.2,1331.4,1373.0,1335.0,1348.9,1335.0,14079,1348.9,1348.9,1348.9,18970980.6,18970980.6,18970980.6,,3,SUR,-1.18,
TQBR,2014-09-26,ÔמסÀדנמ אמ,PHOR,488,8805630.7,1317.7,1299.0,1333.9,1305.0,1308.6,1305.0,6729,1308.6,1308.6,1308.6,8789818.3,8789818.3,8789818.3,,3,SUR,-2.25,
TQBR,2014-09-29,ÔמסÀדנמ אמ,PHOR,709,8663416.5,1303.1,1300.0,1321.2,1302.0,1309.7,1302.0,6615,1309.7,1309.7,1309.7,8624323.5,8624323.5,8624323.5,,3,SUR,-0.23,
TQBR,2014-09-30,ÔמסÀדנמ אמ,PHOR,572,10221355.7,1301.7,1300.0,1337.0,1320.5,1315.0,1323.4,7773,1315.0,1315.0,1315.0,10221355.7,10221355.7,10221355.7,,3,SUR,1.64,
TQBR,2014-10-01,ÔמסÀדנמ אמ,PHOR,382,11243018.0,1306.0,1299.0,1323.0,1302.0,1305.0,1302.0,8618,1305.0,1305.0,1305.0,11243018.0,11243018.0,11243018.0,,3,SUR,-1.62,
TQBR,2014-10-02,ÔמסÀדנמ אמ,PHOR,131,3947091.0,1301.0,1297.0,1308.0,1300.0,1300.0,1300.0,3037,1300.0,1300.0,1300.0,3947091.0,3947091.0,3947091.0,,3,SUR,-0.15,
TQBR,2014-10-03,ÔמסÀדנמ אמ,PHOR,392,6346146.0,1301.0,1286.0,1321.0,1305.0,1307.0,1312.0,4854,1307.0,1307.0,1307.0,6346146.0,6346146.0,6346146.0,,3,SUR,0.92,
TQBR,2014-10-06,ÔמסÀדנמ אמ,PHOR,256,6933097.0,1314.0,1310.0,1342.0,1312.0,1326.0,1312.0,5230,1326.0,1326.0,1326.0,6933097.0,6933097.0,6933097.0,,3,SUR,0.0,
TQBR,2014-10-07,ÔמסÀדנמ אמ,PHOR,465,9066694.0,1321.0,1312.0,1328.0,1325.0,1321.0,1327.0,6865,1321.0,1321.0,1321.0,9066694.0,9066694.0,9066694.0,,3,SUR,1.14,
TQBR,2014-10-08,ÔמסÀדנמ אמ,PHOR,153,3955520.0,1312.0,1305.0,1320.0,1317.0,1313.0,1319.0,3012,1313.0,1313.0,1313.0,3955520.0,3955520.0,3955520.0,,3,SUR,-0.6,
TQBR,2014-10-09,ÔמסÀדנמ אמ,PHOR,782,17861353.0,1325.0,1315.0,1359.0,1341.0,1344.0,1341.0,13292,1344.0,1344.0,1344.0,17861353.0,17861353.0,17861353.0,,3,SUR,1.67,
TQBR,2014-10-10,ÔמסÀדנמ אמ,PHOR,503,7309922.0,1323.0,1310.0,1368.0,1310.0,1347.0,1310.0,5428,1347.0,1347.0,1347.0,7309922.0,7309922.0,7309922.0,,3,SUR,-2.31,
TQBR,2014-10-13,ÔמסÀדנמ אמ,PHOR,824,23266935.0,1345.0,1339.0,1399.0,1385.0,1375.0,1385.0,16927,1375.0,1375.0,1375.0,23132435.0,23132435.0,23132435.0,,3,SUR,5.73,
TQBR,2014-10-14,ÔמסÀדנמ אמ,PHOR,243,2887455.0,1393.0,1341.0,1393.0,1347.0,1369.0,1347.0,2109,1369.0,1369.0,1369.0,2879097.0,2879097.0,2879097.0,,3,SUR,-2.74,
TQBR,2014-10-15,ÔמסÀדנמ אמ,PHOR,515,11693697.0,1350.0,1300.0,1356.0,1303.0,1316.0,1303.0,8885,1316.0,1316.0,1316.0,11693697.0,11693697.0,11693697.0,,3,SUR,-3.27,
TQBR,2014-10-16,ÔמסÀדנמ אמ,PHOR,742,12502726.0,1305.0,1296.0,1320.0,1320.0,1307.0,1320.0,9564,1307.0,1307.0,1307.0,12372226.0,12372226.0,12372226.0,,3,SUR,1.3,
TQBR,2014-10-17,ÔמסÀדנמ אמ,PHOR,764,8797138.0,1321.0,1315.0,1368.0,1322.0,1338.0,1322.0,6573,1338.0,1338.0,1338.0,8797138.0,8797138.0,8797138.0,,3,SUR,0.15,
TQBR,2014-10-20,ÔמסÀדנמ אמ,PHOR,415,4402823.0,1323.0,1319.0,1352.0,1337.0,1342.0,1337.0,3281,1342.0,1342.0,1342.0,4401500.0,4401500.0,4401500.0,,3,SUR,1.13,
TQBR,2014-10-21,ÔמסÀדנמ אמ,PHOR,492,6878711.0,1333.0,1327.0,1400.0,1361.0,1365.0,1361.0,5039,1365.0,1365.0,1365.0,6878711.0,6878711.0,6878711.0,,3,SUR,1.8,
TQBR,2014-10-22,ÔמסÀדנמ אמ,PHOR,663,6582408.0,1370.0,1325.0,1374.0,1326.0,1340.0,1326.0,4914,1340.0,1340.0,1340.0,6582408.0,6582408.0,6582408.0,,3,SUR,-2.57,
TQBR,2014-10-23,ÔמסÀדנמ אמ,PHOR,327,3422920.0,1338.0,1330.0,1360.0,1358.0,1341.0,1359.0,2553,1341.0,1341.0,1341.0,3422920.0,3422920.0,3422920.0,,3,SUR,2.49,
TQBR,2014-10-24,ÔמסÀדנמ אמ,PHOR,302,3526557.0,1351.0,1320.0,1360.0,1343.0,1336.0,1343.0,2639,1336.0,1336.0,1336.0,3526557.0,3526557.0,3526557.0,,3,SUR,-1.18,
TQBR,2014-10-27,ÔמסÀדנמ אמ,PHOR,300,4874591.0,1349.0,1349.0,1371.0,1363.0,1361.0,1362.0,3581,1361.0,1361.0,1361.0,4874591.0,4874591.0,4874591.0,,3,SUR,1.41,
TQBR,2014-10-28,ÔמסÀדנמ אמ,PHOR,473,11767046.0,1360.0,1333.0,1389.0,1350.0,1372.0,1351.0,8579,1372.0,1372.0,1372.0,11767046.0,11767046.0,11767046.0,,3,SUR,-0.81,
TQBR,2014-10-29,ÔמסÀדנמ אמ,PHOR,491,12236202.0,1351.0,1333.0,1358.0,1336.0,1344.0,1336.0,9107,1344.0,1344.0,1344.0,12236202.0,12236202.0,12236202.0,,3,SUR,-1.11,
TQBR,2014-10-30,ÔמסÀדנמ אמ,PHOR,1038,25485157.0,1343.0,1321.0,1394.0,1360.0,1353.0,1360.0,18839,1353.0,1353.0,1353.0,25485157.0,25485157.0,25485157.0,,3,SUR,1.8,
TQBR,2014-10-31,ÔמסÀדנמ אמ,PHOR,489,18989473.0,1351.0,1342.0,1372.0,1371.0,1368.0,1371.0,13878,1368.0,1368.0,1368.0,18989473.0,18989473.0,18989473.0,,3,SUR,0.81,
TQBR,2014-11-03,ÔמסÀדנמ אמ,PHOR,628,9026113.0,1366.0,1321.0,1397.0,1344.0,1358.0,1344.0,6648,1358.0,1358.0,1358.0,9026113.0,9026113.0,9026113.0,,3,SUR,-1.97,
TQBR,2014-11-05,ÔמסÀדנמ אמ,PHOR,567,10439815.0,1338.0,1336.0,1395.0,1393.0,1370.0,1393.0,7623,1370.0,1370.0,1370.0,10399675.0,10399675.0,10399675.0,,3,SUR,3.65,
TQBR,2014-11-06,ÔמסÀדנמ אמ,PHOR,596,16031917.0,1395.0,1395.0,1451.0,1448.0,1430.0,1448.0,11212,1430.0,1430.0,1430.0,16031917.0,16031917.0,16031917.0,,3,SUR,3.95,
TQBR,2014-11-07,ÔמסÀדנמ אמ,PHOR,873,18172340.0,1450.0,1410.0,1510.0,1460.0,1478.0,1460.0,12293,1478.0,1478.0,1478.0,18172340.0,18172340.0,18172340.0,,3,SUR,0.83,
TQBR,2014-11-10,ÔמסÀדנמ אמ,PHOR,452,12472781.0,1459.0,1408.0,1460.0,1449.0,1424.0,1449.0,8761,1424.0,1424.0,1424.0,12472781.0,12472781.0,12472781.0,,3,SUR,-0.75,
TQBR,2014-11-11,ÔמסÀדנמ אמ,PHOR,351,15765794.0,1447.0,1447.0,1500.0,1490.0,1486.0,1490.0,10607,1486.0,1486.0,1486.0,15765794.0,15765794.0,15765794.0,,3,SUR,2.83,
TQBR,2014-11-12,ÔמסÀדנמ אמ,PHOR,346,9181194.0,1490.0,1476.0,1537.0,1500.0,1507.0,1503.0,6093,1507.0,1507.0,1507.0,9181194.0,9181194.0,9181194.0,,3,SUR,0.87,
TQBR,2014-11-13,ÔמסÀדנמ אמ,PHOR,225,10570674.0,1459.0,1450.0,1524.0,1450.0,1500.0,1450.0,7045,1500.0,1500.0,1500.0,10567756.0,10567756.0,10567756.0,,3,SUR,-3.53,
TQBR,2014-11-14,ÔמסÀדנמ אמ,PHOR,253,6565501.0,1438.0,1438.0,1489.0,1481.0,1470.0,1481.0,4465,1471.0,1471.0,1471.0,6546807.0,6546807.0,6546807.0,,3,SUR,2.14,
TQBR,2014-11-17,ÔמסÀדנמ אמ,PHOR,210,6954425.0,1482.0,1461.0,1499.0,1478.0,1487.0,1478.0,4678,1487.0,1487.0,1487.0,6954425.0,6954425.0,6954425.0,,3,SUR,-0.2,
TQBR,2014-11-18,ÔמסÀדנמ אמ,PHOR,430,7891200.0,1481.0,1452.0,1495.0,1491.0,1474.0,1491.0,5354,1474.0,1474.0,1474.0,7891200.0,7891200.0,7891200.0,,3,SUR,0.88,
TQBR,2014-11-19,ÔמסÀדנמ אמ,PHOR,848,24108233.0,1500.0,1473.0,1545.0,1527.0,1512.0,1527.0,15942,1512.0,1512.0,1512.0,24063233.0,24063233.0,24063233.0,,3,SUR,2.41,
TQBR,2014-11-20,ÔמסÀדנמ אמ,PHOR,1002,22644587.0,1527.0,1441.0,1530.0,1451.0,1492.0,1451.0,15182,1492.0,1492.0,1492.0,22644587.0,22644587.0,22644587.0,,3,SUR,-4.98,
TQBR,2014-11-21,ÔמסÀדנמ אמ,PHOR,651,14990839.0,1452.0,1431.0,1470.0,1470.0,1448.0,1470.0,10355,1448.0,1448.0,1448.0,14990839.0,14990839.0,14990839.0,,3,SUR,1.31,
TQBR,2014-11-24,ÔמסÀדנמ אמ,PHOR,345,10787052.0,1454.0,1440.0,1469.0,1464.0,1451.0,1464.0,7433,1451.0,1451.0,1451.0,10736162.0,10736162.0,10736162.0,,3,SUR,-0.41,
TQBR,2014-11-25,ÔמסÀדנמ אמ,PHOR,287,10859141.0,1474.0,1470.0,1503.0,1495.0,1488.0,1495.0,7300,1488.0,1488.0,1488.0,10857667.0,10857667.0,10857667.0,,3,SUR,2.12,
TQBR,2014-11-26,ÔמסÀדנמ אמ,PHOR,726,28464028.0,1510.0,1470.0,1540.0,1525.0,1519.0,1525.0,18736,1519.0,1519.0,1519.0,28462518.0,28462518.0,28462518.0,,3,SUR,2.01,
TQBR,2014-11-27,ÔמסÀדנמ אמ,PHOR,342,9150247.0,1540.0,1523.0,1575.0,1541.0,1550.0,1541.0,5904,1550.0,1550.0,1550.0,9148707.0,9148707.0,9148707.0,,3,SUR,1.05,
TQBR,2014-11-28,ÔמסÀדנמ אמ,PHOR,615,16948467.0,1542.0,1522.0,1635.0,1625.0,1576.0,1625.0,10754,1576.0,1576.0,1576.0,16933047.0,16933047.0,16933047.0,,3,SUR,5.45,
TQBR,2014-12-01,ÔמסÀדנמ אמ,PHOR,1073,29087768.0,1627.0,1614.0,1740.0,1740.0,1698.0,1740.0,17130,1698.0,1698.0,1698.0,29081260.0,29081260.0,29081260.0,,3,SUR,7.08,
TQBR,2014-12-02,ÔמסÀדנמ אמ,PHOR,1047,20443867.0,1740.0,1668.0,1758.0,1706.0,1693.0,1706.0,12073,1693.0,1693.0,1693.0,20391667.0,20391667.0,20391667.0,,3,SUR,-1.95,
TQBR,2014-12-03,ÔמסÀדנמ אמ,PHOR,789,18359461.0,1705.0,1666.0,1740.0,1735.0,1700.0,1735.0,10797,1700.0,1700.0,1700.0,18359461.0,18359461.0,18359461.0,,3,SUR,1.7,
TQBR,2014-12-04,ÔמסÀדנמ אמ,PHOR,723,13794580.0,1715.0,1709.0,1775.0,1750.0,1743.0,1750.0,7913,1743.0,1743.0,1743.0,13794580.0,13794580.0,13794580.0,,3,SUR,0.86,
TQBR,2014-12-05,ÔמסÀדנמ אמ,PHOR,569,17401409.0,1747.0,1717.0,1800.0,1742.0,1771.0,1742.0,9827,1771.0,1771.0,1771.0,17329782.0,17329782.0,17329782.0,,3,SUR,-0.46,
TQBR,2014-12-08,ÔמסÀדנמ אמ,PHOR,381,15119851.0,1759.0,1684.0,1780.0,1765.0,1754.0,1765.0,8620,1754.0,1754.0,1754.0,15119851.0,15119851.0,15119851.0,,3,SUR,1.32,
TQBR,2014-12-09,ÔמסÀדנמ אמ,PHOR,416,10430770.0,1771.0,1720.0,1780.0,1728.0,1752.0,1728.0,5954,1752.0,1752.0,1752.0,10416602.0,10416602.0,10416602.0,,3,SUR,-2.1,
TQBR,2014-12-10,ÔמסÀדנמ אמ,PHOR,608,9658802.0,1742.0,1720.0,1770.0,1745.0,1740.0,1745.0,5552,1740.0,1740.0,1740.0,9658802.0,9658802.0,9658802.0,,3,SUR,0.98,
TQBR,2014-12-11,ÔמסÀדנמ אמ,PHOR,558,23301573.0,1752.0,1742.0,1810.0,1808.0,1771.0,1808.0,13161,1771.0,1771.0,1771.0,23301573.0,23301573.0,23301573.0,,3,SUR,3.61,
TQBR,2014-12-12,ÔמסÀדנמ אמ,PHOR,427,25284291.0,1813.0,1771.0,1869.0,1820.0,1838.0,1820.0,13758,1838.0,1838.0,1838.0,25273413.0,25273413.0,25273413.0,,3,SUR,0.66,
TQBR,2014-12-15,ÔמסÀדנמ אמ,PHOR,879,44145893.0,1869.0,1790.0,1972.0,1870.0,1847.0,1870.0,23904,1847.0,1847.0,1847.0,44144024.0,44144024.0,44144024.0,,3,SUR,2.75,
TQBR,2014-12-16,ÔמסÀדנמ אמ,PHOR,1432,77399461.0,1701.0,1675.0,2199.0,2060.0,1896.0,2060.0,40825,1897.0,1897.0,1897.0,77088178.0,77088178.0,77088178.0,,3,SUR,10.16,
TQBR,2014-12-17,ÔמסÀדנמ אמ,PHOR,2115,44340318.0,2100.0,1760.0,2128.0,1900.0,1881.0,1900.0,23577,1881.0,1881.0,1881.0,44331918.0,44331918.0,44331918.0,,3,SUR,-7.77,
TQBR,2014-12-18,ÔמסÀדנמ אמ,PHOR,1193,53415483.0,1911.0,1755.0,1949.0,1759.0,1817.0,1759.0,29392,1817.0,1817.0,1817.0,53415483.0,53415483.0,53415483.0,,3,SUR,-7.42,
TQBR,2014-12-19,ÔמסÀדנמ אמ,PHOR,528,25131056.0,1762.0,1714.0,1814.0,1723.0,1775.0,1723.0,14156,1775.0,1775.0,1775.0,25131056.0,25131056.0,25131056.0,,3,SUR,-2.05,
TQBR,2014-12-22,ÔמסÀדנמ אמ,PHOR,1084,43049337.0,1779.0,1612.0,1800.0,1648.0,1667.0,1648.0,25829,1667.0,1667.0,1667.0,43031547.0,43031547.0,43031547.0,,3,SUR,-4.35,
TQBR,2014-12-23,ÔמסÀדנמ אמ,PHOR,1306,113453541.0,1652.0,1563.0,1652.0,1580.0,1583.0,1580.0,71663,1583.0,1583.0,1583.0,113413893.0,113413893.0,113413893.0,,3,SUR,-4.13,
TQBR,2014-12-24,ÔמסÀדנמ אמ,PHOR,671,55497744.0,1580.0,1520.0,1600.0,1560.0,1570.0,1560.0,35343,1570.0,1570.0,1570.0,55415584.0,55415584.0,55415584.0,,3,SUR,-1.27,
TQBR,2014-12-25,ÔמסÀדנמ אמ,PHOR,295,5473619.0,1623.0,1530.0,1623.0,1550.0,1554.0,1550.0,3523,1554.0,1554.0,1554.0,5473619.0,5473619.0,5473619.0,,3,SUR,-0.64,
TQBR,2014-12-26,ÔמסÀדנמ אמ,PHOR,738,12075203.0,1559.0,1501.0,1620.0,1572.0,1561.0,1572.0,7734,1561.0,1561.0,1561.0,12075203.0,12075203.0,12075203.0,,3,SUR,1.42,
TQBR,2014-12-29,ÔמסÀדנמ אמ,PHOR,426,11808987.0,1560.0,1556.0,1650.0,1650.0,1624.0,1650.0,7270,1624.0,1624.0,1624.0,11805867.0,11805867.0,11805867.0,,3,SUR,4.96,
TQBR,2014-12-30,ÔמסÀדנמ אמ,PHOR,494,23199863.0,1638.0,1571.0,1705.0,1655.0,1657.0,1655.0,14001,1657.0,1657.0,1657.0,23167103.0,23167103.0,23167103.0,,3,SUR,0.3,
TQBR,2015-01-05,ÔמסÀדנמ אמ,PHOR,357,9704552.0,1662.0,1662.0,1784.0,1784.0,1738.0,1784.0,5584,1738.0,1738.0,1738.0,9704552.0,9704552.0,9704552.0,,3,SUR,7.79,
TQBR,2015-01-06,ÔמסÀדנמ אמ,PHOR,572,12344308.0,1782.0,1761.0,1898.0,1855.0,1846.0,1855.0,6687,1846.0,1846.0,1846.0,12283720.0,12283720.0,12283720.0,,3,SUR,3.98,
TQBR,2015-01-08,ÔמסÀדנמ אמ,PHOR,600,9632253.0,1860.0,1776.0,1892.0,1776.0,1839.0,1776.0,5238,1839.0,1839.0,1839.0,9622953.0,9622953.0,9622953.0,,3,SUR,-4.26,
TQBR,2015-01-09,ÔמסÀדנמ אמ,PHOR,273,4467855.0,1810.0,1755.0,1820.0,1791.0,1795.0,1798.0,2489,1795.0,1795.0,1795.0,4373735.0,4373735.0,4373735.0,,3,SUR,1.24,
TQBR,2015-01-12,ÔמסÀדנמ אמ,PHOR,532,11085919.0,1795.0,1757.0,1830.0,1795.0,1784.0,1795.0,6213,1784.0,1784.0,1784.0,11085919.0,11085919.0,11085919.0,,3,SUR,-0.17,
TQBR,2015-01-13,ÔמסÀדנמ אמ,PHOR,428,12627082.0,1808.0,1791.0,1850.0,1850.0,1829.0,1843.0,6902,1829.0,1829.0,1829.0,12627082.0,12627082.0,12627082.0,,3,SUR,2.67,
TQBR,2015-01-14,ÔמסÀדנמ אמ,PHOR,313,13416513.0,1845.0,1807.0,1870.0,1867.0,1849.0,1867.0,7258,1849.0,1849.0,1849.0,13416513.0,13416513.0,13416513.0,,3,SUR,1.3,
TQBR,2015-01-15,ÔמסÀדנמ אמ,PHOR,408,23628606.0,1865.0,1828.0,1895.0,1890.0,1877.0,1890.0,12589,1877.0,1877.0,1877.0,23628606.0,23628606.0,23628606.0,,3,SUR,1.23,
TQBR,2015-01-16,ÔמסÀדנמ אמ,PHOR,445,22020483.0,1866.0,1850.0,1955.0,1955.0,1918.0,1955.0,11479,1918.0,1918.0,1918.0,22020483.0,22020483.0,22020483.0,,3,SUR,3.44,
TQBR,2015-01-19,ÔמסÀדנמ אמ,PHOR,515,27500748.0,1955.0,1940.0,2043.0,2008.0,2003.0,2008.0,13731,2003.0,2003.0,2003.0,27500748.0,27500748.0,27500748.0,,3,SUR,2.71,
TQBR,2015-01-20,ÔמסÀדנמ אמ,PHOR,366,16327596.0,2020.0,2020.0,2075.0,2054.0,2048.0,2054.0,7974,2048.0,2048.0,2048.0,16327596.0,16327596.0,16327596.0,,3,SUR,2.29,
TQBR,2015-01-21,ÔמסÀדנמ אמ,PHOR,489,21212248.0,2093.0,2032.0,2099.0,2080.0,2055.0,2080.0,10324,2055.0,2055.0,2055.0,21212248.0,21212248.0,21212248.0,,3,SUR,1.27,
TQBR,2015-01-22,ÔמסÀדנמ אמ,PHOR,476,20428102.0,2098.0,2055.0,2135.0,2111.0,2096.0,2111.0,9744,2096.0,2096.0,2096.0,20428102.0,20428102.0,20428102.0,,3,SUR,1.49,
TQBR,2015-01-23,ÔמסÀדנמ אמ,PHOR,499,15542654.0,2122.0,2091.0,2164.0,2114.0,2119.0,2114.0,7335,2119.0,2119.0,2119.0,15542654.0,15542654.0,15542654.0,,3,SUR,0.14,
TQBR,2015-01-26,ÔמסÀדנמ אמ,PHOR,571,23544026.0,2114.0,2006.0,2155.0,2139.0,2100.0,2139.0,11211,2100.0,2100.0,2100.0,23544026.0,23544026.0,23544026.0,,3,SUR,1.18,
TQBR,2015-01-27,ÔמסÀדנמ אמ,PHOR,642,28055278.0,2135.0,2070.0,2237.0,2177.0,2167.0,2177.0,12947,2167.0,2167.0,2167.0,27901558.0,27901558.0,27901558.0,,3,SUR,1.78,
TQBR,2015-01-28,ÔמסÀדנמ אמ,PHOR,772,66727742.0,2165.0,2165.0,2255.0,2245.0,2222.0,2245.0,30025,2222.0,2222.0,2222.0,66706092.0,66706092.0,66706092.0,,3,SUR,3.12,
TQBR,2015-01-29,ÔמסÀדנמ אמ,PHOR,450,29396191.0,2246.0,2241.0,2290.0,2269.0,2277.0,2269.0,12912,2277.0,2277.0,2277.0,29393945.0,29393945.0,29393945.0,,3,SUR,1.07,
TQBR,2015-01-30,ÔמסÀדנמ אמ,PHOR,586,26582857.0,2279.0,2250.0,2336.0,2291.0,2286.0,2291.0,11627,2286.0,2286.0,2286.0,26582857.0,26582857.0,26582857.0,,3,SUR,0.97,
TQBR,2015-02-02,ÔמסÀדנמ אמ,PHOR,679,25444055.0,2291.0,2255.0,2370.0,2260.0,2314.0,2260.0,10995,2314.0,2314.0,2314.0,25391362.0,25391362.0,25391362.0,,3,SUR,-1.35,
TQBR,2015-02-03,ÔמסÀדנמ אמ,PHOR,731,38502448.0,2260.0,2213.0,2288.0,2226.0,2238.0,2226.0,17207,2238.0,2238.0,2238.0,38479848.0,38479848.0,38479848.0,,3,SUR,-1.5,
TQBR,2015-02-04,ÔמסÀדנמ אמ,PHOR,323,11886351.0,2257.0,2200.0,2257.0,2238.0,2217.0,2238.0,5362,2217.0,2217.0,2217.0,11850239.0,11850239.0,11850239.0,,3,SUR,0.54,
TQBR,2015-02-05,ÔמסÀדנמ אמ,PHOR,428,19554061.0,2226.0,2212.0,2265.0,2226.0,2231.0,2226.0,8765,2231.0,2231.0,2231.0,19554061.0,19554061.0,19554061.0,,3,SUR,-0.54,
TQBR,2015-02-06,ÔמסÀדנמ אמ,PHOR,506,19118279.0,2220.0,2219.0,2270.0,2247.0,2252.0,2247.0,8488,2252.0,2252.0,2252.0,19116059.0,19116059.0,19116059.0,,3,SUR,0.94,
TQBR,2015-02-09,ÔמסÀדנמ אמ,PHOR,788,17863416.0,2234.0,2230.0,2264.0,2242.0,2242.0,2242.0,7968,2242.0,2242.0,2242.0,17863416.0,17863416.0,17863416.0,,3,SUR,-0.22,
TQBR,2015-02-10,ÔמסÀדנמ אמ,PHOR,456,8080451.0,2231.0,2220.0,2250.0,2239.0,2236.0,2240.0,3613,2236.0,2236.0,2236.0,8080451.0,8080451.0,8080451.0,,3,SUR,-0.09,
TQBR,2015-02-11,ÔמסÀדנמ אמ,PHOR,587,30453519.0,2253.0,2250.0,2331.0,2319.0,2286.0,2319.0,13321,2286.0,2286.0,2286.0,30228219.0,30228219.0,30228219.0,,3,SUR,3.53,
TQBR,2015-02-12,ÔמסÀדנמ אמ,PHOR,719,31346190.0,2339.0,2282.0,2450.0,2298.0,2365.0,2298.0,13256,2365.0,2365.0,2365.0,31346190.0,31346190.0,31346190.0,,3,SUR,-0.91,
TQBR,2015-02-13,ÔמסÀדנמ אמ,PHOR,679,24615195.0,2309.0,2204.0,2327.0,2209.0,2243.0,2209.0,10974,2243.0,2243.0,2243.0,24615195.0,24615195.0,24615195.0,,3,SUR,-3.87,
TQBR,2015-02-16,ÔמסÀדנמ אמ,PHOR,455,17101695.0,2211.0,2147.0,2222.0,2177.0,2170.0,2177.0,7881,2170.0,2170.0,2170.0,17101695.0,17101695.0,17101695.0,,3,SUR,-1.45,
TQBR,2015-02-17,ÔמסÀדנמ אמ,PHOR,393,13339218.0,2177.0,2155.0,2245.0,2218.0,2205.0,2218.0,6049,2205.0,2205.0,2205.0,13339218.0,13339218.0,13339218.0,,3,SUR,1.88,
TQBR,2015-02-18,ÔמסÀדנמ אמ,PHOR,572,15453237.0,2219.0,2160.0,2249.0,2190.0,2204.0,2190.0,7010,2204.0,2204.0,2204.0,15451018.0,15451018.0,15451018.0,,3,SUR,-1.26,
TQBR,2015-02-19,ÔמסÀדנמ אמ,PHOR,830,26262418.0,2190.0,2072.0,2218.0,2123.0,2142.0,2123.0,12262,2142.0,2142.0,2142.0,26262418.0,26262418.0,26262418.0,,3,SUR,-3.06,
TQBR,2015-02-20,ÔמסÀדנמ אמ,PHOR,752,27822063.0,2144.0,2056.0,2157.0,2128.0,2113.0,2128.0,13170,2112.0,2112.0,2112.0,27732015.0,27732015.0,27732015.0,,3,SUR,0.24,
TQBR,2015-02-24,ÔמסÀדנמ אמ,PHOR,474,13247443.0,2131.0,2107.0,2165.0,2127.0,2141.0,2127.0,6188,2141.0,2141.0,2141.0,13034343.0,13034343.0,13034343.0,,3,SUR,-0.05,
TQBR,2015-02-25,ÔמסÀדנמ אמ,PHOR,390,17649152.0,2140.0,2065.0,2146.0,2070.0,2090.0,2070.0,8444,2090.0,2090.0,2090.0,17649152.0,17649152.0,17649152.0,,3,SUR,-2.68,
TQBR,2015-02-26,ÔמסÀדנמ אמ,PHOR,358,9901390.0,2071.0,2030.0,2105.0,2090.0,2070.0,2090.0,4783,2070.0,2070.0,2070.0,9891035.0,9891035.0,9891035.0,,3,SUR,0.97,
TQBR,2015-02-27,ÔמסÀדנמ אמ,PHOR,265,7616336.0,2088.0,2051.0,2125.0,2109.0,2102.0,2109.0,3623,2102.0,2102.0,2102.0,7603808.0,7603808.0,7603808.0,,3,SUR,0.91,
TQBR,2015-03-02,ÔמסÀדנמ אמ,PHOR,436,15473830.0,2128.0,2104.0,2169.0,2141.0,2155.0,2141.0,7179,2155.0,2155.0,2155.0,15473830.0,15473830.0,15473830.0,,3,SUR,1.52,
TQBR,2015-03-03,ÔמסÀדנמ אמ,PHOR,567,45272153.0,2140.0,2130.0,2234.0,2199.0,2211.0,2199.0,20472,2211.0,2211.0,2211.0,45272153.0,45272153.0,45272153.0,,3,SUR,2.71,
TQBR,2015-03-04,ÔמסÀדנמ אמ,PHOR,480,14307080.0,2197.0,2149.0,2217.0,2190.0,2182.0,2190.0,6558,2182.0,2182.0,2182.0,14263140.0,14263140.0,14263140.0,,3,SUR,-0.41,
TQBR,2015-03-05,ÔמסÀדנמ אמ,PHOR,518,11527222.0,2190.0,2145.0,2208.0,2153.0,2184.0,2153.0,5278,2184.0,2184.0,2184.0,11527222.0,11527222.0,11527222.0,,3,SUR,-1.69,
TQBR,2015-03-06,ÔמסÀדנמ אמ,PHOR,314,3919716.0,2143.0,2101.0,2199.0,2101.0,2130.0,2101.0,1840,2130.0,2130.0,2130.0,3904715.0,3904715.0,3904715.0,,3,SUR,-2.42,
TQBR,2015-03-10,ÔמסÀדנמ אמ,PHOR,485,8126068.0,2091.0,2050.0,2148.0,2117.0,2109.0,2117.0,3853,2109.0,2109.0,2109.0,8017336.0,8017336.0,8017336.0,,3,SUR,0.76,
TQBR,2015-03-11,ÔמסÀדנמ אמ,PHOR,408,8261468.0,2112.0,2080.0,2171.0,2109.0,2128.0,2109.0,3883,2128.0,2128.0,2128.0,8248796.0,8248796.0,8248796.0,,3,SUR,-0.38,
TQBR,2015-03-12,ÔמסÀדנמ אמ,PHOR,287,6188274.0,2104.0,2070.0,2127.0,2105.0,2107.0,2105.0,2937,2107.0,2107.0,2107.0,6184066.0,6184066.0,6184066.0,,3,SUR,-0.19,
TQBR,2015-03-13,ÔמסÀדנמ אמ,PHOR,611,17727625.0,2085.0,2051.0,2116.0,2051.0,2075.0,2051.0,8543,2075.0,2075.0,2075.0,17727625.0,17727625.0,17727625.0,,3,SUR,-2.57,
TQBR,2015-03-16,ÔמסÀדנמ אמ,PHOR,1223,29250572.0,2091.0,2001.0,2091.0,2005.0,2039.0,2005.0,14347,2038.0,2038.0,2038.0,29051927.0,29051927.0,29051927.0,,3,SUR,-2.24,
TQBR,2015-03-17,ÔמסÀדנמ אמ,PHOR,248,4236021.0,2040.0,1971.0,2050.0,2035.0,2013.0,2035.0,2104,2013.0,2013.0,2013.0,4236021.0,4236021.0,4236021.0,,3,SUR,1.5,
TQBR,2015-03-18,ÔמסÀדנמ אמ,PHOR,200,4461327.0,2059.0,2050.0,2119.0,2105.0,2091.0,2105.0,2134,2091.0,2091.0,2091.0,4461327.0,4461327.0,4461327.0,,3,SUR,3.44,
TQBR,2015-03-19,ÔמסÀדנמ אמ,PHOR,184,4926437.0,2110.0,2083.0,2189.0,2084.0,2110.0,2083.0,2335,2110.0,2110.0,2110.0,4818827.0,4818827.0,4818827.0,,3,SUR,-1.05,
TQBR,2015-03-20,ÔמסÀדנמ אמ,PHOR,116,1965242.0,2061.0,2056.0,2110.0,2110.0,2084.0,2110.0,943,2084.0,2084.0,2084.0,1965242.0,1965242.0,1965242.0,,3,SUR,1.3,
TQBR,2015-03-23,ÔמסÀדנמ אמ,PHOR,349,6882451.0,2088.0,2016.0,2111.0,2018.0,2045.0,2018.0,3365,2045.0,2045.0,2045.0,6882451.0,6882451.0,6882451.0,,3,SUR,-4.36,
TQBR,2015-03-24,ÔמסÀדנמ אמ,PHOR,180,3373152.0,2006.0,1997.0,2043.0,2000.0,2005.0,2000.0,1682,2005.0,2005.0,2005.0,3333032.0,3333032.0,3333032.0,,3,SUR,-0.89,
TQBR,2015-03-25,ÔמסÀדנמ אמ,PHOR,366,18320633.0,2000.0,1989.0,2083.0,2041.0,2033.0,2041.0,9011,2033.0,2033.0,2033.0,18320633.0,18320633.0,18320633.0,,3,SUR,2.05,
TQBR,2015-03-26,ÔמסÀדנמ אמ,PHOR,206,3732372.0,2026.0,1991.0,2039.0,2011.0,2006.0,2011.0,1861,2006.0,2006.0,2006.0,3732372.0,3732372.0,3732372.0,,3,SUR,-1.47,
TQBR,2015-03-27,ÔמסÀדנמ אמ,PHOR,86,1605563.0,2002.0,1999.0,2011.0,2010.0,2007.0,2011.0,800,2007.0,2007.0,2007.0,1605563.0,1605563.0,1605563.0,,3,SUR,0.0,
TQBR,2015-03-30,ÔמסÀדנמ אמ,PHOR,105,1061574.0,2010.0,2010.0,2057.0,2057.0,2041.0,2057.0,520,2041.0,2041.0,2041.0,1061574.0,1061574.0,1061574.0,,3,SUR,2.29,
TQBR,2015-03-31,ÔמסÀדנמ אמ,PHOR,227,3321466.0,2016.0,2001.0,2020.0,2011.0,2012.0,2011.0,1651,2012.0,2012.0,2012.0,3321466.0,3321466.0,3321466.0,,3,SUR,-2.24,
TQBR,2015-04-01,ÔמסÀדנמ אמ,PHOR,273,9744726.0,2007.0,2007.0,2060.0,2042.0,2033.0,2042.0,4793,2033.0,2033.0,2033.0,9736698.0,9736698.0,9736698.0,,3,SUR,1.54,
TQBR,2015-04-02,ÔמסÀדנמ אמ,PHOR,613,11573620.0,2033.0,1982.0,2050.0,2014.0,2005.0,2014.0,5773,2005.0,2005.0,2005.0,11573620.0,11573620.0,11573620.0,,3,SUR,-1.37,
TQBR,2015-04-03,ÔמסÀדנמ אמ,PHOR,151,2466800.0,2006.0,1997.0,2020.0,2002.0,2010.0,2002.0,1227,2010.0,2010.0,2010.0,2466800.0,2466800.0,2466800.0,,3,SUR,-0.6,
TQBR,2015-04-06,ÔמסÀדנמ אמ,PHOR,81,1632029.0,2007.0,2005.0,2025.0,2019.0,2012.0,2020.0,811,2012.0,2012.0,2012.0,1630022.0,1630022.0,1630022.0,,3,SUR,0.9,
TQBR,2015-04-07,ÔמסÀדנמ אמ,PHOR,337,5235122.0,2021.0,1982.0,2027.0,1995.0,1999.0,1995.0,2619,1999.0,1999.0,1999.0,5235122.0,5235122.0,5235122.0,,3,SUR,-1.24,
TQBR,2015-04-08,ÔמסÀדנמ אמ,PHOR,354,10476300.0,1995.0,1956.0,2000.0,1983.0,1983.0,1983.0,5283,1983.0,1983.0,1983.0,10396500.0,10396500.0,10396500.0,,3,SUR,-0.6,
TQBR,2015-04-09,ÔמסÀדנמ אמ,PHOR,337,3698953.0,1975.0,1926.0,1994.0,1955.0,1951.0,1955.0,1896,1951.0,1951.0,1951.0,3698953.0,3698953.0,3698953.0,,3,SUR,-1.41,
TQBR,2015-04-10,ÔמסÀדנמ אמ,PHOR,387,8471163.0,1959.0,1877.0,1959.0,1899.0,1903.0,1899.0,4452,1903.0,1903.0,1903.0,8471163.0,8471163.0,8471163.0,,3,SUR,-2.86,
TQBR,2015-04-13,ÔמסÀדנמ אמ,PHOR,496,3980971.0,1928.0,1880.0,1947.0,1930.0,1921.0,1930.0,2072,1921.0,1921.0,1921.0,3980971.0,3980971.0,3980971.0,,3,SUR,1.63,
TQBR,2015-04-14,ÔמסÀדנמ אמ,PHOR,243,4180142.0,1949.0,1909.0,1950.0,1921.0,1926.0,1921.0,2170,1926.0,1926.0,1926.0,4174295.0,4174295.0,4174295.0,,3,SUR,-0.47,
TQBR,2015-04-15,ÔמסÀדנמ אמ,PHOR,338,3843655.0,1958.0,1884.0,1958.0,1899.0,1898.0,1900.0,2025,1898.0,1898.0,1898.0,3831907.0,3831907.0,3831907.0,,3,SUR,-1.09,
TQBR,2015-04-16,ÔמסÀדנמ אמ,PHOR,411,14817688.0,1901.0,1900.0,1968.0,1955.0,1924.0,1955.0,7702,1924.0,1924.0,1924.0,14817688.0,14817688.0,14817688.0,,3,SUR,2.89,
TQBR,2015-04-17,ÔמסÀדנמ אמ,PHOR,468,10636469.0,1960.0,1958.0,2030.0,2021.0,2005.0,2021.0,5306,2005.0,2005.0,2005.0,10636469.0,10636469.0,10636469.0,,3,SUR,3.38,
TQBR,2015-04-20,ÔמסÀדנמ אמ,PHOR,497,15289116.0,2032.0,2000.0,2084.0,2065.0,2047.0,2065.0,7470,2047.0,2047.0,2047.0,15289116.0,15289116.0,15289116.0,,3,SUR,2.18,
TQBR,2015-04-21,ÔמסÀדנמ אמ,PHOR,367,4519609.0,2059.0,2058.0,2135.0,2127.0,2108.0,2127.0,2144,2108.0,2108.0,2108.0,4519609.0,4519609.0,4519609.0,,3,SUR,3.0,
TQBR,2015-04-22,ÔמסÀדנמ אמ,PHOR,365,15262110.0,2130.0,2130.0,2185.0,2154.0,2162.0,2154.0,7058,2162.0,2162.0,2162.0,15262110.0,15262110.0,15262110.0,,3,SUR,1.27,
TQBR,2015-04-23,ÔמסÀדנמ אמ,PHOR,412,7575315.0,2165.0,2100.0,2200.0,2102.0,2148.0,2102.0,3527,2148.0,2148.0,2148.0,7575315.0,7575315.0,7575315.0,,3,SUR,-2.41,
TQBR,2015-04-24,ÔמסÀדנמ אמ,PHOR,167,2270506.0,2026.0,2026.0,2119.0,2118.0,2091.0,2119.0,1086,2091.0,2091.0,2091.0,2250246.0,2250246.0,2250246.0,,3,SUR,0.81,
TQBR,2015-04-27,ÔמסÀדנמ אמ,PHOR,263,4566645.0,2113.0,2060.0,2150.0,2120.0,2108.0,2111.0,2166,2108.0,2108.0,2108.0,4566645.0,4566645.0,4566645.0,,3,SUR,-0.38,
TQBR,2015-04-28,ÔמסÀדנמ אמ,PHOR,233,3003368.0,2115.0,2060.0,2145.0,2069.0,2108.0,2069.0,1425,2108.0,2108.0,2108.0,3003368.0,3003368.0,3003368.0,,3,SUR,-1.99,
TQBR,2015-04-29,ÔמסÀדנמ אמ,PHOR,336,11528335.0,2008.0,2002.0,2070.0,2018.0,2044.0,2018.0,5640,2044.0,2044.0,2044.0,11528335.0,11528335.0,11528335.0,,3,SUR,-2.46,
TQBR,2015-04-30,ÔמסÀדנמ אמ,PHOR,308,17597151.0,2013.0,1990.0,2040.0,2034.0,2014.0,2039.0,8737,2014.0,2014.0,2014.0,17597151.0,17597151.0,17597151.0,,3,SUR,1.04,
TQBR,2015-05-05,ÔמסÀדנמ אמ,PHOR,769,15864142.0,2071.0,1987.0,2080.0,2002.0,2029.0,2002.0,7817,2029.0,2029.0,2029.0,15864142.0,15864142.0,15864142.0,,3,SUR,-1.81,
TQBR,2015-05-06,ÔמסÀדנמ אמ,PHOR,312,5358044.0,2023.0,1952.0,2023.0,1980.0,1979.0,1980.0,2708,1979.0,1979.0,1979.0,5358044.0,5358044.0,5358044.0,,3,SUR,-1.1,
TQBR,2015-05-07,ÔמסÀדנמ אמ,PHOR,690,8799569.0,1952.0,1904.0,1966.0,1939.0,1924.0,1939.0,4573,1924.0,1924.0,1924.0,8799569.0,8799569.0,8799569.0,,3,SUR,-2.07,
TQBR,2015-05-08,ÔמסÀדנמ אמ,PHOR,351,8978732.0,1964.0,1934.0,2038.0,2007.0,1986.0,2003.0,4520,1986.0,1986.0,1986.0,8976768.0,8976768.0,8976768.0,,3,SUR,3.3,
TQBR,2015-05-12,ÔמסÀדנמ אמ,PHOR,421,10861463.0,2006.0,1998.0,2039.0,2020.0,2020.0,2020.0,5376,2020.0,2020.0,2020.0,10861463.0,10861463.0,10861463.0,,3,SUR,0.85,
TQBR,2015-05-13,ÔמסÀדנמ אמ,PHOR,232,3157621.0,2008.0,1970.0,2011.0,1981.0,1985.0,1981.0,1591,1985.0,1985.0,1985.0,3157621.0,3157621.0,3157621.0,,3,SUR,-1.93,
TQBR,2015-05-14,ÔמסÀדנמ אמ,PHOR,275,3425798.0,1980.0,1970.0,2013.0,1995.0,1991.0,1995.0,1721,1991.0,1991.0,1991.0,3425798.0,3425798.0,3425798.0,,3,SUR,0.71,
TQBR,2015-05-15,ÔמסÀדנמ אמ,PHOR,86,1337489.0,1989.0,1983.0,2022.0,2005.0,2008.0,2005.0,666,2008.0,2008.0,2008.0,1331522.0,1331522.0,1331522.0,,3,SUR,0.5,
TQBR,2015-05-18,ÔמסÀדנמ אמ,PHOR,632,15964061.0,1991.0,1950.0,2007.0,1960.0,1971.0,1960.0,8101,1971.0,1971.0,1971.0,15964061.0,15964061.0,15964061.0,,3,SUR,-2.24,
TQBR,2015-05-19,ÔמסÀדנמ אמ,PHOR,605,14043948.0,1969.0,1931.0,1997.0,1997.0,1970.0,1997.0,7130,1970.0,1970.0,1970.0,14043948.0,14043948.0,14043948.0,,3,SUR,1.89,
TQBR,2015-05-20,ÔמסÀדנמ אמ,PHOR,238,5834428.0,1981.0,1963.0,1984.0,1969.0,1974.0,1969.0,2955,1974.0,1974.0,1974.0,5834428.0,5834428.0,5834428.0,,3,SUR,-1.4,
TQBR,2015-05-21,ÔמסÀדנמ אמ,PHOR,335,13233036.0,1967.0,1956.0,1987.0,1974.0,1974.0,1974.0,6703,1974.0,1974.0,1974.0,13233036.0,13233036.0,13233036.0,,3,SUR,0.25,
TQBR,2015-05-22,ÔמסÀדנמ אמ,PHOR,1649,43499045.0,1983.0,1840.0,1983.0,1975.0,1916.0,1975.0,22699,1916.0,1916.0,1916.0,43499045.0,43499045.0,43499045.0,,3,SUR,0.05,
TQBR,2015-05-25,ÔמסÀדנמ אמ,PHOR,581,10853424.0,1944.0,1914.0,2012.0,1964.0,1967.0,1964.0,5518,1967.0,1967.0,1967.0,10853424.0,10853424.0,10853424.0,,3,SUR,-0.56,
TQBR,2015-05-26,ÔמסÀדנמ אמ,PHOR,4260,64368042.0,1973.0,1921.0,2041.0,1997.0,1951.0,1997.0,32986,1951.0,1951.0,1951.0,64368042.0,64368042.0,64368042.0,,3,SUR,1.68,
TQBR,2015-05-27,ÔמסÀדנמ אמ,PHOR,805,32751303.0,2001.0,1990.0,2036.0,2015.0,2003.0,2015.0,16348,2003.0,2003.0,2003.0,32751303.0,32751303.0,32751303.0,,3,SUR,0.9,
TQBR,2015-05-28,ÔמסÀדנמ אמ,PHOR,495,19178073.0,2010.0,2005.0,2064.0,2042.0,2049.0,2042.0,9362,2049.0,2049.0,2049.0,19178073.0,19178073.0,19178073.0,,3,SUR,1.34,
TQBR,2015-05-29,ÔמסÀדנמ אמ,PHOR,832,22092728.0,2060.0,2001.0,2100.0,2001.0,2072.0,2001.0,10662,2072.0,2072.0,2072.0,22092728.0,22092728.0,22092728.0,,3,SUR,-2.01,
TQBR,2015-06-01,ÔמסÀדנמ אמ,PHOR,690,24496941.0,1980.0,1902.0,2118.0,2081.0,2064.0,2081.0,11869,2064.0,2064.0,2064.0,24496941.0,24496941.0,24496941.0,,3,SUR,4.0,
TQBR,2015-06-02,ÔמסÀדנמ אמ,PHOR,162,4550372.0,2098.0,2085.0,2105.0,2086.0,2089.0,2086.0,2178,2089.0,2089.0,2089.0,4550372.0,4550372.0,4550372.0,,3,SUR,0.24,
TQBR,2015-06-03,ÔמסÀדנמ אמ,PHOR,781,12246486.0,2083.0,2022.0,2102.0,2085.0,2079.0,2085.0,5890,2079.0,2079.0,2079.0,12246486.0,12246486.0,12246486.0,,3,SUR,-0.05,
TQBR,2015-06-04,ÔמסÀדנמ אמ,PHOR,2211,40767595.0,2099.0,2099.0,2245.0,2220.0,2179.0,2220.0,18713,2179.0,2179.0,2179.0,40767595.0,40767595.0,40767595.0,,3,SUR,6.47,
TQBR,2015-06-05,ÔמסÀדנמ אמ,PHOR,1056,23486069.0,2220.0,2141.0,2271.0,2244.0,2194.0,2244.0,10706,2194.0,2194.0,2194.0,23486069.0,23486069.0,23486069.0,,3,SUR,1.08,
TQBR,2015-06-08,ÔמסÀדנמ אמ,PHOR,491,12278640.0,2244.0,2192.0,2246.0,2204.0,2205.0,2204.0,5568,2205.0,2205.0,2205.0,12278640.0,12278640.0,12278640.0,,3,SUR,-1.78,
TQBR,2015-06-09,ÔמסÀדנמ אמ,PHOR,435,13352649.0,2187.0,2151.0,2210.0,2179.0,2179.0,2179.0,6129,2179.0,2179.0,2179.0,13352649.0,13352649.0,13352649.0,,3,SUR,-1.13,
TQBR,2015-06-10,ÔמסÀדנמ אמ,PHOR,760,19150425.0,2156.0,2085.0,2174.0,2095.0,2119.0,2095.0,9039,2119.0,2119.0,2119.0,19150425.0,19150425.0,19150425.0,,3,SUR,-3.85,
TQBR,2015-06-11,ÔמסÀדנמ אמ,PHOR,757,11886242.0,2112.0,2035.0,2112.0,2059.0,2063.0,2059.0,5762,2063.0,2063.0,2063.0,11886242.0,11886242.0,11886242.0,,3,SUR,-1.72,
TQBR,2015-06-15,ÔמסÀדנמ אמ,PHOR,862,15351890.0,2064.0,2020.0,2070.0,2060.0,2034.0,2060.0,7546,2034.0,2034.0,2034.0,15351890.0,15351890.0,15351890.0,,3,SUR,0.05,
TQBR,2015-06-16,ÔמסÀדנמ אמ,PHOR,441,9601536.0,2060.0,2026.0,2061.0,2028.0,2035.0,2028.0,4719,2035.0,2035.0,2035.0,9601536.0,9601536.0,9601536.0,,3,SUR,-1.55,
TQBR,2015-06-17,ÔמסÀדנמ אמ,PHOR,354,5331741.0,2027.0,2009.0,2051.0,2044.0,2031.0,2044.0,2625,2031.0,2031.0,2031.0,5331741.0,5331741.0,5331741.0,,3,SUR,0.79,
TQBR,2015-06-18,ÔמסÀדנמ אמ,PHOR,196,2776047.0,2023.0,2015.0,2037.0,2020.0,2020.0,2020.0,1374,2020.0,2020.0,2020.0,2776047.0,2776047.0,2776047.0,,3,SUR,-1.17,
TQBR,2015-06-19,ÔמסÀדנמ אמ,PHOR,238,7799450.0,2014.0,2014.0,2057.0,2038.0,2041.0,2038.0,3821,2041.0,2041.0,2041.0,7799450.0,7799450.0,7799450.0,,3,SUR,0.89,
TQBR,2015-06-22,ÔמסÀדנמ אמ,PHOR,242,5157806.0,2043.0,2014.0,2070.0,2049.0,2051.0,2048.0,2515,2051.0,2051.0,2051.0,5157806.0,5157806.0,5157806.0,,3,SUR,0.49,
TQBR,2015-06-23,ÔמסÀדנמ אמ,PHOR,187,3050458.0,2053.0,2042.0,2098.0,2081.0,2068.0,2081.0,1475,2068.0,2068.0,2068.0,3050458.0,3050458.0,3050458.0,,3,SUR,1.61,
TQBR,2015-06-24,ÔמסÀדנמ אמ,PHOR,209,3460966.0,2088.0,2035.0,2117.0,2044.0,2067.0,2044.0,1674,2067.0,2067.0,2067.0,3460966.0,3460966.0,3460966.0,,3,SUR,-1.78,
TQBR,2015-06-25,ÔמסÀדנמ אמ,PHOR,217,6450572.0,2043.0,2025.0,2093.0,2079.0,2066.0,2079.0,3123,2066.0,2066.0,2066.0,6450572.0,6450572.0,6450572.0,,3,SUR,1.71,
TQBR,2015-06-26,ÔמסÀדנמ אמ,PHOR,371,6713402.0,2052.0,2037.0,2160.0,2159.0,2095.0,2159.0,3204,2095.0,2095.0,2095.0,6713402.0,6713402.0,6713402.0,,3,SUR,3.85,
TQBR,2015-06-29,ÔמסÀדנמ אמ,PHOR,323,4803764.0,2149.0,2088.0,2150.0,2096.0,2119.0,2096.0,2267,2119.0,2119.0,2119.0,4803764.0,4803764.0,4803764.0,,3,SUR,-2.92,
TQBR,2015-06-30,ÔמסÀדנמ אמ,PHOR,181,2134058.0,2080.0,2050.0,2095.0,2060.0,2066.0,2060.0,1033,2066.0,2066.0,2066.0,2134058.0,2134058.0,2134058.0,,3,SUR,-1.72,
TQBR,2015-07-01,ÔמסÀדנמ אמ,PHOR,201,4803746.0,2085.0,2055.0,2121.0,2100.0,2083.0,2100.0,2306,2083.0,2083.0,2083.0,4803746.0,4803746.0,4803746.0,,3,SUR,1.94,
TQBR,2015-07-02,ÔמסÀדנמ אמ,PHOR,116,2234631.0,2098.0,2072.0,2100.0,2083.0,2092.0,2083.0,1068,2092.0,2092.0,2092.0,2234631.0,2234631.0,2234631.0,,3,SUR,-0.81,
TQBR,2015-07-03,ÔמסÀדנמ אמ,PHOR,351,9994228.0,2089.0,2086.0,2180.0,2158.0,2137.0,2158.0,4676,2137.0,2137.0,2137.0,9994228.0,9994228.0,9994228.0,,3,SUR,3.6,
TQBR,2015-07-06,ÔמסÀדנמ אמ,PHOR,317,12247177.0,2154.0,2137.0,2220.0,2200.0,2181.0,2200.0,5615,2181.0,2181.0,2181.0,12247177.0,12247177.0,12247177.0,,3,SUR,1.95,
TQBR,2015-07-07,ÔמסÀדנמ אמ,PHOR,677,21860590.0,2220.0,2126.0,2270.0,2175.0,2200.0,2175.0,9935,2200.0,2200.0,2200.0,21860590.0,21860590.0,21860590.0,,3,SUR,-1.14,
TQBR,2015-07-08,ÔמסÀדנמ אמ,PHOR,915,18362377.0,2195.0,2122.0,2195.0,2140.0,2143.0,2140.0,8569,2143.0,2143.0,2143.0,18362377.0,18362377.0,18362377.0,,3,SUR,-1.61,
TQBR,2015-07-09,ÔמסÀדנמ אמ,PHOR,243,4764483.0,2135.0,2135.0,2190.0,2186.0,2169.0,2186.0,2197,2169.0,2169.0,2169.0,4764483.0,4764483.0,4764483.0,,3,SUR,2.15,
TQBR,2015-07-10,ÔמסÀדנמ אמ,PHOR,362,10675996.0,2186.0,2161.0,2199.0,2189.0,2180.0,2190.0,4898,2180.0,2180.0,2180.0,10675996.0,10675996.0,10675996.0,,3,SUR,0.18,
TQBR,2015-07-13,ÔמסÀדנמ אמ,PHOR,262,7403968.0,2190.0,2189.0,2275.0,2240.0,2216.0,2240.0,3341,2216.0,2216.0,2216.0,7403968.0,7403968.0,7403968.0,,3,SUR,2.28,
TQBR,2015-07-14,ÔמסÀדנמ אמ,PHOR,353,25746208.0,2244.0,2244.0,2294.0,2251.0,2272.0,2251.0,11334,2272.0,2272.0,2272.0,25746208.0,25746208.0,25746208.0,,3,SUR,0.49,
TQBR,2015-07-15,ÔמסÀדנמ אמ,PHOR,413,16762789.0,2237.0,2230.0,2314.0,2292.0,2294.0,2291.0,7307,2294.0,2294.0,2294.0,16762789.0,16762789.0,16762789.0,,3,SUR,1.78,
TQBR,2015-07-16,ÔמסÀדנמ אמ,PHOR,407,23683490.0,2300.0,2289.0,2354.0,2334.0,2323.0,2334.0,10195,2323.0,2323.0,2323.0,23683490.0,23683490.0,23683490.0,,3,SUR,1.88,
TQBR,2015-07-17,ÔמסÀדנמ אמ,PHOR,217,4956048.0,2303.0,2301.0,2355.0,2337.0,2333.0,2337.0,2124,2333.0,2333.0,2333.0,4956048.0,4956048.0,4956048.0,,3,SUR,0.13,
TQBR,2015-07-20,ÔמסÀדנמ אמ,PHOR,267,10331707.0,2325.0,2298.0,2355.0,2310.0,2322.0,2310.0,4450,2322.0,2322.0,2322.0,10331707.0,10331707.0,10331707.0,,3,SUR,-1.16,
TQBR,2015-07-21,ÔמסÀדנמ אמ,PHOR,250,12668009.0,2304.0,2290.0,2337.0,2333.0,2303.0,2316.0,5500,2303.0,2303.0,2303.0,12668009.0,12668009.0,12668009.0,,3,SUR,0.26,
TQBR,2015-07-22,ÔמסÀדנמ אמ,PHOR,311,16167533.0,2317.0,2300.0,2355.0,2350.0,2335.0,2350.0,6923,2335.0,2335.0,2335.0,16167533.0,16167533.0,16167533.0,,3,SUR,1.47,
TQBR,2015-07-23,ÔמסÀדנמ אמ,PHOR,189,3763137.0,2324.0,2303.0,2395.0,2327.0,2333.0,2327.0,1613,2333.0,2333.0,2333.0,3763137.0,3763137.0,3763137.0,,3,SUR,-0.98,
TQBR,2015-07-24,ÔמסÀדנמ אמ,PHOR,272,8330671.0,2318.0,2298.0,2373.0,2373.0,2337.0,2373.0,3565,2337.0,2337.0,2337.0,8330671.0,8330671.0,8330671.0,,3,SUR,1.98,
TQBR,2015-07-27,ÔמסÀדנמ אמ,PHOR,273,16215653.0,2345.0,2304.0,2396.0,2313.0,2371.0,2313.0,6839,2371.0,2371.0,2371.0,16215653.0,16215653.0,16215653.0,,3,SUR,-2.53,
TQBR,2015-07-28,ÔמסÀדנמ אמ,PHOR,232,10669853.0,2313.0,2313.0,2397.0,2372.0,2357.0,2372.0,4526,2357.0,2357.0,2357.0,10669853.0,10669853.0,10669853.0,,3,SUR,2.55,
TQBR,2015-07-29,ÔמסÀדנמ אמ,PHOR,350,5202160.0,2374.0,2330.0,2389.0,2339.0,2346.0,2336.0,2217,2346.0,2346.0,2346.0,5202160.0,5202160.0,5202160.0,,3,SUR,-1.52,
TQBR,2015-07-30,ÔמסÀדנמ אמ,PHOR,403,16719670.0,2364.0,2315.0,2380.0,2372.0,2334.0,2373.0,7164,2334.0,2334.0,2334.0,16719670.0,16719670.0,16719670.0,,3,SUR,1.58,
TQBR,2015-07-31,ÔמסÀדנמ אמ,PHOR,480,14176702.0,2357.0,2337.0,2447.0,2430.0,2404.0,2430.0,5898,2404.0,2404.0,2404.0,14176702.0,14176702.0,14176702.0,,3,SUR,2.4,
TQBR,2015-08-03,ÔמסÀדנמ אמ,PHOR,794,34371712.0,2450.0,2400.0,2643.0,2560.0,2557.0,2560.0,13454,2555.0,2555.0,2555.0,34371712.0,34371712.0,34371712.0,,3,SUR,5.35,
TQBR,2015-08-04,ÔמסÀדנמ אמ,PHOR,656,33954689.0,2565.0,2545.0,2650.0,2630.0,2614.0,2630.0,12989,2614.0,2614.0,2614.0,33954689.0,33954689.0,33954689.0,,3,SUR,2.73,
TQBR,2015-08-05,ÔמסÀדנמ אמ,PHOR,316,12311591.0,2652.0,2596.0,2679.0,2626.0,2631.0,2626.0,4679,2631.0,2631.0,2631.0,12311591.0,12311591.0,12311591.0,,3,SUR,-0.15,
TQBR,2015-08-06,ÔמסÀדנמ אמ,PHOR,457,19184318.0,2670.0,2629.0,2730.0,2707.0,2693.0,2707.0,7123,2693.0,2693.0,2693.0,19184318.0,19184318.0,19184318.0,,3,SUR,3.08,
TQBR,2015-08-07,ÔמסÀדנמ אמ,PHOR,339,28384883.0,2690.0,2690.0,2794.0,2764.0,2775.0,2764.0,10228,2775.0,2775.0,2775.0,28384883.0,28384883.0,28384883.0,,3,SUR,2.11,
TQBR,2015-08-10,ÔמסÀדנמ אמ,PHOR,398,20105586.0,2789.0,2764.0,2896.0,2805.0,2811.0,2805.0,7151,2812.0,2812.0,2812.0,20105586.0,20105586.0,20105586.0,,3,SUR,1.48,
TQBR,2015-08-11,ÔמסÀדנמ אמ,PHOR,534,33234233.0,2828.0,2747.0,2830.0,2800.0,2780.0,2800.0,11954,2780.0,2780.0,2780.0,33234233.0,33234233.0,33234233.0,,3,SUR,-0.18,
TQBR,2015-08-12,ÔמסÀדנמ אמ,PHOR,464,39748690.0,2767.0,2757.0,2849.0,2829.0,2814.0,2829.0,14123,2814.0,2814.0,2814.0,39748690.0,39748690.0,39748690.0,,3,SUR,1.04,
TQBR,2015-08-13,ÔמסÀדנמ אמ,PHOR,586,30917741.0,2832.0,2650.0,2849.0,2809.0,2795.0,2809.0,11056,2796.0,2796.0,2796.0,30917741.0,30917741.0,30917741.0,,3,SUR,-0.71,
TQBR,2015-08-14,ÔמסÀדנמ אמ,PHOR,264,7958676.0,2800.0,2766.0,2830.0,2807.0,2800.0,2808.0,2842,2800.0,2800.0,2800.0,7958676.0,7958676.0,7958676.0,,3,SUR,-0.04,
TQBR,2015-08-17,ÔמסÀדנמ אמ,PHOR,361,20789013.0,2814.0,2752.0,2825.0,2810.0,2791.0,2810.0,7448,2791.0,2791.0,2791.0,20789013.0,20789013.0,20789013.0,,3,SUR,0.07,
TQBR,2015-08-18,ÔמסÀדנמ אמ,PHOR,444,11292035.0,3000.0,2774.0,3000.0,2835.0,2853.0,2835.0,3958,2853.0,2853.0,2853.0,11292035.0,11292035.0,11292035.0,,3,SUR,0.89,
TQBR,2015-08-19,ÔמסÀדנמ אמ,PHOR,949,28314600.0,2851.0,2783.0,2900.0,2864.0,2843.0,2874.0,9961,2843.0,2843.0,2843.0,28314600.0,28314600.0,28314600.0,,3,SUR,1.38,
TQBR,2015-08-20,ÔמסÀדנמ אמ,PHOR,674,24647470.0,2888.0,2855.0,2965.0,2927.0,2905.0,2937.0,8485,2905.0,2905.0,2905.0,24647470.0,24647470.0,24647470.0,,3,SUR,2.19,
TQBR,2015-08-21,ÔמסÀדנמ אמ,PHOR,481,32320015.0,2971.0,2911.0,2971.0,2954.0,2955.0,2954.0,10962,2948.0,2948.0,2948.0,32320015.0,32320015.0,32320015.0,,3,SUR,0.58,
TQBR,2015-08-24,ÔמסÀדנמ אמ,PHOR,788,32081137.0,2659.0,2659.0,3060.0,2980.0,2975.0,2980.0,10821,2965.0,2965.0,2965.0,32081137.0,32081137.0,32081137.0,,3,SUR,0.88,
TQBR,2015-08-25,ÔמסÀדנמ אמ,PHOR,488,15318214.0,2989.0,2901.0,3037.0,2903.0,2960.0,2903.0,5175,2960.0,2960.0,2960.0,15318214.0,15318214.0,15318214.0,,3,SUR,-2.58,
TQBR,2015-08-26,ÔמסÀדנמ אמ,PHOR,210,4486144.0,2980.0,2910.0,2980.0,2939.0,2942.0,2939.0,1525,2942.0,2942.0,2942.0,4486144.0,4486144.0,4486144.0,,3,SUR,1.24,
TQBR,2015-08-27,ÔמסÀדנמ אמ,PHOR,637,22414455.0,2964.0,2806.0,2964.0,2849.0,2864.0,2849.0,7827,2864.0,2864.0,2864.0,22414455.0,22414455.0,22414455.0,,3,SUR,-3.06,
TQBR,2015-08-28,ÔמסÀדנמ אמ,PHOR,639,27458120.0,2850.0,2785.0,2874.0,2821.0,2824.0,2821.0,9723,2824.0,2824.0,2824.0,27458120.0,27458120.0,27458120.0,,3,SUR,-0.98,
TQBR,2015-08-31,ÔמסÀדנמ אמ,PHOR,338,14849512.0,2877.0,2825.0,2877.0,2837.0,2838.0,2837.0,5232,2838.0,2838.0,2838.0,14849512.0,14849512.0,14849512.0,,3,SUR,0.57,
TQBR,2015-09-01,ÔמסÀדנמ אמ,PHOR,745,20835968.0,2853.0,2782.0,2874.0,2796.0,2811.0,2796.0,7412,2811.0,2811.0,2811.0,20835968.0,20835968.0,20835968.0,,3,SUR,-1.45,
TQBR,2015-09-02,ÔמסÀדנמ אמ,PHOR,608,18202720.0,2837.0,2782.0,2870.0,2810.0,2823.0,2810.0,6448,2823.0,2823.0,2823.0,18202720.0,18202720.0,18202720.0,,3,SUR,0.5,
TQBR,2015-09-03,ÔמסÀדנמ אמ,PHOR,514,16590190.0,2815.0,2751.0,2830.0,2791.0,2779.0,2791.0,5970,2779.0,2779.0,2779.0,16590190.0,16590190.0,16590190.0,,3,SUR,-0.68,
TQBR,2015-09-04,ÔמסÀדנמ אמ,PHOR,194,5931239.0,2796.0,2771.0,2819.0,2790.0,2791.0,2790.0,2122,2795.0,2795.0,2795.0,5931239.0,5931239.0,5931239.0,,3,SUR,-0.04,
TQBR,2015-09-07,ÔמסÀדנמ אמ,PHOR,374,14911297.0,2814.0,2809.0,2880.0,2859.0,2852.0,2859.0,5231,2851.0,2851.0,2851.0,14911297.0,14911297.0,14911297.0,,3,SUR,2.47,
TQBR,2015-09-08,ÔמסÀדנמ אמ,PHOR,374,12587395.0,2878.0,2851.0,2911.0,2859.0,2881.0,2860.0,4369,2881.0,2881.0,2881.0,12587395.0,12587395.0,12587395.0,,3,SUR,0.03,
TQBR,2015-09-09,ÔמסÀדנמ אמ,PHOR,629,11323613.0,2852.0,2822.0,2872.0,2851.0,2849.0,2850.0,3974,2849.0,2849.0,2849.0,11323613.0,11323613.0,11323613.0,,3,SUR,-0.35,
TQBR,2015-09-10,ÔמסÀדנמ אמ,PHOR,588,9494837.0,2869.0,2821.0,2900.0,2844.0,2847.0,2849.0,3335,2847.0,2847.0,2847.0,9494837.0,9494837.0,9494837.0,,3,SUR,-0.04,
TQBR,2015-09-11,ÔמסÀדנמ אמ,PHOR,325,6864197.0,2843.0,2800.0,2847.0,2838.0,2831.0,2835.0,2425,2831.0,2831.0,2831.0,6864197.0,6864197.0,6864197.0,,3,SUR,-0.49,
TQBR,2015-09-14,ÔמסÀדנמ אמ,PHOR,966,51774629.0,2845.0,2845.0,2997.0,2911.0,2944.0,2912.0,17595,2943.0,2943.0,2943.0,51774629.0,51774629.0,51774629.0,,3,SUR,2.72,
TQBR,2015-09-15,ÔמסÀדנמ אמ,PHOR,744,25093732.0,2932.0,2850.0,2943.0,2880.0,2893.0,2880.0,8674,2893.0,2893.0,2893.0,25093732.0,25093732.0,25093732.0,,3,SUR,-1.1,
TQBR,2015-09-16,ÔמסÀדנמ אמ,PHOR,464,16110658.0,2866.0,2800.0,2890.0,2863.0,2849.0,2860.0,5656,2848.0,2848.0,2848.0,16110658.0,16110658.0,16110658.0,,3,SUR,-0.69,
TQBR,2015-09-17,ÔמסÀדנמ אמ,PHOR,110,3424274.0,2841.0,2839.0,2880.0,2855.0,2858.0,2855.0,1198,2858.0,2858.0,2858.0,3424274.0,3424274.0,3424274.0,,3,SUR,-0.17,
TQBR,2015-09-18,ÔמסÀדנמ אמ,PHOR,538,38676650.0,2873.0,2839.0,2962.0,2911.0,2902.0,2911.0,13326,2902.0,2902.0,2902.0,38676650.0,38676650.0,38676650.0,,3,SUR,1.96,
TQBR,2015-09-21,ÔמסÀדנמ אמ,PHOR,394,13397880.0,2911.0,2845.0,2914.0,2850.0,2878.0,2850.0,4656,2878.0,2878.0,2878.0,13397880.0,13397880.0,13397880.0,,3,SUR,-2.1,
TQBR,2015-09-22,ÔמסÀדנמ אמ,PHOR,389,10498442.0,2850.0,2810.0,2869.0,2827.0,2834.0,2827.0,3704,2834.0,2834.0,2834.0,10498442.0,10498442.0,10498442.0,,3,SUR,-0.81,
TQBR,2015-09-23,ÔמסÀדנמ אמ,PHOR,467,8551777.0,2826.0,2732.0,2869.0,2738.0,2792.0,2738.0,3063,2792.0,2792.0,2792.0,8551777.0,8551777.0,8551777.0,,3,SUR,-3.15,
TQBR,2015-09-24,ÔמסÀדנמ אמ,PHOR,456,19247738.0,2748.0,2710.0,2803.0,2710.0,2770.0,2710.0,6948,2770.0,2770.0,2770.0,19247738.0,19247738.0,19247738.0,,3,SUR,-1.02,
TQBR,2015-09-25,ÔמסÀדנמ אמ,PHOR,225,2949818.0,2711.0,2700.0,2761.0,2710.0,2724.0,2710.0,1083,2724.0,2724.0,2724.0,2949818.0,2949818.0,2949818.0,,3,SUR,0.0,
TQBR,2015-09-28,ÔמסÀדנמ אמ,PHOR,261,5569475.0,2709.0,2645.0,2726.0,2659.0,2683.0,2659.0,2076,2683.0,2683.0,2683.0,5569475.0,5569475.0,5569475.0,,3,SUR,-1.88,
TQBR,2015-09-29,ÔמסÀדנמ אמ,PHOR,333,6369501.0,2663.0,2611.0,2705.0,2657.0,2661.0,2657.0,2394,2661.0,2661.0,2661.0,6369501.0,6369501.0,6369501.0,,3,SUR,-0.08,
TQBR,2015-09-30,ÔמסÀדנמ אמ,PHOR,340,18858635.0,2677.0,2677.0,2790.0,2790.0,2741.0,2790.0,6880,2741.0,2741.0,2741.0,18858635.0,18858635.0,18858635.0,,3,SUR,5.01,
TQBR,2015-10-01,ÔמסÀדנמ אמ,PHOR,456,22755203.0,2800.0,2702.0,2810.0,2789.0,2742.0,2796.0,8306,2740.0,2740.0,2740.0,22755203.0,22755203.0,22755203.0,,3,SUR,0.22,
TQBR,2015-10-02,ÔמסÀדנמ אמ,PHOR,297,5824549.0,2792.0,2715.0,2793.0,2750.0,2754.0,2739.0,2115,2754.0,2754.0,2754.0,5824549.0,5824549.0,5824549.0,,3,SUR,-2.04,
TQBR,2015-10-05,ÔמסÀדנמ אמ,PHOR,535,22836804.0,2770.0,2695.0,2808.0,2699.0,2751.0,2699.0,8300,2751.0,2751.0,2751.0,22836804.0,22836804.0,22836804.0,,3,SUR,-1.46,
TQBR,2015-10-06,ÔמסÀדנמ אמ,PHOR,162,3803172.0,2705.0,2705.0,2729.0,2728.0,2718.0,2728.0,1399,2718.0,2718.0,2718.0,3803172.0,3803172.0,3803172.0,,3,SUR,1.07,
TQBR,2015-10-07,ÔמסÀדנמ אמ,PHOR,668,12284502.0,2750.0,2695.0,2795.0,2710.0,2751.0,2710.0,4466,2751.0,2751.0,2751.0,12284502.0,12284502.0,12284502.0,,3,SUR,-0.66,
TQBR,2015-10-08,ÔמסÀדנמ אמ,PHOR,400,23769611.0,2739.0,2651.0,2740.0,2674.0,2677.0,2674.0,8880,2677.0,2677.0,2677.0,23769611.0,23769611.0,23769611.0,,3,SUR,-1.33,
TQBR,2015-10-09,ÔמסÀדנמ אמ,PHOR,1215,69418499.0,2677.0,2541.0,2690.0,2549.0,2565.0,2549.0,27062,2565.0,2565.0,2565.0,69418499.0,69418499.0,69418499.0,,3,SUR,-4.67,
TQBR,2015-10-12,ÔמסÀדנמ אמ,PHOR,571,19684213.0,2567.0,2521.0,2598.0,2574.0,2571.0,2574.0,7655,2571.0,2571.0,2571.0,19684213.0,19684213.0,19684213.0,,3,SUR,0.98,
TQBR,2015-10-13,ÔמסÀדנמ אמ,PHOR,6694,46757159.0,2575.0,2523.0,2625.0,2533.0,2555.0,2533.0,18297,2555.0,2555.0,2555.0,46757159.0,46757159.0,46757159.0,,3,SUR,-1.59,
TQBR,2015-10-14,ÔמסÀדנמ אמ,PHOR,1563,44191739.0,2542.0,2492.0,2565.0,2495.0,2522.0,2495.0,17528,2521.0,2521.0,2521.0,44191739.0,44191739.0,44191739.0,,3,SUR,-1.5,
TQBR,2015-10-15,ÔמסÀדנמ אמ,PHOR,1642,33501781.0,2499.0,2461.0,2531.0,2503.0,2498.0,2503.0,13410,2498.0,2498.0,2498.0,33501781.0,33501781.0,33501781.0,,3,SUR,0.32,
TQBR,2015-10-16,ÔמסÀדנמ אמ,PHOR,2222,41669585.0,2459.0,2455.0,2510.0,2461.0,2470.0,2461.0,16867,2470.0,2470.0,2470.0,41669585.0,41669585.0,41669585.0,,3,SUR,-1.68,
TQBR,2015-10-19,ÔמסÀדנמ אמ,PHOR,1175,42305486.0,2451.0,2450.0,2545.0,2531.0,2510.0,2531.0,16858,2510.0,2510.0,2510.0,42305486.0,42305486.0,42305486.0,,3,SUR,2.84,
TQBR,2015-10-20,ÔמסÀדנמ אמ,PHOR,3444,93182765.0,2542.0,2536.0,2645.0,2560.0,2595.0,2560.0,35915,2595.0,2595.0,2595.0,93182765.0,93182765.0,93182765.0,,3,SUR,1.15,
TQBR,2015-10-21,ÔמסÀדנמ אמ,PHOR,1438,31750852.0,2566.0,2552.0,2599.0,2595.0,2575.0,2595.0,12330,2575.0,2575.0,2575.0,31750852.0,31750852.0,31750852.0,,3,SUR,1.37,
TQBR,2015-10-22,ÔמסÀדנמ אמ,PHOR,332,7449553.0,2622.0,2567.0,2622.0,2580.0,2583.0,2580.0,2884,2583.0,2583.0,2583.0,7449553.0,7449553.0,7449553.0,,3,SUR,-0.58,
TQBR,2015-10-23,ÔמסÀדנמ אמ,PHOR,800,46368685.0,2589.0,2561.0,2624.0,2572.0,2585.0,2572.0,17940,2585.0,2585.0,2585.0,46368685.0,46368685.0,46368685.0,,3,SUR,-0.31,
TQBR,2015-10-26,ÔמסÀדנמ אמ,PHOR,305,11251850.0,2576.0,2571.0,2610.0,2605.0,2590.0,2605.0,4344,2590.0,2590.0,2590.0,11251850.0,11251850.0,11251850.0,,3,SUR,1.28,
TQBR,2015-10-27,ÔמסÀדנמ אמ,PHOR,645,30423634.0,2610.0,2606.0,2659.0,2659.0,2638.0,2659.0,11531,2638.0,2638.0,2638.0,30423634.0,30423634.0,30423634.0,,3,SUR,2.07,
TQBR,2015-10-28,ÔמסÀדנמ אמ,PHOR,1353,55008334.0,2660.0,2612.0,2734.0,2635.0,2689.0,2635.0,20458,2689.0,2689.0,2689.0,55008334.0,55008334.0,55008334.0,,3,SUR,-0.9,
TQBR,2015-10-29,ÔמסÀדנמ אמ,PHOR,617,24591595.0,2654.0,2620.0,2701.0,2644.0,2650.0,2644.0,9279,2650.0,2650.0,2650.0,24591595.0,24591595.0,24591595.0,,3,SUR,0.34,
TQBR,2015-10-30,ÔמסÀדנמ אמ,PHOR,394,11194028.0,2654.0,2625.0,2679.0,2630.0,2636.0,2630.0,4247,2636.0,2636.0,2636.0,11194028.0,11194028.0,11194028.0,,3,SUR,-0.53,
TQBR,2015-11-02,ÔמסÀדנמ אמ,PHOR,341,14216188.0,2643.0,2620.0,2669.0,2625.0,2634.0,2625.0,5397,2634.0,2634.0,2634.0,14216188.0,14216188.0,14216188.0,,3,SUR,-0.19,
TQBR,2015-11-03,ÔמסÀדנמ אמ,PHOR,1181,31215808.0,2640.0,2576.0,2649.0,2587.0,2619.0,2587.0,11918,2619.0,2619.0,2619.0,31215808.0,31215808.0,31215808.0,,3,SUR,-1.45,
TQBR,2015-11-05,ÔמסÀדנמ אמ,PHOR,633,13571214.0,2595.0,2595.0,2644.0,2633.0,2621.0,2633.0,5177,2621.0,2621.0,2621.0,13571214.0,13571214.0,13571214.0,,3,SUR,1.78,
TQBR,2015-11-06,ÔמסÀדנמ אמ,PHOR,750,16111635.0,2640.0,2634.0,2680.0,2666.0,2659.0,2666.0,6059,2659.0,2659.0,2659.0,16111635.0,16111635.0,16111635.0,,3,SUR,1.25,
TQBR,2015-11-09,ÔמסÀדנמ אמ,PHOR,837,19637997.0,2680.0,2601.0,2692.0,2664.0,2659.0,2664.0,7385,2659.0,2659.0,2659.0,19637997.0,19637997.0,19637997.0,,3,SUR,-0.08,
TQBR,2015-11-10,ÔמסÀדנמ אמ,PHOR,410,6312840.0,2642.0,2620.0,2659.0,2644.0,2639.0,2644.0,2392,2639.0,2639.0,2639.0,6312840.0,6312840.0,6312840.0,,3,SUR,-0.75,
TQBR,2015-11-11,ÔמסÀדנמ אמ,PHOR,340,5211114.0,2645.0,2612.0,2658.0,2641.0,2637.0,2641.0,1976,2637.0,2637.0,2637.0,5211114.0,5211114.0,5211114.0,,3,SUR,-0.11,
TQBR,2015-11-12,ÔמסÀדנמ אמ,PHOR,358,11555932.0,2659.0,2650.0,2695.0,2685.0,2673.0,2685.0,4324,2673.0,2673.0,2673.0,11555932.0,11555932.0,11555932.0,,3,SUR,1.67,
TQBR,2015-11-13,ÔמסÀדנמ אמ,PHOR,721,16324251.0,2740.0,2671.0,2740.0,2673.0,2702.0,2673.0,6042,2702.0,2702.0,2702.0,16324251.0,16324251.0,16324251.0,,3,SUR,-0.45,
TQBR,2015-11-16,ÔמסÀדנמ אמ,PHOR,822,19797169.0,2661.0,2499.0,2714.0,2646.0,2656.0,2646.0,7450,2657.0,2657.0,2657.0,19797169.0,19797169.0,19797169.0,,3,SUR,-1.01,
TQBR,2015-11-17,ÔמסÀדנמ אמ,PHOR,1506,49889274.0,2672.0,2663.0,2797.0,2750.0,2761.0,2750.0,18057,2763.0,2763.0,2763.0,49889274.0,49889274.0,49889274.0,,3,SUR,3.93,
TQBR,2015-11-18,ÔמסÀדנמ אמ,PHOR,2085,55766850.0,2768.0,2720.0,2837.0,2720.0,2763.0,2720.0,20180,2763.0,2763.0,2763.0,55766850.0,55766850.0,55766850.0,,3,SUR,-1.09,
TQBR,2015-11-19,ÔמסÀדנמ אמ,PHOR,1337,46488478.0,2740.0,2710.0,2784.0,2717.0,2728.0,2717.0,17042,2728.0,2728.0,2728.0,46488478.0,46488478.0,46488478.0,,3,SUR,-0.11,
TQBR,2015-11-20,ÔמסÀדנמ אמ,PHOR,750,18371405.0,2735.0,2700.0,2750.0,2700.0,2720.0,2700.0,6754,2720.0,2720.0,2720.0,18371405.0,18371405.0,18371405.0,,3,SUR,-0.63,
TQBR,2015-11-23,ÔמסÀדנמ אמ,PHOR,869,25948548.0,2711.0,2662.0,2780.0,2772.0,2748.0,2772.0,9441,2748.0,2748.0,2748.0,25948548.0,25948548.0,25948548.0,,3,SUR,2.67,
TQBR,2015-11-24,ÔמסÀדנמ אמ,PHOR,863,27993359.0,2789.0,2690.0,2789.0,2709.0,2729.0,2709.0,10259,2729.0,2729.0,2729.0,27993359.0,27993359.0,27993359.0,,3,SUR,-2.27,
TQBR,2015-11-25,ÔמסÀדנמ אמ,PHOR,757,36543248.0,2730.0,2727.0,2771.0,2750.0,2753.0,2750.0,13274,2753.0,2753.0,2753.0,36543248.0,36543248.0,36543248.0,,3,SUR,1.51,
TQBR,2015-11-26,ÔמסÀדנמ אמ,PHOR,392,20032877.0,2745.0,2722.0,2765.0,2739.0,2731.0,2733.0,7328,2734.0,2734.0,2734.0,20032877.0,20032877.0,20032877.0,,3,SUR,-0.62,
TQBR,2015-11-27,ÔמסÀדנמ אמ,PHOR,901,16301740.0,2739.0,2703.0,2777.0,2723.0,2726.0,2723.0,5980,2726.0,2726.0,2726.0,16301740.0,16301740.0,16301740.0,,3,SUR,-0.37,
TQBR,2015-11-30,ÔמסÀדנמ אמ,PHOR,660,22897524.0,2730.0,2705.0,2733.0,2715.0,2717.0,2715.0,8426,2717.0,2717.0,2717.0,22897524.0,22897524.0,22897524.0,,3,SUR,-0.29,
TQBR,2015-12-01,ÔמסÀדנמ אמ,PHOR,380,7095691.0,2706.0,2700.0,2724.0,2719.0,2714.0,2716.0,2614,2714.0,2714.0,2714.0,7095691.0,7095691.0,7095691.0,,3,SUR,0.04,
TQBR,2015-12-02,ÔמסÀדנמ אמ,PHOR,535,21229892.0,2704.0,2690.0,2728.0,2691.0,2713.0,2691.0,7824,2713.0,2713.0,2713.0,21229892.0,21229892.0,21229892.0,,3,SUR,-0.92,
TQBR,2015-12-03,ÔמסÀדנמ אמ,PHOR,824,21552873.0,2727.0,2691.0,2776.0,2740.0,2721.0,2740.0,7920,2721.0,2721.0,2721.0,21552873.0,21552873.0,21552873.0,,3,SUR,1.82,
TQBR,2015-12-04,ÔמסÀדנמ אמ,PHOR,853,17104235.0,2740.0,2685.0,2749.0,2699.0,2711.0,2699.0,6310,2711.0,2711.0,2711.0,17104235.0,17104235.0,17104235.0,,3,SUR,-1.5,
TQBR,2015-12-07,ÔמסÀדנמ אמ,PHOR,902,34544469.0,2711.0,2705.0,2774.0,2754.0,2748.0,2754.0,12572,2748.0,2748.0,2748.0,34544469.0,34544469.0,34544469.0,,3,SUR,2.04,
TQBR,2015-12-08,ÔמסÀדנמ אמ,PHOR,461,13667255.0,2753.0,2710.0,2764.0,2723.0,2737.0,2723.0,4994,2737.0,2737.0,2737.0,13667255.0,13667255.0,13667255.0,,3,SUR,-1.13,
TQBR,2015-12-09,ÔמסÀדנמ אמ,PHOR,465,11036387.0,2729.0,2701.0,2740.0,2713.0,2720.0,2713.0,4058,2720.0,2720.0,2720.0,11036387.0,11036387.0,11036387.0,,3,SUR,-0.37,
TQBR,2015-12-10,ÔמסÀדנמ אמ,PHOR,564,25045952.0,2712.0,2695.0,2748.0,2727.0,2732.0,2727.0,9166,2732.0,2732.0,2732.0,25045952.0,25045952.0,25045952.0,,3,SUR,0.52,
TQBR,2015-12-11,ÔמסÀדנמ אמ,PHOR,871,40418072.0,2744.0,2723.0,2794.0,2772.0,2771.0,2772.0,14584,2771.0,2771.0,2771.0,40418072.0,40418072.0,40418072.0,,3,SUR,1.65,
TQBR,2015-12-14,ÔמסÀדנמ אמ,PHOR,1234,40938717.0,2777.0,2773.0,2858.0,2821.0,2807.0,2821.0,14584,2807.0,2807.0,2807.0,40938717.0,40938717.0,40938717.0,,3,SUR,1.77,
TQBR,2015-12-15,ÔמסÀדנמ אמ,PHOR,761,39600669.0,2844.0,2803.0,2845.0,2830.0,2829.0,2830.0,13996,2829.0,2829.0,2829.0,39600669.0,39600669.0,39600669.0,,3,SUR,0.32,
TQBR,2015-12-16,ÔמסÀדנמ אמ,PHOR,558,33191754.0,2821.0,2815.0,2836.0,2833.0,2832.0,2833.0,11721,2832.0,2832.0,2832.0,33191754.0,33191754.0,33191754.0,,3,SUR,0.11,
TQBR,2015-12-17,ÔמסÀדנמ אמ,PHOR,920,40826194.0,2835.0,2835.0,2930.0,2915.0,2884.0,2915.0,14154,2884.0,2884.0,2884.0,40826194.0,40826194.0,40826194.0,,3,SUR,2.89,
TQBR,2015-12-18,ÔמסÀדנמ אמ,PHOR,438,16244358.0,2919.0,2851.0,2932.0,2851.0,2892.0,2851.0,5617,2892.0,2892.0,2892.0,16244358.0,16244358.0,16244358.0,,3,SUR,-2.2,
TQBR,2015-12-21,ÔמסÀדנמ אמ,PHOR,719,24930711.0,2885.0,2778.0,2897.0,2855.0,2832.0,2855.0,8802,2832.0,2832.0,2832.0,24930711.0,24930711.0,24930711.0,,3,SUR,0.14,
TQBR,2015-12-22,ÔמסÀדנמ אמ,PHOR,899,39242513.0,2870.0,2805.0,2889.0,2805.0,2843.0,2805.0,13802,2843.0,2843.0,2843.0,39242513.0,39242513.0,39242513.0,,3,SUR,-1.75,
TQBR,2015-12-23,ÔמסÀדנמ אמ,PHOR,1008,61555887.0,2819.0,2782.0,2847.0,2802.0,2820.0,2802.0,21832,2820.0,2820.0,2820.0,61555887.0,61555887.0,61555887.0,,3,SUR,-0.11,
TQBR,2015-12-24,ÔמסÀדנמ אמ,PHOR,726,23284631.0,2820.0,2761.0,2820.0,2800.0,2792.0,2800.0,8337,2793.0,2793.0,2793.0,23284631.0,23284631.0,23284631.0,,3,SUR,-0.07,
TQBR,2015-12-25,ÔמסÀדנמ אמ,PHOR,606,30009371.0,2810.0,2786.0,2889.0,2851.0,2867.0,2851.0,10468,2867.0,2867.0,2867.0,30009371.0,30009371.0,30009371.0,,3,SUR,1.82,
TQBR,2015-12-28,ÔמסÀדנמ אמ,PHOR,273,6029719.0,2860.0,2810.0,2860.0,2830.0,2828.0,2830.0,2132,2828.0,2828.0,2828.0,6029719.0,6029719.0,6029719.0,,3,SUR,-0.74,
TQBR,2015-12-29,ÔמסÀדנמ אמ,PHOR,994,22115062.0,2829.0,2782.0,2868.0,2813.0,2816.0,2813.0,7854,2816.0,2816.0,2816.0,22115062.0,22115062.0,22115062.0,,3,SUR,-0.6,
TQBR,2015-12-30,ÔמסÀדנמ אמ,PHOR,618,15992614.0,2817.0,2803.0,2840.0,2821.0,2824.0,2821.0,5664,2824.0,2824.0,2824.0,15992614.0,15992614.0,15992614.0,,3,SUR,0.28,
TQBR,2016-01-04,ÔמסÀדנמ אמ,PHOR,246,3936584.0,2825.0,2825.0,2860.0,2831.0,2840.0,2835.0,1386,2840.0,2840.0,2831.0,3936584.0,3936584.0,3936584.0,,3,SUR,0.5,
TQBR,2016-01-05,ÔמסÀדנמ אמ,PHOR,460,10517851.0,2827.0,2815.0,2847.0,2816.0,2825.0,2816.0,3723,2825.0,2825.0,2816.0,10517851.0,10517851.0,10517851.0,,3,SUR,-0.67,
TQBR,2016-01-06,ÔמסÀדנמ אמ,PHOR,282,3552574.0,2847.0,2810.0,2847.0,2826.0,2822.0,2826.0,1259,2822.0,2822.0,2826.0,3552574.0,3552574.0,3552574.0,,3,SUR,0.36,
TQBR,2016-01-11,ÔמסÀדנמ אמ,PHOR,1084,22387686.0,2781.0,2781.0,2845.0,2810.0,2815.0,2810.0,7954,2815.0,2815.0,2810.0,22387686.0,22387686.0,22387686.0,,3,SUR,-0.57,
TQBR,2016-01-12,ÔמסÀדנמ אמ,PHOR,845,29405957.0,2806.0,2781.0,2861.0,2826.0,2823.0,2828.0,10415,2823.0,2823.0,2826.0,29405957.0,29405957.0,29405957.0,,3,SUR,0.64,
TQBR,2016-01-13,ÔמסÀדנמ אמ,PHOR,479,14157600.0,2822.0,2820.0,2853.0,2840.0,2837.0,2840.0,4990,2837.0,2837.0,2840.0,14157600.0,14157600.0,14157600.0,,3,SUR,0.42,
TQBR,2016-01-14,ÔמסÀדנמ אמ,PHOR,1439,20619960.0,2804.0,2761.0,2836.0,2786.0,2793.0,2786.0,7384,2793.0,2793.0,2786.0,20619960.0,20619960.0,20619960.0,,3,SUR,-1.9,
TQBR,2016-01-15,ÔמסÀדנמ אמ,PHOR,4047,56393942.0,2792.0,2600.0,2815.0,2665.0,2681.0,2665.0,21036,2681.0,2681.0,2665.0,56393942.0,56393942.0,56393942.0,,3,SUR,-4.34,
TQBR,2016-01-18,ÔמסÀדנמ אמ,PHOR,1162,32564801.0,2665.0,2602.0,2757.0,2689.0,2693.0,2689.0,12094,2693.0,2693.0,2689.0,32564801.0,32564801.0,32564801.0,,3,SUR,0.9,
TQBR,2016-01-19,ÔמסÀדנמ אמ,PHOR,1126,36769196.0,2702.0,2702.0,2775.0,2743.0,2745.0,2743.0,13393,2745.0,2745.0,2743.0,36769196.0,36769196.0,36769196.0,,3,SUR,2.01,
TQBR,2016-01-20,ÔמסÀדנמ אמ,PHOR,1143,24659425.0,2730.0,2660.0,2745.0,2730.0,2701.0,2730.0,9130,2701.0,2701.0,2730.0,24659425.0,24659425.0,24659425.0,,3,SUR,-0.47,
TQBR,2016-01-21,ÔמסÀדנמ אמ,PHOR,1022,29147812.0,2730.0,2730.0,2815.0,2808.0,2788.0,2808.0,10454,2788.0,2788.0,2808.0,29147812.0,29147812.0,29147812.0,,3,SUR,2.86,
TQBR,2016-01-22,ÔמסÀדנמ אמ,PHOR,2804,115497884.0,2820.0,2760.0,2877.0,2863.0,2817.0,2863.0,40993,2818.0,2818.0,2863.0,115497884.0,115497884.0,115497884.0,,3,SUR,1.96,
TQBR,2016-01-25,ÔמסÀדנמ אמ,PHOR,1458,59112599.0,2811.0,2733.0,2834.0,2775.0,2788.0,2775.0,21204,2788.0,2788.0,2775.0,59112599.0,59112599.0,59112599.0,,3,SUR,-3.07,
TQBR,2016-01-26,ÔמסÀדנמ אמ,PHOR,1302,39281829.0,2770.0,2687.0,2791.0,2715.0,2733.0,2715.0,14375,2733.0,2733.0,2715.0,39281829.0,39281829.0,39281829.0,,3,SUR,-2.16,
TQBR,2016-01-27,ÔמסÀדנמ אמ,PHOR,2032,73589637.0,2715.0,2667.0,2743.0,2733.0,2713.0,2733.0,27120,2713.0,2713.0,2733.0,73589637.0,73589637.0,73589637.0,,3,SUR,0.66,
TQBR,2016-01-28,ÔמסÀדנמ אמ,PHOR,1421,27531509.0,2716.0,2686.0,2747.0,2704.0,2715.0,2704.0,10140,2715.0,2715.0,2704.0,27531509.0,27531509.0,27531509.0,,3,SUR,-1.06,
TQBR,2016-01-29,ÔמסÀדנמ אמ,PHOR,1088,26523979.0,2712.0,2674.0,2736.0,2722.0,2705.0,2722.0,9804,2705.0,2705.0,2722.0,26523979.0,26523979.0,26523979.0,,3,SUR,0.67,
TQBR,2016-02-01,ÔמסÀדנמ אמ,PHOR,597,22010647.0,2735.0,2720.0,2760.0,2749.0,2748.0,2747.0,8011,2748.0,2748.0,2749.0,22010647.0,22010647.0,22010647.0,,3,SUR,0.92,
TQBR,2016-02-02,ÔמסÀדנמ אמ,PHOR,699,19561395.0,2751.0,2730.0,2797.0,2753.0,2762.0,2753.0,7082,2762.0,2762.0,2753.0,19561395.0,19561395.0,19561395.0,,3,SUR,0.22,
TQBR,2016-02-03,ÔמסÀדנמ אמ,PHOR,380,9855267.0,2760.0,2739.0,2774.0,2749.0,2761.0,2749.0,3569,2761.0,2761.0,2749.0,9855267.0,9855267.0,9855267.0,,3,SUR,-0.15,
TQBR,2016-02-04,ÔמסÀדנמ אמ,PHOR,1513,37261387.0,2761.0,2684.0,2761.0,2730.0,2714.0,2730.0,13729,2714.0,2714.0,2730.0,37261387.0,37261387.0,37261387.0,,3,SUR,-0.69,
TQBR,2016-02-05,ÔמסÀדנמ אמ,PHOR,535,8980845.0,2720.0,2704.0,2744.0,2710.0,2722.0,2710.0,3299,2722.0,2722.0,2710.0,8980845.0,8980845.0,8980845.0,,3,SUR,-0.73,
TQBR,2016-02-08,ÔמסÀדנמ אמ,PHOR,953,19530796.0,2721.0,2660.0,2748.0,2685.0,2698.0,2685.0,7240,2698.0,2698.0,2685.0,19530796.0,19530796.0,19530796.0,,3,SUR,-0.92,
TQBR,2016-02-09,ÔמסÀדנמ אמ,PHOR,1045,22833222.0,2694.0,2635.0,2704.0,2693.0,2667.0,2693.0,8560,2667.0,2667.0,2693.0,22833222.0,22833222.0,22833222.0,,3,SUR,0.3,
TQBR,2016-02-10,ÔמסÀדנמ אמ,PHOR,832,9575205.0,2683.0,2661.0,2696.0,2670.0,2672.0,2670.0,3583,2672.0,2672.0,2670.0,9575205.0,9575205.0,9575205.0,,3,SUR,-0.85,
TQBR,2016-02-11,ÔמסÀדנמ אמ,PHOR,1772,32698756.0,2669.0,2615.0,2692.0,2675.0,2644.0,2675.0,12366,2644.0,2644.0,2675.0,32698756.0,32698756.0,32698756.0,,3,SUR,0.19,
TQBR,2016-02-12,ÔמסÀדנמ אמ,PHOR,665,14466667.0,2674.0,2648.0,2686.0,2661.0,2665.0,2661.0,5428,2665.0,2665.0,2661.0,14466667.0,14466667.0,14466667.0,,3,SUR,-0.52,
TQBR,2016-02-15,ÔמסÀדנמ אמ,PHOR,949,21175978.0,2679.0,2600.0,2679.0,2611.0,2619.0,2611.0,8085,2619.0,2619.0,2611.0,21175978.0,21175978.0,21175978.0,,3,SUR,-1.88,
TQBR,2016-02-16,ÔמסÀדנמ אמ,PHOR,1953,73712027.0,2610.0,2550.0,2640.0,2566.0,2584.0,2566.0,28528,2584.0,2584.0,2566.0,73712027.0,73712027.0,73712027.0,,3,SUR,-1.72,
TQBR,2016-02-17,ÔמסÀדנמ אמ,PHOR,691,19207273.0,2576.0,2567.0,2608.0,2580.0,2581.0,2580.0,7442,2581.0,2581.0,2580.0,19207273.0,19207273.0,19207273.0,,3,SUR,0.55,
TQBR,2016-02-18,ÔמסÀדנמ אמ,PHOR,1074,28406750.0,2590.0,2550.0,2611.0,2594.0,2572.0,2594.0,11045,2572.0,2572.0,2594.0,28406750.0,28406750.0,28406750.0,,3,SUR,0.54,
TQBR,2016-02-19,ÔמסÀדנמ אמ,PHOR,1055,23291637.0,2599.0,2580.0,2625.0,2609.0,2604.0,2609.0,8944,2604.0,2604.0,2609.0,23291637.0,23291637.0,23291637.0,,3,SUR,0.58,
TQBR,2016-02-20,ÔמסÀדנמ אמ,PHOR,205,5361380.0,2608.0,2602.0,2640.0,2633.0,2627.0,2633.0,2041,2627.0,2627.0,2633.0,5361380.0,5361380.0,5361380.0,,3,SUR,0.92,
TQBR,2016-02-22,ÔמסÀדנמ אמ,PHOR,314,7355099.0,2641.0,2607.0,2648.0,2633.0,2626.0,2640.0,2801,2626.0,2626.0,2633.0,7355099.0,7355099.0,7355099.0,,3,SUR,0.27,
TQBR,2016-02-24,ÔמסÀדנמ אמ,PHOR,827,16130459.0,2640.0,2601.0,2640.0,2614.0,2613.0,2614.0,6173,2613.0,2613.0,2614.0,16130459.0,16130459.0,16130459.0,,3,SUR,-0.98,
TQBR,2016-02-25,ÔמסÀדנמ אמ,PHOR,993,29016682.0,2630.0,2597.0,2665.0,2650.0,2638.0,2650.0,11001,2638.0,2638.0,2650.0,29016682.0,29016682.0,29016682.0,,3,SUR,1.38,
TQBR,2016-02-26,ÔמסÀדנמ אמ,PHOR,524,15111288.0,2660.0,2641.0,2680.0,2675.0,2665.0,2675.0,5670,2665.0,2665.0,2675.0,15111288.0,15111288.0,15111288.0,,3,SUR,0.94,
TQBR,2016-02-29,ÔמסÀדנמ אמ,PHOR,1672,52557413.0,2675.0,2662.0,2791.0,2791.0,2755.0,2791.0,19077,2755.0,2755.0,2791.0,52557413.0,52557413.0,52557413.0,,3,SUR,4.34,
TQBR,2016-03-01,ÔמסÀדנמ אמ,PHOR,2241,99322667.0,2771.0,2720.0,2884.0,2838.0,2824.0,2838.0,35172,2824.0,2824.0,2838.0,99322667.0,99322667.0,99322667.0,,3,SUR,1.68,
TQBR,2016-03-02,ÔמסÀדנמ אמ,PHOR,618,23643781.0,2839.0,2780.0,2870.0,2787.0,2828.0,2787.0,8361,2828.0,2828.0,2787.0,23643781.0,23643781.0,23643781.0,,3,SUR,-1.8,
TQBR,2016-03-03,ÔמסÀדנמ אמ,PHOR,1143,38654262.0,2800.0,2790.0,2900.0,2886.0,2869.0,2886.0,13473,2869.0,2869.0,2886.0,38654262.0,38654262.0,38654262.0,,3,SUR,3.55,
TQBR,2016-03-04,ÔמסÀדנמ אמ,PHOR,1789,42320125.0,2880.0,2822.0,2924.0,2873.0,2865.0,2873.0,14774,2865.0,2865.0,2873.0,42320125.0,42320125.0,42320125.0,,3,SUR,-0.45,
TQBR,2016-03-07,ÔמסÀדנמ אמ,PHOR,205,4426309.0,2883.0,2861.0,2900.0,2890.0,2887.0,2890.0,1533,2887.0,2887.0,2890.0,4426309.0,4426309.0,4426309.0,,3,SUR,0.59,
TQBR,2016-03-09,ÔמסÀדנמ אמ,PHOR,823,22545350.0,2900.0,2809.0,2900.0,2875.0,2867.0,2875.0,7863,2867.0,2867.0,2875.0,22545350.0,22545350.0,22545350.0,,3,SUR,-0.52,
TQBR,2016-03-10,ÔמסÀדנמ אמ,PHOR,387,9755404.0,2861.0,2830.0,2892.0,2853.0,2859.0,2853.0,3412,2859.0,2859.0,2853.0,9755404.0,9755404.0,9755404.0,,3,SUR,-0.77,
TQBR,2016-03-11,ÔמסÀדנמ אמ,PHOR,679,23871556.0,2863.0,2806.0,2885.0,2862.0,2838.0,2862.0,8411,2838.0,2838.0,2862.0,23871556.0,23871556.0,23871556.0,,3,SUR,0.32,
TQBR,2016-03-14,ÔמסÀדנמ אמ,PHOR,451,12794842.0,2840.0,2830.0,2886.0,2845.0,2860.0,2845.0,4474,2860.0,2860.0,2845.0,12794842.0,12794842.0,12794842.0,,3,SUR,-0.59,
TQBR,2016-03-15,ÔמסÀדנמ אמ,PHOR,528,20201405.0,2859.0,2840.0,2895.0,2876.0,2881.0,2876.0,7011,2881.0,2881.0,2876.0,20201405.0,20201405.0,20201405.0,,3,SUR,1.09,
TQBR,2016-03-16,ÔמסÀדנמ אמ,PHOR,351,17842319.0,2891.0,2845.0,2891.0,2869.0,2868.0,2863.0,6223,2867.0,2867.0,2869.0,17842319.0,17842319.0,17842319.0,,3,SUR,-0.45,
TQBR,2016-03-17,ÔמסÀדנמ אמ,PHOR,314,12287063.0,2872.0,2847.0,2890.0,2875.0,2868.0,2875.0,4284,2868.0,2868.0,2875.0,12287063.0,12287063.0,12287063.0,,3,SUR,0.42,
TQBR,2016-03-18,ÔמסÀדנמ אמ,PHOR,411,63775008.0,2875.0,2834.0,2890.0,2835.0,2864.0,2835.0,22265,2864.0,2864.0,2835.0,63775008.0,63775008.0,63775008.0,,3,SUR,-1.39,
TQBR,2016-03-21,ÔמסÀדנמ אמ,PHOR,684,27681833.0,2860.0,2795.0,2861.0,2847.0,2826.0,2847.0,9795,2826.0,2826.0,2847.0,27681833.0,27681833.0,27681833.0,,3,SUR,0.42,
TQBR,2016-03-22,ÔמסÀדנמ אמ,PHOR,538,51337235.0,2852.0,2835.0,2894.0,2840.0,2868.0,2840.0,17903,2868.0,2868.0,2840.0,51337235.0,51337235.0,51337235.0,,3,SUR,-0.25,
TQBR,2016-03-23,ÔמסÀדנמ אמ,PHOR,372,14907695.0,2860.0,2837.0,2878.0,2855.0,2858.0,2855.0,5216,2858.0,2858.0,2855.0,14907695.0,14907695.0,14907695.0,,3,SUR,0.53,
TQBR,2016-03-24,ÔמסÀדנמ אמ,PHOR,333,8147419.0,2845.0,2812.0,2859.0,2825.0,2829.0,2825.0,2880,2829.0,2829.0,2825.0,8147419.0,8147419.0,8147419.0,,3,SUR,-1.05,
TQBR,2016-03-25,ÔמסÀדנמ אמ,PHOR,140,4219397.0,2829.0,2812.0,2856.0,2833.0,2839.0,2833.0,1488,2836.0,2836.0,2833.0,4219397.0,4219397.0,4219397.0,,3,SUR,0.28,
TQBR,2016-03-28,ÔמסÀדנמ אמ,PHOR,204,6205590.0,2834.0,2805.0,2847.0,2818.0,2815.0,2817.0,2201,2819.0,2819.0,2818.0,6205590.0,6205590.0,6205590.0,,3,SUR,-0.56,
TQBR,2016-03-29,ÔמסÀדנמ אמ,PHOR,402,12300769.0,2823.0,2792.0,2840.0,2810.0,2810.0,2810.0,4377,2810.0,2810.0,2810.0,12300769.0,12300769.0,12300769.0,,3,SUR,-0.25,
TQBR,2016-03-30,ÔמסÀדנמ אמ,PHOR,663,25862802.0,2820.0,2751.0,2828.0,2772.0,2778.0,2772.0,9311,2778.0,2778.0,2772.0,25862802.0,25862802.0,25862802.0,,3,SUR,-1.35,
TQBR,2016-03-31,ÔמסÀדנמ אמ,PHOR,280,8794025.0,2798.0,2766.0,2809.0,2800.0,2796.0,2800.0,3145,2796.0,2796.0,2800.0,8794025.0,8794025.0,8794025.0,,3,SUR,1.01,
TQBR,2016-04-01,ÔמסÀדנמ אמ,PHOR,647,13129257.0,2788.0,2760.0,2810.0,2774.0,2783.0,2774.0,4718,2783.0,2783.0,2774.0,13129257.0,13129257.0,13129257.0,,3,SUR,-0.93,
TQBR,2016-04-04,ÔמסÀדנמ אמ,PHOR,302,7814606.0,2780.0,2772.0,2814.0,2804.0,2797.0,2799.0,2794,2797.0,2797.0,2804.0,7814606.0,7814606.0,7814606.0,,3,SUR,0.9,
TQBR,2016-04-05,ÔמסÀדנמ אמ,PHOR,414,11856253.0,2801.0,2782.0,2850.0,2846.0,2830.0,2846.0,4190,2830.0,2830.0,2846.0,11856253.0,11856253.0,11856253.0,,3,SUR,1.68,
TQBR,2016-04-06,ÔמסÀדנמ אמ,PHOR,343,10101465.0,2850.0,2774.0,2850.0,2796.0,2814.0,2796.0,3590,2814.0,2814.0,2796.0,10101465.0,10101465.0,10101465.0,,3,SUR,-1.76,
TQBR,2016-04-07,ÔמסÀדנמ אמ,PHOR,253,6629668.0,2785.0,2767.0,2800.0,2768.0,2779.0,2768.0,2386,2779.0,2779.0,2768.0,6629668.0,6629668.0,6629668.0,,3,SUR,-1.0,
TQBR,2016-04-08,ÔמסÀדנמ אמ,PHOR,211,4891959.0,2770.0,2757.0,2790.0,2787.0,2773.0,2789.0,1764,2773.0,2773.0,2787.0,4891959.0,4891959.0,4891959.0,,3,SUR,0.76,
TQBR,2016-04-11,ÔמסÀדנמ אמ,PHOR,560,14082434.0,2780.0,2722.0,2800.0,2756.0,2754.0,2756.0,5114,2754.0,2754.0,2756.0,14082434.0,14082434.0,14082434.0,,3,SUR,-1.18,
TQBR,2016-04-12,ÔמסÀדנמ אמ,PHOR,720,18014565.0,2793.0,2688.0,2793.0,2698.0,2714.0,2698.0,6637,2714.0,2714.0,2698.0,18014565.0,18014565.0,18014565.0,,3,SUR,-2.1,
TQBR,2016-04-13,ÔמסÀדנמ אמ,PHOR,1106,17885125.0,2710.0,2682.0,2754.0,2742.0,2728.0,2739.0,6555,2728.0,2728.0,2742.0,17885125.0,17885125.0,17885125.0,,3,SUR,1.52,
TQBR,2016-04-14,ÔמסÀדנמ אמ,PHOR,945,13401426.0,2746.0,2675.0,2778.0,2717.0,2728.0,2717.0,4913,2728.0,2728.0,2717.0,13401426.0,13401426.0,13401426.0,,3,SUR,-0.8,
TQBR,2016-04-15,ÔמסÀדנמ אמ,PHOR,625,20771181.0,2714.0,2714.0,2796.0,2739.0,2768.0,2739.0,7505,2768.0,2768.0,2739.0,20771181.0,20771181.0,20771181.0,,3,SUR,0.81,
TQBR,2016-04-18,ÔמסÀדנמ אמ,PHOR,1149,38552324.0,2725.0,2701.0,2850.0,2838.0,2809.0,2838.0,13758,2802.0,2802.0,2838.0,38552324.0,38552324.0,38552324.0,,3,SUR,3.61,
TQBR,2016-04-19,ÔמסÀדנמ אמ,PHOR,830,64399766.0,2824.0,2823.0,2870.0,2844.0,2848.0,2844.0,22611,2848.0,2848.0,2844.0,64399766.0,64399766.0,64399766.0,,3,SUR,0.21,
TQBR,2016-04-20,ÔמסÀדנמ אמ,PHOR,1599,120994759.0,2867.0,2836.0,2950.0,2925.0,2902.0,2925.0,41689,2902.0,2902.0,2925.0,120994759.0,120994759.0,120994759.0,,3,SUR,2.85,
TQBR,2016-04-21,ÔמסÀדנמ אמ,PHOR,914,35311033.0,2925.0,2900.0,2967.0,2947.0,2926.0,2947.0,12069,2926.0,2926.0,2947.0,35311033.0,35311033.0,35311033.0,,3,SUR,0.75,
TQBR,2016-04-22,ÔמסÀדנמ אמ,PHOR,1397,48896680.0,2950.0,2870.0,2957.0,2915.0,2907.0,2915.0,16821,2907.0,2907.0,2915.0,48896680.0,48896680.0,48896680.0,,3,SUR,-1.09,
TQBR,2016-04-25,ÔמסÀדנמ אמ,PHOR,940,28331671.0,2936.0,2845.0,2936.0,2865.0,2888.0,2865.0,9810,2888.0,2888.0,2865.0,28331671.0,28331671.0,28331671.0,,3,SUR,-1.72,
TQBR,2016-04-26,ÔמסÀדנמ אמ,PHOR,263,6379278.0,2890.0,2851.0,2890.0,2875.0,2870.0,2875.0,2223,2870.0,2870.0,2875.0,6379278.0,6379278.0,6379278.0,,3,SUR,0.35,
TQBR,2016-04-27,ÔמסÀדנמ אמ,PHOR,373,6299240.0,2853.0,2840.0,2875.0,2851.0,2861.0,2851.0,2202,2861.0,2861.0,2851.0,6299240.0,6299240.0,6299240.0,,3,SUR,-0.83,
TQBR,2016-04-28,ÔמסÀדנמ אמ,PHOR,181,2931207.0,2851.0,2841.0,2872.0,2863.0,2854.0,2863.0,1027,2854.0,2854.0,2863.0,2931207.0,2931207.0,2931207.0,,3,SUR,0.42,
TQBR,2016-04-29,ÔמסÀדנמ אמ,PHOR,179,3504705.0,2844.0,2816.0,2858.0,2838.0,2836.0,2838.0,1236,2836.0,2836.0,2838.0,3504705.0,3504705.0,3504705.0,,3,SUR,-0.87,
TQBR,2016-05-04,ÔמסÀדנמ אמ,PHOR,460,12941345.0,2829.0,2814.0,2894.0,2869.0,2852.0,2869.0,4537,2852.0,2852.0,2869.0,12941345.0,12941345.0,12941345.0,,3,SUR,1.09,
TQBR,2016-05-05,ÔמסÀדנמ אמ,PHOR,364,6155543.0,2864.0,2838.0,2881.0,2848.0,2850.0,2861.0,2160,2850.0,2850.0,2848.0,6155543.0,6155543.0,6155543.0,,3,SUR,-0.28,
TQBR,2016-05-06,ÔמסÀדנמ אמ,PHOR,173,2947313.0,2843.0,2826.0,2855.0,2846.0,2845.0,2846.0,1036,2845.0,2845.0,2846.0,2947313.0,2947313.0,2947313.0,,3,SUR,-0.52,
TQBR,2016-05-10,ÔמסÀדנמ אמ,PHOR,438,23472306.0,2837.0,2831.0,2900.0,2894.0,2887.0,2894.0,8131,2887.0,2887.0,2894.0,23472306.0,23472306.0,23472306.0,,3,SUR,1.69,
TQBR,2016-05-11,ÔמסÀדנמ אמ,PHOR,345,12045234.0,2898.0,2897.0,2941.0,2925.0,2922.0,2925.0,4122,2922.0,2922.0,2925.0,12045234.0,12045234.0,12045234.0,,3,SUR,1.07,
TQBR,2016-05-12,ÔמסÀדנמ אמ,PHOR,737,14524122.0,2906.0,2830.0,2906.0,2840.0,2863.0,2840.0,5073,2863.0,2863.0,2840.0,14524122.0,14524122.0,14524122.0,,3,SUR,-2.91,
TQBR,2016-05-13,ÔמסÀדנמ אמ,PHOR,881,37387821.0,2940.0,2892.0,2948.0,2932.0,2920.0,2932.0,12805,2920.0,2920.0,2932.0,37387821.0,37387821.0,37387821.0,,3,SUR,3.24,
TQBR,2016-05-16,ÔמסÀדנמ אמ,PHOR,802,20282350.0,2927.0,2853.0,2951.0,2876.0,2896.0,2875.0,7004,2896.0,2896.0,2876.0,20282350.0,20282350.0,20282350.0,,3,SUR,-1.94,
TQBR,2016-05-17,ÔמסÀדנמ אמ,PHOR,686,11696365.0,2898.0,2865.0,2902.0,2884.0,2886.0,2884.0,4053,2886.0,2886.0,2884.0,11696365.0,11696365.0,11696365.0,,3,SUR,0.31,
TQBR,2016-05-18,ÔמסÀדנמ אמ,PHOR,205,3079400.0,2905.0,2875.0,2907.0,2889.0,2891.0,2889.0,1065,2891.0,2891.0,2889.0,3079400.0,3079400.0,3079400.0,,3,SUR,0.17,
TQBR,2016-05-19,ÔמסÀדנמ אמ,PHOR,358,8384630.0,2885.0,2855.0,2900.0,2881.0,2875.0,2881.0,2916,2875.0,2875.0,2881.0,8384630.0,8384630.0,8384630.0,,3,SUR,-0.28,
TQBR,2016-05-20,ÔמסÀדנמ אמ,PHOR,216,7117312.0,2876.0,2867.0,2904.0,2888.0,2892.0,2888.0,2461,2892.0,2892.0,2888.0,7117312.0,7117312.0,7117312.0,,3,SUR,0.24,
TQBR,2016-05-23,ÔמסÀדנמ אמ,PHOR,213,4123691.0,2876.0,2873.0,2906.0,2899.0,2896.0,2899.0,1424,2896.0,2896.0,2899.0,4123691.0,4123691.0,4123691.0,,3,SUR,0.38,
TQBR,2016-05-24,ÔמסÀדנמ אמ,PHOR,265,6621016.0,2895.0,2881.0,2940.0,2920.0,2913.0,2920.0,2273,2913.0,2913.0,2920.0,6621016.0,6621016.0,6621016.0,,3,SUR,0.72,
TQBR,2016-05-25,ÔמסÀדנמ אמ,PHOR,761,36403676.0,2916.0,2890.0,2965.0,2922.0,2929.0,2922.0,12430,2929.0,2929.0,2922.0,36403676.0,36403676.0,36403676.0,,3,SUR,0.07,
TQBR,2016-05-26,ÔמסÀדנמ אמ,PHOR,326,7640476.0,2905.0,2894.0,2928.0,2904.0,2907.0,2904.0,2628,2907.0,2907.0,2904.0,7640476.0,7640476.0,7640476.0,,3,SUR,-0.62,
TQBR,2016-05-27,ÔמסÀדנמ אמ,PHOR,274,36282585.0,2915.0,2904.0,2920.0,2916.0,2915.0,2916.0,12448,2915.0,2915.0,2916.0,36282585.0,36282585.0,36282585.0,,3,SUR,0.41,
TQBR,2016-05-30,ÔמסÀדנמ אמ,PHOR,323,7563087.0,2921.0,2921.0,2959.0,2945.0,2945.0,2945.0,2568,2945.0,2945.0,2945.0,7563087.0,7563087.0,7563087.0,,3,SUR,0.99,
TQBR,2016-05-31,ÔמסÀדנמ אמ,PHOR,669,32099222.0,2955.0,2870.0,2955.0,2880.0,2929.0,2880.0,10958,2929.0,2929.0,2880.0,32099222.0,32099222.0,32099222.0,,3,SUR,-2.21,
TQBR,2016-06-01,ÔמסÀדנמ אמ,PHOR,1408,67285274.0,2875.0,2770.0,2901.0,2775.0,2796.0,2775.0,23919,2813.0,2813.0,2775.0,67285274.0,67285274.0,67285274.0,,3,SUR,-3.65,
TQBR,2016-06-02,ÔמסÀדנמ אמ,PHOR,523,44604808.0,2783.0,2761.0,2789.0,2771.0,2773.0,2771.0,16087,2773.0,2773.0,2771.0,44604808.0,44604808.0,44604808.0,,3,SUR,-0.14,
TQBR,2016-06-03,ÔמסÀדנמ אמ,PHOR,692,17739455.0,2782.0,2740.0,2822.0,2785.0,2780.0,2785.0,6380,2780.0,2780.0,2785.0,17739455.0,17739455.0,17739455.0,,3,SUR,0.51,
TQBR,2016-06-06,ÔמסÀדנמ אמ,PHOR,473,12301213.0,2800.0,2780.0,2848.0,2840.0,2826.0,2840.0,4353,2826.0,2826.0,2840.0,12301213.0,12301213.0,12301213.0,,3,SUR,1.97,
TQBR,2016-06-07,ÔמסÀדנמ אמ,PHOR,537,23873668.0,2831.0,2812.0,2880.0,2845.0,2835.0,2845.0,8420,2835.0,2835.0,2845.0,23873668.0,23873668.0,23873668.0,,3,SUR,0.18,
TQBR,2016-06-08,ÔמסÀדנמ אמ,PHOR,577,18471938.0,2844.0,2808.0,2860.0,2825.0,2830.0,2825.0,6528,2830.0,2830.0,2825.0,18471938.0,18471938.0,18471938.0,,3,SUR,-0.7,
TQBR,2016-06-09,ÔמסÀדנמ אמ,PHOR,850,23910291.0,2776.0,2737.0,2799.0,2760.0,2763.0,2760.0,8653,2763.0,2763.0,2760.0,23910291.0,23910291.0,23910291.0,,3,SUR,-2.3,
TQBR,2016-06-10,ÔמסÀדנמ אמ,PHOR,347,5982412.0,2757.0,2715.0,2759.0,2745.0,2742.0,2745.0,2182,2742.0,2742.0,2745.0,5982412.0,5982412.0,5982412.0,,3,SUR,-0.54,
TQBR,2016-06-14,ÔמסÀדנמ אמ,PHOR,173,3666316.0,2750.0,2743.0,2769.0,2767.0,2752.0,2768.0,1332,2752.0,2752.0,2767.0,3666316.0,3666316.0,3666316.0,,3,SUR,0.84,
TQBR,2016-06-15,ÔמסÀדנמ אמ,PHOR,370,14781856.0,2768.0,2717.0,2768.0,2730.0,2729.0,2730.0,5417,2729.0,2729.0,2730.0,14781856.0,14781856.0,14781856.0,,3,SUR,-1.37,
TQBR,2016-06-16,ÔמסÀדנמ אמ,PHOR,456,13709464.0,2731.0,2731.0,2794.0,2772.0,2772.0,2771.0,4946,2772.0,2772.0,2772.0,13709464.0,13709464.0,13709464.0,,3,SUR,1.5,
TQBR,2016-06-17,ÔמסÀדנמ אמ,PHOR,431,10007443.0,2750.0,2740.0,2790.0,2779.0,2772.0,2790.0,3610,2772.0,2772.0,2779.0,10007443.0,10007443.0,10007443.0,,3,SUR,0.69,
TQBR,2016-06-20,ÔמסÀדנמ אמ,PHOR,201,2524790.0,2791.0,2750.0,2791.0,2760.0,2762.0,2765.0,914,2762.0,2762.0,2760.0,2524790.0,2524790.0,2524790.0,,3,SUR,-0.9,
TQBR,2016-06-21,ÔמסÀדנמ אמ,PHOR,342,8047606.0,2750.0,2742.0,2791.0,2786.0,2782.0,2786.0,2893,2782.0,2782.0,2786.0,8047606.0,8047606.0,8047606.0,,3,SUR,0.76,
TQBR,2016-06-22,ÔמסÀדנמ אמ,PHOR,369,12330399.0,2752.0,2751.0,2781.0,2757.0,2760.0,2757.0,4468,2760.0,2760.0,2757.0,12330399.0,12330399.0,12330399.0,,3,SUR,-1.04,
TQBR,2016-06-23,ÔמסÀדנמ אמ,PHOR,291,4424804.0,2741.0,2730.0,2769.0,2737.0,2748.0,2738.0,1610,2748.0,2748.0,2737.0,4424804.0,4424804.0,4424804.0,,3,SUR,-0.69,
TQBR,2016-06-24,ÔמסÀדנמ אמ,PHOR,730,21760327.0,2700.0,2675.0,2799.0,2779.0,2748.0,2779.0,7949,2737.0,2737.0,2779.0,21760327.0,21760327.0,21760327.0,,3,SUR,1.5,
TQBR,2016-06-27,ÔמסÀדנמ אמ,PHOR,691,9204111.0,2766.0,2733.0,2797.0,2769.0,2757.0,2769.0,3338,2757.0,2757.0,2769.0,9204111.0,9204111.0,9204111.0,,3,SUR,-0.36,
TQBR,2016-06-28,ÔמסÀדנמ אמ,PHOR,746,8068959.0,2709.0,2709.0,2789.0,2788.0,2781.0,2788.0,2901,2781.0,2781.0,2788.0,8068959.0,8068959.0,8068959.0,,3,SUR,0.69,
TQBR,2016-06-29,ÔמסÀדנמ אמ,PHOR,857,10407626.0,2791.0,2750.0,2796.0,2785.0,2772.0,2785.0,3755,2772.0,2772.0,2785.0,10407626.0,10407626.0,10407626.0,,3,SUR,-0.11,
TQBR,2016-06-30,ÔמסÀדנמ אמ,PHOR,518,7888735.0,2793.0,2750.0,2796.0,2757.0,2777.0,2769.0,2841,2777.0,2777.0,2757.0,7888735.0,7888735.0,7888735.0,,3,SUR,-0.57,
TQBR,2016-07-01,ÔמסÀדנמ אמ,PHOR,336,6728788.0,2769.0,2742.0,2777.0,2742.0,2754.0,2742.0,2443,2754.0,2754.0,2742.0,6728788.0,6728788.0,6728788.0,,3,SUR,-0.98,
TQBR,2016-07-04,ÔמסÀדנמ אמ,PHOR,484,9191795.0,2761.0,2700.0,2772.0,2718.0,2742.0,2718.0,3352,2742.0,2742.0,2718.0,9191795.0,9191795.0,9191795.0,,3,SUR,-0.88,
TQBR,2016-07-05,ÔמסÀדנמ אמ,PHOR,1559,34857079.0,2725.0,2635.0,2746.0,2649.0,2669.0,2649.0,13060,2669.0,2669.0,2649.0,34857079.0,34857079.0,34857079.0,,3,SUR,-2.54,
TQBR,2016-07-06,ÔמסÀדנמ אמ,PHOR,1496,29243322.0,2659.0,2579.0,2672.0,2580.0,2606.0,2580.0,11220,2606.0,2606.0,2580.0,29243322.0,29243322.0,29243322.0,,3,SUR,-2.6,
TQBR,2016-07-07,ÔמסÀדנמ אמ,PHOR,591,9229343.0,2598.0,2590.0,2645.0,2626.0,2620.0,2626.0,3523,2620.0,2620.0,2626.0,9229343.0,9229343.0,9229343.0,,3,SUR,1.78,
TQBR,2016-07-08,ÔמסÀדנמ אמ,PHOR,889,22770943.0,2636.0,2560.0,2636.0,2593.0,2586.0,2593.0,8807,2586.0,2586.0,2593.0,22770943.0,22770943.0,22770943.0,,3,SUR,-1.26,
TQBR,2016-07-11,ÔמסÀדנמ אמ,PHOR,1050,29335557.0,2597.0,2548.0,2607.0,2578.0,2575.0,2578.0,11394,2575.0,2575.0,2578.0,29335557.0,29335557.0,29335557.0,,3,SUR,-0.58,
TQBR,2016-07-12,ÔמסÀדנמ אמ,PHOR,1961,75085133.0,2580.0,2504.0,2580.0,2535.0,2533.0,2535.0,29641,2533.0,2533.0,2535.0,75085133.0,75085133.0,75085133.0,,3,SUR,-1.67,
TQBR,2016-07-13,ÔמסÀדנמ אמ,PHOR,1686,49845919.0,2541.0,2501.0,2548.0,2520.0,2522.0,2520.0,19768,2522.0,2522.0,2520.0,49845919.0,49845919.0,49845919.0,,3,SUR,-0.59,
TQBR,2016-07-14,ÔמסÀדנמ אמ,PHOR,746,25207006.0,2536.0,2506.0,2536.0,2517.0,2516.0,2517.0,10017,2516.0,2516.0,2517.0,25207006.0,25207006.0,25207006.0,,3,SUR,-0.12,
TQBR,2016-07-15,ÔמסÀדנמ אמ,PHOR,1006,27902298.0,2537.0,2515.0,2589.0,2589.0,2562.0,2589.0,10889,2562.0,2562.0,2589.0,27902298.0,27902298.0,27902298.0,,3,SUR,2.86,
TQBR,2016-07-18,ÔמסÀדנמ אמ,PHOR,860,25712068.0,2590.0,2590.0,2650.0,2648.0,2628.0,2648.0,9785,2628.0,2628.0,2648.0,25712068.0,25712068.0,25712068.0,,3,SUR,2.28,
TQBR,2016-07-19,ÔמסÀדנמ אמ,PHOR,951,25206884.0,2654.0,2617.0,2687.0,2648.0,2656.0,2648.0,9492,2656.0,2656.0,2648.0,25206884.0,25206884.0,25206884.0,,3,SUR,0.0,
TQBR,2016-07-20,ÔמסÀדנמ אמ,PHOR,512,10904099.0,2635.0,2620.0,2653.0,2642.0,2634.0,2645.0,4139,2634.0,2634.0,2642.0,10904099.0,10904099.0,10904099.0,,3,SUR,-0.11,
TQBR,2016-07-21,ÔמסÀדנמ אמ,PHOR,348,14221595.0,2642.0,2622.0,2654.0,2632.0,2633.0,2632.0,5402,2633.0,2633.0,2632.0,14221595.0,14221595.0,14221595.0,,3,SUR,-0.49,
TQBR,2016-07-22,ÔמסÀדנמ אמ,PHOR,386,22096404.0,2634.0,2631.0,2657.0,2649.0,2638.0,2649.0,8369,2640.0,2640.0,2649.0,22096404.0,22096404.0,22096404.0,,3,SUR,0.65,
TQBR,2016-07-25,ÔמסÀדנמ אמ,PHOR,579,20291785.0,2650.0,2636.0,2669.0,2653.0,2653.0,2653.0,7650,2653.0,2653.0,2653.0,20291785.0,20291785.0,20291785.0,,3,SUR,0.15,
TQBR,2016-07-26,ÔמסÀדנמ אמ,PHOR,657,29735351.0,2660.0,2646.0,2714.0,2700.0,2687.0,2700.0,11067,2687.0,2687.0,2700.0,29735351.0,29735351.0,29735351.0,,3,SUR,1.77,
TQBR,2016-07-27,ÔמסÀדנמ אמ,PHOR,572,14126788.0,2703.0,2680.0,2721.0,2690.0,2702.0,2690.0,5229,2702.0,2702.0,2690.0,14126788.0,14126788.0,14126788.0,,3,SUR,-0.37,
TQBR,2016-07-28,ÔמסÀדנמ אמ,PHOR,579,14962366.0,2693.0,2693.0,2736.0,2700.0,2720.0,2700.0,5501,2720.0,2720.0,2700.0,14962366.0,14962366.0,14962366.0,,3,SUR,0.37,
TQBR,2016-07-29,ÔמסÀדנמ אמ,PHOR,392,17158676.0,2705.0,2704.0,2731.0,2715.0,2719.0,2715.0,6311,2719.0,2719.0,2715.0,17158676.0,17158676.0,17158676.0,,3,SUR,0.56,
TQBR,2016-08-01,ÔמסÀדנמ אמ,PHOR,392,9924936.0,2730.0,2704.0,2734.0,2722.0,2714.0,2722.0,3657,2714.0,2714.0,2722.0,9924936.0,9924936.0,9924936.0,,3,SUR,0.26,
TQBR,2016-08-02,ÔמסÀדנמ אמ,PHOR,411,10964778.0,2713.0,2705.0,2729.0,2714.0,2714.0,2714.0,4040,2714.0,2714.0,2714.0,10964778.0,10964778.0,10964778.0,,3,SUR,-0.29,
TQBR,2016-08-03,ÔמסÀדנמ אמ,PHOR,408,11878096.0,2715.0,2707.0,2735.0,2725.0,2721.0,2729.0,4366,2721.0,2721.0,2725.0,11878096.0,11878096.0,11878096.0,,3,SUR,0.55,
TQBR,2016-08-04,ÔמסÀדנמ אמ,PHOR,502,18295778.0,2720.0,2706.0,2734.0,2727.0,2722.0,2727.0,6721,2722.0,2722.0,2727.0,18295778.0,18295778.0,18295778.0,,3,SUR,-0.07,
TQBR,2016-08-05,ÔמסÀדנמ אמ,PHOR,636,33117594.0,2732.0,2707.0,2735.0,2721.0,2715.0,2721.0,12197,2715.0,2715.0,2721.0,33117594.0,33117594.0,33117594.0,,3,SUR,-0.22,
TQBR,2016-08-08,ÔמסÀדנמ אמ,PHOR,1001,41763496.0,2728.0,2705.0,2735.0,2721.0,2717.0,2721.0,15370,2717.0,2717.0,2721.0,41763496.0,41763496.0,41763496.0,,3,SUR,0.0,
TQBR,2016-08-09,ÔמסÀדנמ אמ,PHOR,1206,41491808.0,2670.0,2515.0,2674.0,2670.0,2652.0,2670.0,15648,2652.0,2652.0,2670.0,41491808.0,41491808.0,41491808.0,,3,SUR,-1.87,
TQBR,2016-08-10,ÔמסÀדנמ אמ,PHOR,722,16700507.0,2661.0,2640.0,2680.0,2661.0,2659.0,2661.0,6274,2662.0,2662.0,2661.0,16700507.0,16700507.0,16700507.0,,3,SUR,-0.34,
TQBR,2016-08-11,ÔמסÀדנמ אמ,PHOR,801,14499795.0,2656.0,2641.0,2665.0,2644.0,2654.0,2657.0,5467,2652.0,2652.0,2644.0,14499795.0,14499795.0,14499795.0,,3,SUR,-0.15,
TQBR,2016-08-12,ÔמסÀדנמ אמ,PHOR,339,8128721.0,2654.0,2643.0,2669.0,2663.0,2659.0,2663.0,3057,2659.0,2659.0,2663.0,8128721.0,8128721.0,8128721.0,,3,SUR,0.23,
TQBR,2016-08-15,ÔמסÀדנמ אמ,PHOR,347,6570449.0,2679.0,2650.0,2679.0,2656.0,2658.0,2656.0,2472,2658.0,2658.0,2656.0,6570449.0,6570449.0,6570449.0,,3,SUR,-0.26,
TQBR,2016-08-16,ÔמסÀדנמ אמ,PHOR,597,15472799.0,2652.0,2635.0,2664.0,2636.0,2646.0,2636.0,5847,2646.0,2646.0,2636.0,15472799.0,15472799.0,15472799.0,,3,SUR,-0.75,
TQBR,2016-08-17,ÔמסÀדנמ אמ,PHOR,950,36753546.0,2643.0,2605.0,2643.0,2621.0,2623.0,2621.0,14013,2623.0,2623.0,2621.0,36753546.0,36753546.0,36753546.0,,3,SUR,-0.57,
TQBR,2016-08-18,ÔמסÀדנמ אמ,PHOR,1636,46536910.0,2631.0,2555.0,2631.0,2579.0,2577.0,2580.0,18059,2577.0,2577.0,2579.0,46536910.0,46536910.0,46536910.0,,3,SUR,-1.56,
TQBR,2016-08-19,ÔמסÀדנמ אמ,PHOR,500,9859544.0,2581.0,2571.0,2595.0,2584.0,2584.0,2584.0,3815,2584.0,2584.0,2584.0,9859544.0,9859544.0,9859544.0,,3,SUR,0.16,
TQBR,2016-08-22,ÔמסÀדנמ אמ,PHOR,586,17626505.0,2596.0,2579.0,2603.0,2597.0,2593.0,2597.0,6798,2593.0,2593.0,2597.0,17626505.0,17626505.0,17626505.0,,3,SUR,0.5,
TQBR,2016-08-23,ÔמסÀדנמ אמ,PHOR,380,6574790.0,2600.0,2590.0,2617.0,2599.0,2601.0,2599.0,2528,2601.0,2601.0,2599.0,6574790.0,6574790.0,6574790.0,,3,SUR,0.08,
TQBR,2016-08-24,ÔמסÀדנמ אמ,PHOR,222,6280414.0,2599.0,2584.0,2600.0,2587.0,2594.0,2586.0,2421,2594.0,2594.0,2587.0,6280414.0,6280414.0,6280414.0,,3,SUR,-0.5,
TQBR,2016-08-25,ÔמסÀדנמ אמ,PHOR,358,7095118.0,2597.0,2561.0,2600.0,2578.0,2580.0,2580.0,2750,2580.0,2580.0,2578.0,7095118.0,7095118.0,7095118.0,,3,SUR,-0.23,
TQBR,2016-08-26,ÔמסÀדנמ אמ,PHOR,532,13925333.0,2584.0,2566.0,2610.0,2571.0,2585.0,2571.0,5388,2585.0,2585.0,2571.0,13925333.0,13925333.0,13925333.0,,3,SUR,-0.35,
TQBR,2016-08-29,ÔמסÀדנמ אמ,PHOR,255,5057177.0,2579.0,2569.0,2585.0,2570.0,2575.0,2569.0,1964,2575.0,2575.0,2570.0,5057177.0,5057177.0,5057177.0,,3,SUR,-0.08,
TQBR,2016-08-30,ÔמסÀדנמ אמ,PHOR,336,8775285.0,2582.0,2554.0,2582.0,2574.0,2569.0,2574.0,3416,2569.0,2569.0,2574.0,8775285.0,8775285.0,8775285.0,,3,SUR,0.19,
TQBR,2016-08-31,ÔמסÀדנמ אמ,PHOR,811,20527500.0,2578.0,2543.0,2595.0,2586.0,2565.0,2586.0,8002,2565.0,2565.0,2586.0,20527500.0,20527500.0,20527500.0,,3,SUR,0.47,
TQBR,2016-09-01,ÔמסÀדנמ אמ,PHOR,370,13097270.0,2581.0,2581.0,2601.0,2585.0,2592.0,2585.0,5053,2592.0,2592.0,2585.0,13097270.0,13097270.0,13097270.0,,3,SUR,-0.04,
TQBR,2016-09-02,ÔמסÀדנמ אמ,PHOR,176,5184047.0,2593.0,2580.0,2595.0,2591.0,2588.0,2591.0,2003,2588.0,2588.0,2591.0,5184047.0,5184047.0,5184047.0,,3,SUR,0.23,
TQBR,2016-09-05,ÔמסÀדנמ אמ,PHOR,442,11610739.0,2593.0,2585.0,2608.0,2602.0,2600.0,2602.0,4466,2600.0,2600.0,2602.0,11610739.0,11610739.0,11610739.0,,3,SUR,0.42,
TQBR,2016-09-06,ÔמסÀדנמ אמ,PHOR,441,14954099.0,2604.0,2581.0,2610.0,2593.0,2587.0,2593.0,5780,2587.0,2587.0,2593.0,14954099.0,14954099.0,14954099.0,,3,SUR,-0.35,
TQBR,2016-09-07,ÔמסÀדנמ אמ,PHOR,367,6869494.0,2600.0,2577.0,2601.0,2586.0,2584.0,2586.0,2658,2584.0,2584.0,2586.0,6869494.0,6869494.0,6869494.0,,3,SUR,-0.27,
TQBR,2016-09-08,ÔמסÀדנמ אמ,PHOR,621,15271425.0,2585.0,2480.0,2588.0,2563.0,2550.0,2563.0,5989,2550.0,2550.0,2563.0,15271425.0,15271425.0,15271425.0,,3,SUR,-0.89,
TQBR,2016-09-09,ÔמסÀדנמ אמ,PHOR,262,9130608.0,2553.0,2551.0,2585.0,2585.0,2573.0,2585.0,3549,2573.0,2573.0,2585.0,9130608.0,9130608.0,9130608.0,,3,SUR,0.86,
TQBR,2016-09-12,ÔמסÀדנמ אמ,PHOR,514,11282198.0,2582.0,2515.0,2582.0,2553.0,2554.0,2553.0,4417,2554.0,2554.0,2553.0,11282198.0,11282198.0,11282198.0,,3,SUR,-1.24,
TQBR,2016-09-13,ÔמסÀדנמ אמ,PHOR,472,17533109.0,2554.0,2540.0,2557.0,2547.0,2545.0,2547.0,6887,2546.0,2546.0,2547.0,17533109.0,17533109.0,17533109.0,,3,SUR,-0.24,
TQBR,2016-09-14,ÔמסÀדנמ אמ,PHOR,204,3123696.0,2538.0,2537.0,2557.0,2548.0,2550.0,2547.0,1225,2550.0,2550.0,2548.0,3123696.0,3123696.0,3123696.0,,3,SUR,0.0,
TQBR,2016-09-15,ÔמסÀדנמ אמ,PHOR,350,5887237.0,2549.0,2530.0,2558.0,2547.0,2545.0,2547.0,2313,2545.0,2545.0,2547.0,5887237.0,5887237.0,5887237.0,,3,SUR,0.0,
TQBR,2016-09-16,ÔמסÀדנמ אמ,PHOR,285,4567593.0,2547.0,2537.0,2558.0,2551.0,2549.0,2551.0,1792,2549.0,2549.0,2551.0,4567593.0,4567593.0,4567593.0,,3,SUR,0.16,
TQBR,2016-09-19,ÔמסÀדנמ אמ,PHOR,315,6013445.0,2553.0,2545.0,2570.0,2569.0,2560.0,2569.0,2349,2560.0,2560.0,2569.0,6013445.0,6013445.0,6013445.0,,3,SUR,0.71,
TQBR,2016-09-20,ÔמסÀדנמ אמ,PHOR,214,6396719.0,2558.0,2558.0,2588.0,2570.0,2574.0,2570.0,2485,2574.0,2574.0,2570.0,6396719.0,6396719.0,6396719.0,,3,SUR,0.04,
TQBR,2016-09-21,ÔמסÀדנמ אמ,PHOR,656,19714340.0,2570.0,2561.0,2600.0,2599.0,2585.0,2599.0,7626,2585.0,2585.0,2599.0,19714340.0,19714340.0,19714340.0,,3,SUR,1.13,
TQBR,2016-09-22,ÔמסÀדנמ אמ,PHOR,602,23293307.0,2601.0,2569.0,2617.0,2573.0,2587.0,2573.0,9006,2586.0,2586.0,2573.0,23293307.0,23293307.0,23293307.0,,3,SUR,-1.0,
TQBR,2016-09-23,ÔמסÀדנמ אמ,PHOR,1105,27837282.0,2586.0,2531.0,2587.0,2547.0,2554.0,2547.0,10899,2554.0,2554.0,2547.0,27837282.0,27837282.0,27837282.0,,3,SUR,-1.01,
TQBR,2016-09-26,ÔמסÀדנמ אמ,PHOR,537,12879638.0,2542.0,2531.0,2575.0,2560.0,2546.0,2560.0,5058,2546.0,2546.0,2560.0,12879638.0,12879638.0,12879638.0,,3,SUR,0.51,
TQBR,2016-09-27,ÔמסÀדנמ אמ,PHOR,356,8355953.0,2560.0,2532.0,2569.0,2546.0,2546.0,2546.0,3282,2546.0,2546.0,2546.0,8355953.0,8355953.0,8355953.0,,3,SUR,-0.55,
TQBR,2016-09-28,ÔמסÀדנמ אמ,PHOR,328,14762966.0,2545.0,2526.0,2560.0,2535.0,2535.0,2535.0,5823,2535.0,2535.0,2535.0,14762966.0,14762966.0,14762966.0,,3,SUR,-0.43,
TQBR,2016-09-29,ÔמסÀדנמ אמ,PHOR,1143,27583105.0,2548.0,2484.0,2548.0,2524.0,2506.0,2524.0,11007,2506.0,2506.0,2524.0,27583105.0,27583105.0,27583105.0,,3,SUR,-0.43,
TQBR,2016-09-30,ÔמסÀדנמ אמ,PHOR,1276,20470793.0,2528.0,2460.0,2528.0,2490.0,2484.0,2490.0,8240,2484.0,2484.0,2490.0,20470793.0,20470793.0,20470793.0,,3,SUR,-1.35,
TQBR,2016-10-03,ÔמסÀדנמ אמ,PHOR,885,21193688.0,2490.0,2442.0,2491.0,2453.0,2456.0,2453.0,8629,2456.0,2456.0,2453.0,21193688.0,21193688.0,21193688.0,,3,SUR,-1.49,
TQBR,2016-10-04,ÔמסÀדנמ אמ,PHOR,959,14530609.0,2446.0,2416.0,2458.0,2458.0,2445.0,2458.0,5942,2445.0,2445.0,2458.0,14530609.0,14530609.0,14530609.0,,3,SUR,0.2,
TQBR,2016-10-05,ÔמסÀדנמ אמ,PHOR,657,14398965.0,2446.0,2421.0,2450.0,2440.0,2435.0,2440.0,5913,2435.0,2435.0,2440.0,14398965.0,14398965.0,14398965.0,,3,SUR,-0.73,
TQBR,2016-10-06,ÔמסÀדנמ אמ,PHOR,291,4586418.0,2439.0,2430.0,2448.0,2440.0,2441.0,2439.0,1879,2441.0,2441.0,2440.0,4586418.0,4586418.0,4586418.0,,3,SUR,-0.04,
TQBR,2016-10-07,ÔמסÀדנמ אמ,PHOR,716,11118770.0,2441.0,2409.0,2448.0,2421.0,2424.0,2421.0,4587,2424.0,2424.0,2421.0,11118770.0,11118770.0,11118770.0,,3,SUR,-0.74,
TQBR,2016-10-10,ÔמסÀדנמ אמ,PHOR,437,5765845.0,2406.0,2406.0,2445.0,2423.0,2431.0,2423.0,2372,2431.0,2431.0,2423.0,5765845.0,5765845.0,5765845.0,,3,SUR,0.08,
TQBR,2016-10-11,ÔמסÀדנמ אמ,PHOR,466,7819176.0,2427.0,2418.0,2440.0,2432.0,2430.0,2432.0,3218,2430.0,2430.0,2432.0,7819176.0,7819176.0,7819176.0,,3,SUR,0.37,
TQBR,2016-10-12,ÔמסÀדנמ אמ,PHOR,634,13604260.0,2431.0,2411.0,2446.0,2446.0,2422.0,2446.0,5596,2431.0,2431.0,2446.0,13604260.0,13604260.0,13604260.0,,3,SUR,0.58,
TQBR,2016-10-13,ÔמסÀדנמ אמ,PHOR,883,18318463.0,2418.0,2388.0,2448.0,2429.0,2433.0,2429.0,7570,2420.0,2420.0,2429.0,18318463.0,18318463.0,18318463.0,,3,SUR,-0.7,
TQBR,2016-10-14,ÔמסÀדנמ אמ,PHOR,246,3829069.0,2412.0,2412.0,2439.0,2420.0,2427.0,2420.0,1578,2427.0,2427.0,2420.0,3829069.0,3829069.0,3829069.0,,3,SUR,-0.37,
TQBR,2016-10-17,ÔמסÀדנמ אמ,PHOR,252,4290420.0,2420.0,2411.0,2434.0,2419.0,2420.0,2419.0,1773,2420.0,2420.0,2419.0,4290420.0,4290420.0,4290420.0,,3,SUR,-0.04,
TQBR,2016-10-18,ÔמסÀדנמ אמ,PHOR,630,10492164.0,2403.0,2399.0,2440.0,2410.0,2419.0,2410.0,4337,2419.0,2419.0,2410.0,10492164.0,10492164.0,10492164.0,,3,SUR,-0.37,
TQBR,2016-10-19,ÔמסÀדנמ אמ,PHOR,1031,18639129.0,2416.0,2351.0,2417.0,2357.0,2378.0,2357.0,7839,2378.0,2378.0,2357.0,18639129.0,18639129.0,18639129.0,,3,SUR,-2.2,
TQBR,2016-10-20,ÔמסÀדנמ אמ,PHOR,2880,71415092.0,2369.0,2195.0,2369.0,2240.0,2264.0,2240.0,31542,2264.0,2264.0,2240.0,71415092.0,71415092.0,71415092.0,,3,SUR,-4.96,
TQBR,2016-10-21,ÔמסÀדנמ אמ,PHOR,1345,74904538.0,2240.0,2200.0,2284.0,2225.0,2239.0,2225.0,33356,2246.0,2246.0,2225.0,74904538.0,74904538.0,74904538.0,,3,SUR,-0.67,
TQBR,2016-10-24,ÔמסÀדנמ אמ,PHOR,893,39153742.0,2235.0,2210.0,2293.0,2291.0,2266.0,2291.0,17279,2266.0,2266.0,2291.0,39153742.0,39153742.0,39153742.0,,3,SUR,2.97,
TQBR,2016-10-25,ÔמסÀדנמ אמ,PHOR,1064,40801980.0,2303.0,2283.0,2345.0,2300.0,2304.0,2300.0,17712,2304.0,2304.0,2300.0,40801980.0,40801980.0,40801980.0,,3,SUR,0.39,
TQBR,2016-10-26,ÔמסÀדנמ אמ,PHOR,612,24146551.0,2313.0,2285.0,2335.0,2330.0,2309.0,2330.0,10456,2309.0,2309.0,2330.0,24146551.0,24146551.0,24146551.0,,3,SUR,1.3,
TQBR,2016-10-27,ÔמסÀדנמ אמ,PHOR,438,9280925.0,2343.0,2330.0,2356.0,2352.0,2347.0,2353.0,3955,2347.0,2347.0,2352.0,9280925.0,9280925.0,9280925.0,,3,SUR,0.99,
TQBR,2016-10-28,ÔמסÀדנמ אמ,PHOR,334,6350608.0,2353.0,2331.0,2360.0,2341.0,2340.0,2341.0,2714,2340.0,2340.0,2341.0,6350608.0,6350608.0,6350608.0,,3,SUR,-0.51,
TQBR,2016-10-31,ÔמסÀדנמ אמ,PHOR,406,10948948.0,2321.0,2321.0,2380.0,2360.0,2369.0,2360.0,4621,2369.0,2369.0,2360.0,10948948.0,10948948.0,10948948.0,,3,SUR,0.81,
TQBR,2016-11-01,ÔמסÀדנמ אמ,PHOR,5102,38023726.0,2369.0,2290.0,2369.0,2313.0,2309.0,2313.0,16455,2311.0,2311.0,2313.0,38023726.0,38023726.0,38023726.0,,3,SUR,-1.99,
TQBR,2016-11-02,ÔמסÀדנמ אמ,PHOR,720,15789539.0,2317.0,2295.0,2334.0,2295.0,2311.0,2295.0,6831,2311.0,2311.0,2295.0,15789539.0,15789539.0,15789539.0,,3,SUR,-0.78,
TQBR,2016-11-03,ÔמסÀדנמ אמ,PHOR,804,17409891.0,2304.0,2240.0,2326.0,2250.0,2265.0,2250.0,7688,2265.0,2265.0,2250.0,17409891.0,17409891.0,17409891.0,,3,SUR,-1.96,
TQBR,2016-11-07,ÔמסÀדנמ אמ,PHOR,550,9652726.0,2255.0,2224.0,2262.0,2259.0,2240.0,2259.0,4310,2240.0,2240.0,2259.0,9652726.0,9652726.0,9652726.0,,3,SUR,0.4,
TQBR,2016-11-08,ÔמסÀדנמ אמ,PHOR,784,26523639.0,2246.0,2246.0,2356.0,2331.0,2322.0,2331.0,11422,2322.0,2322.0,2331.0,26523639.0,26523639.0,26523639.0,,3,SUR,3.19,
TQBR,2016-11-09,ÔמסÀדנמ אמ,PHOR,421,5951727.0,2330.0,2307.0,2353.0,2340.0,2332.0,2340.0,2553,2331.0,2331.0,2340.0,5951727.0,5951727.0,5951727.0,,3,SUR,0.39,
TQBR,2016-11-10,ÔמסÀדנמ אמ,PHOR,504,19775447.0,2340.0,2332.0,2377.0,2370.0,2360.0,2370.0,8380,2360.0,2360.0,2370.0,19775447.0,19775447.0,19775447.0,,3,SUR,1.28,
TQBR,2016-11-11,ÔמסÀדנמ אמ,PHOR,999,23632535.0,2380.0,2340.0,2450.0,2416.0,2406.0,2416.0,9822,2406.0,2406.0,2416.0,23632535.0,23632535.0,23632535.0,,3,SUR,1.94,
TQBR,2016-11-14,ÔמסÀדנמ אמ,PHOR,447,16934020.0,2409.0,2409.0,2449.0,2437.0,2435.0,2440.0,6953,2435.0,2435.0,2437.0,16934020.0,16934020.0,16934020.0,,3,SUR,0.99,
TQBR,2016-11-15,ÔמסÀדנמ אמ,PHOR,519,13169481.0,2420.0,2420.0,2490.0,2469.0,2465.0,2469.0,5342,2465.0,2465.0,2469.0,13169481.0,13169481.0,13169481.0,,3,SUR,1.19,
TQBR,2016-11-16,ÔמסÀדנמ אמ,PHOR,407,12421785.0,2480.0,2451.0,2487.0,2454.0,2471.0,2454.0,5027,2471.0,2471.0,2454.0,12421785.0,12421785.0,12421785.0,,3,SUR,-0.61,
TQBR,2016-11-17,ÔמסÀדנמ אמ,PHOR,726,27044593.0,2454.0,2454.0,2507.0,2495.0,2496.0,2495.0,10835,2496.0,2496.0,2495.0,27044593.0,27044593.0,27044593.0,,3,SUR,1.67,
TQBR,2016-11-18,ÔמסÀדנמ אמ,PHOR,724,16212416.0,2503.0,2485.0,2535.0,2492.0,2512.0,2492.0,6453,2512.0,2512.0,2492.0,16212416.0,16212416.0,16212416.0,,3,SUR,-0.12,
TQBR,2016-11-21,ÔמסÀדנמ אמ,PHOR,808,20200628.0,2487.0,2486.0,2550.0,2538.0,2532.0,2538.0,7978,2532.0,2532.0,2538.0,20200628.0,20200628.0,20200628.0,,3,SUR,1.85,
TQBR,2016-11-22,ÔמסÀדנמ אמ,PHOR,1069,27915894.0,2547.0,2505.0,2561.0,2540.0,2534.0,2540.0,11015,2534.0,2534.0,2540.0,27915894.0,27915894.0,27915894.0,,3,SUR,0.08,
TQBR,2016-11-23,ÔמסÀדנמ אמ,PHOR,882,22972275.0,2531.0,2530.0,2600.0,2589.0,2577.0,2589.0,8914,2577.0,2577.0,2589.0,22972275.0,22972275.0,22972275.0,,3,SUR,1.93,
TQBR,2016-11-24,ÔמסÀדנמ אמ,PHOR,429,10594693.0,2582.0,2560.0,2601.0,2571.0,2578.0,2575.0,4110,2578.0,2578.0,2571.0,10594693.0,10594693.0,10594693.0,,3,SUR,-0.54,
TQBR,2016-11-25,ÔמסÀדנמ אמ,PHOR,570,14639315.0,2571.0,2522.0,2590.0,2567.0,2558.0,2567.0,5723,2558.0,2558.0,2567.0,14639315.0,14639315.0,14639315.0,,3,SUR,-0.31,
TQBR,2016-11-28,ÔמסÀדנמ אמ,PHOR,313,8072925.0,2542.0,2542.0,2592.0,2579.0,2571.0,2579.0,3140,2571.0,2571.0,2579.0,8072925.0,8072925.0,8072925.0,,3,SUR,0.47,
TQBR,2016-11-29,ÔמסÀדנמ אמ,PHOR,500,12475488.0,2581.0,2527.0,2586.0,2542.0,2548.0,2542.0,4897,2548.0,2548.0,2542.0,12475488.0,12475488.0,12475488.0,,3,SUR,-1.43,
TQBR,2016-11-30,ÔמסÀדנמ אמ,PHOR,625,21526391.0,2535.0,2502.0,2583.0,2552.0,2536.0,2552.0,8488,2536.0,2536.0,2552.0,21526391.0,21526391.0,21526391.0,,3,SUR,0.39,
TQBR,2016-12-01,ÔמסÀדנמ אמ,PHOR,3387,50733617.0,2555.0,2534.0,2697.0,2573.0,2608.0,2573.0,19455,2608.0,2608.0,2573.0,50733617.0,50733617.0,50733617.0,,3,SUR,0.82,
TQBR,2016-12-02,ÔמסÀדנמ אמ,PHOR,540,18770606.0,2581.0,2545.0,2597.0,2565.0,2578.0,2565.0,7281,2578.0,2578.0,2565.0,18770606.0,18770606.0,18770606.0,,3,SUR,-0.31,
TQBR,2016-12-05,ÔמסÀדנמ אמ,PHOR,444,10698768.0,2583.0,2562.0,2598.0,2585.0,2576.0,2587.0,4153,2576.0,2576.0,2585.0,10698768.0,10698768.0,10698768.0,,3,SUR,0.86,
TQBR,2016-12-06,ÔמסÀדנמ אמ,PHOR,1683,34398939.0,2585.0,2583.0,2673.0,2629.0,2642.0,2629.0,13019,2642.0,2642.0,2629.0,34398939.0,34398939.0,34398939.0,,3,SUR,1.62,
TQBR,2016-12-07,ÔמסÀדנמ אמ,PHOR,515,18134603.0,2657.0,2621.0,2667.0,2632.0,2635.0,2632.0,6883,2635.0,2635.0,2632.0,18134603.0,18134603.0,18134603.0,,3,SUR,0.11,
TQBR,2016-12-08,ÔמסÀדנמ אמ,PHOR,432,6729935.0,2650.0,2616.0,2650.0,2628.0,2628.0,2628.0,2561,2628.0,2628.0,2628.0,6729935.0,6729935.0,6729935.0,,3,SUR,-0.15,
TQBR,2016-12-09,ÔמסÀדנמ אמ,PHOR,589,18455512.0,2638.0,2596.0,2638.0,2603.0,2614.0,2603.0,7061,2614.0,2614.0,2603.0,18455512.0,18455512.0,18455512.0,,3,SUR,-0.95,
TQBR,2016-12-12,ÔמסÀדנמ אמ,PHOR,1353,27042397.0,2603.0,2514.0,2629.0,2537.0,2558.0,2537.0,10573,2558.0,2558.0,2537.0,27042397.0,27042397.0,27042397.0,,3,SUR,-2.54,
TQBR,2016-12-13,ÔמסÀדנמ אמ,PHOR,634,20080627.0,2534.0,2526.0,2571.0,2560.0,2553.0,2560.0,7864,2553.0,2553.0,2560.0,20080627.0,20080627.0,20080627.0,,3,SUR,0.91,
TQBR,2016-12-14,ÔמסÀדנמ אמ,PHOR,639,14036322.0,2577.0,2532.0,2584.0,2570.0,2556.0,2570.0,5491,2556.0,2556.0,2570.0,14036322.0,14036322.0,14036322.0,,3,SUR,0.39,
TQBR,2016-12-15,ÔמסÀדנמ אמ,PHOR,757,59071766.0,2573.0,2553.0,2590.0,2575.0,2569.0,2575.0,22997,2569.0,2569.0,2575.0,59071766.0,59071766.0,59071766.0,,3,SUR,0.19,
TQBR,2016-12-16,ÔמסÀדנמ אמ,PHOR,673,33076000.0,2580.0,2543.0,2600.0,2600.0,2569.0,2600.0,12877,2569.0,2569.0,2600.0,33076000.0,33076000.0,33076000.0,,3,SUR,0.97,
TQBR,2016-12-19,ÔמסÀדנמ אמ,PHOR,878,19725116.0,2582.0,2476.0,2589.0,2526.0,2531.0,2526.0,7794,2531.0,2531.0,2526.0,19725116.0,19725116.0,19725116.0,,3,SUR,-2.85,
TQBR,2016-12-20,ÔמסÀדנמ אמ,PHOR,860,41870554.0,2530.0,2498.0,2548.0,2510.0,2507.0,2510.0,16700,2507.0,2507.0,2510.0,41870554.0,41870554.0,41870554.0,,3,SUR,-0.63,
TQBR,2016-12-21,ÔמסÀדנמ אמ,PHOR,553,34205591.0,2530.0,2485.0,2533.0,2491.0,2494.0,2491.0,13715,2494.0,2494.0,2491.0,34205591.0,34205591.0,34205591.0,,3,SUR,-0.76,
TQBR,2016-12-22,ÔמסÀדנמ אמ,PHOR,2689,96257028.0,2500.0,2471.0,2575.0,2508.0,2508.0,2508.0,38386,2508.0,2508.0,2508.0,96257028.0,96257028.0,96257028.0,,3,SUR,0.68,
TQBR,2016-12-23,ÔמסÀדנמ אמ,PHOR,1062,31873153.0,2502.0,2493.0,2594.0,2550.0,2542.0,2550.0,12541,2542.0,2542.0,2550.0,31873153.0,31873153.0,31873153.0,,3,SUR,1.67,
TQBR,2016-12-26,ÔמסÀדנמ אמ,PHOR,460,9500815.0,2540.0,2531.0,2598.0,2557.0,2553.0,2557.0,3721,2553.0,2553.0,2557.0,9500815.0,9500815.0,9500815.0,,3,SUR,0.27,
TQBR,2016-12-27,ÔמסÀדנמ אמ,PHOR,355,6561285.0,2536.0,2536.0,2592.0,2554.0,2554.0,2554.0,2569,2554.0,2554.0,2554.0,6561285.0,6561285.0,6561285.0,,3,SUR,-0.12,
TQBR,2016-12-28,ÔמסÀדנמ אמ,PHOR,379,17193390.0,2543.0,2536.0,2560.0,2540.0,2550.0,2540.0,6743,2550.0,2550.0,2540.0,17193390.0,17193390.0,17193390.0,,3,SUR,-0.55,
TQBR,2016-12-29,ÔמסÀדנמ אמ,PHOR,437,33934477.0,2550.0,2526.0,2558.0,2551.0,2551.0,2551.0,13302,2551.0,2551.0,2551.0,33934477.0,33934477.0,33934477.0,,3,SUR,0.43,
TQBR,2016-12-30,ÔמסÀדנמ אמ,PHOR,638,22466025.0,2563.0,2547.0,2599.0,2599.0,2588.0,2599.0,8681,2588.0,2588.0,2599.0,22466025.0,22466025.0,22466025.0,,3,SUR,1.88,
TQBR,2017-01-03,ÔמסÀדנמ אמ,PHOR,841,45246874.0,2600.0,2581.0,2626.0,2593.0,2597.0,2593.0,17423,2597.0,2597.0,2593.0,45246874.0,45246874.0,45246874.0,,3,SUR,-0.23,
TQBR,2017-01-04,ÔמסÀדנמ אמ,PHOR,538,14747286.0,2600.0,2593.0,2620.0,2607.0,2612.0,2607.0,5647,2612.0,2612.0,2607.0,14747286.0,14747286.0,14747286.0,,3,SUR,0.54,
TQBR,2017-01-05,ÔמסÀדנמ אמ,PHOR,1325,38365457.0,2614.0,2552.0,2650.0,2575.0,2595.0,2575.0,14787,2595.0,2595.0,2575.0,38365457.0,38365457.0,38365457.0,,3,SUR,-1.23,
TQBR,2017-01-06,ÔמסÀדנמ אמ,PHOR,474,9189559.0,2571.0,2552.0,2592.0,2578.0,2574.0,2578.0,3570,2574.0,2574.0,2578.0,9189559.0,9189559.0,9189559.0,,3,SUR,0.12,
TQBR,2017-01-09,ÔמסÀדנמ אמ,PHOR,516,15273342.0,2598.0,2561.0,2619.0,2608.0,2606.0,2608.0,5861,2606.0,2606.0,2608.0,15273342.0,15273342.0,15273342.0,,3,SUR,1.16,
TQBR,2017-01-10,ÔמסÀדנמ אמ,PHOR,962,19312685.0,2620.0,2603.0,2650.0,2621.0,2627.0,2623.0,7351,2627.0,2627.0,2621.0,19312685.0,19312685.0,19312685.0,,3,SUR,0.58,
TQBR,2017-01-11,ÔמסÀדנמ אמ,PHOR,5547,116210523.0,2643.0,2612.0,2950.0,2755.0,2724.0,2755.0,42661,2724.0,2724.0,2755.0,116210523.0,116210523.0,116210523.0,,3,SUR,5.03,
TQBR,2017-01-12,ÔמסÀדנמ אמ,PHOR,5927,159811978.0,2760.0,2729.0,2837.0,2750.0,2778.0,2750.0,57519,2778.0,2778.0,2750.0,159811978.0,159811978.0,159811978.0,,3,SUR,-0.18,
TQBR,2017-01-13,ÔמסÀדנמ אמ,PHOR,3571,96212247.0,2760.0,2705.0,2900.0,2719.0,2787.0,2719.0,34517,2787.0,2787.0,2719.0,96212247.0,96212247.0,96212247.0,,3,SUR,-1.13,
TQBR,2017-01-16,ÔמסÀדנמ אמ,PHOR,6077,137338912.0,2743.0,2710.0,2862.0,2754.0,2778.0,2758.0,49438,2778.0,2778.0,2754.0,137338912.0,137338912.0,137338912.0,,3,SUR,1.43,
TQBR,2017-01-17,ÔמסÀדנמ אמ,PHOR,3451,74211345.0,2758.0,2695.0,2787.0,2735.0,2737.0,2735.0,27115,2737.0,2737.0,2735.0,74211345.0,74211345.0,74211345.0,,3,SUR,-0.83,
TQBR,2017-01-18,ÔמסÀדנמ אמ,PHOR,5465,133567212.0,2734.0,2706.0,2827.0,2756.0,2742.0,2756.0,48720,2742.0,2742.0,2756.0,133567212.0,133567212.0,133567212.0,,3,SUR,0.77,
TQBR,2017-01-19,ÔמסÀדנמ אמ,PHOR,2900,69391623.0,2767.0,2721.0,2790.0,2721.0,2762.0,2721.0,25121,2762.0,2762.0,2721.0,69391623.0,69391623.0,69391623.0,,3,SUR,-1.27,
TQBR,2017-01-20,ÔמסÀדנמ אמ,PHOR,2597,62837329.0,2744.0,2735.0,2798.0,2759.0,2770.0,2759.0,22685,2770.0,2770.0,2759.0,62837329.0,62837329.0,62837329.0,,3,SUR,1.4,
TQBR,2017-01-23,ÔמסÀדנמ אמ,PHOR,1781,44277770.0,2767.0,2727.0,2794.0,2736.0,2759.0,2736.0,16047,2759.0,2759.0,2736.0,44277770.0,44277770.0,44277770.0,,3,SUR,-0.83,
TQBR,2017-01-24,ÔמסÀדנמ אמ,PHOR,1419,37626038.0,2736.0,2717.0,2785.0,2767.0,2757.0,2767.0,13647,2757.0,2757.0,2767.0,37626038.0,37626038.0,37626038.0,,3,SUR,1.13,
TQBR,2017-01-25,ÔמסÀדנמ אמ,PHOR,5372,145186760.0,2780.0,2753.0,2819.0,2819.0,2794.0,2819.0,51969,2794.0,2794.0,2819.0,145186760.0,145186760.0,145186760.0,,3,SUR,1.88,
TQBR,2017-01-26,ÔמסÀדנמ אמ,PHOR,1026,33659754.0,2795.0,2761.0,2809.0,2799.0,2789.0,2799.0,12069,2789.0,2789.0,2799.0,33659754.0,33659754.0,33659754.0,,3,SUR,-0.71,
TQBR,2017-01-27,ÔמסÀדנמ אמ,PHOR,3034,94390326.0,2805.0,2780.0,2869.0,2860.0,2842.0,2860.0,33216,2842.0,2842.0,2860.0,94390326.0,94390326.0,94390326.0,,3,SUR,2.18,
TQBR,2017-01-30,ÔמסÀדנמ אמ,PHOR,2470,80151723.0,2851.0,2780.0,3048.0,2863.0,2875.0,2863.0,27883,2875.0,2875.0,2863.0,80151723.0,80151723.0,80151723.0,,3,SUR,0.1,
TQBR,2017-01-31,ÔמסÀדנמ אמ,PHOR,3023,85910485.0,2872.0,2823.0,2935.0,2849.0,2892.0,2849.0,29706,2892.0,2892.0,2849.0,85910485.0,85910485.0,85910485.0,,3,SUR,-0.49,
TQBR,2017-02-01,ÔמסÀדנמ אמ,PHOR,2234,58025455.0,2879.0,2824.0,2899.0,2850.0,2850.0,2850.0,20357,2850.0,2850.0,2850.0,58025455.0,58025455.0,58025455.0,,3,SUR,0.04,
TQBR,2017-02-02,ÔמסÀדנמ אמ,PHOR,4181,102117825.0,2860.0,2852.0,2925.0,2892.0,2880.0,2892.0,35461,2880.0,2880.0,2892.0,102117825.0,102117825.0,102117825.0,,3,SUR,1.47,
TQBR,2017-02-03,ÔמסÀדנמ אמ,PHOR,2861,83293391.0,2886.0,2808.0,2895.0,2835.0,2853.0,2835.0,29195,2853.0,2853.0,2835.0,83293391.0,83293391.0,83293391.0,,3,SUR,-1.97,
TQBR,2017-02-06,ÔמסÀדנמ אמ,PHOR,3208,75969041.0,2835.0,2730.0,2878.0,2756.0,2790.0,2756.0,27232,2790.0,2790.0,2756.0,75969041.0,75969041.0,75969041.0,,3,SUR,-2.79,
TQBR,2017-02-07,ÔמסÀדנמ אמ,PHOR,1566,69511318.0,2758.0,2748.0,2789.0,2760.0,2767.0,2760.0,25123,2767.0,2767.0,2760.0,69511318.0,69511318.0,69511318.0,,3,SUR,0.15,
TQBR,2017-02-08,ÔמסÀדנמ אמ,PHOR,3662,136278843.0,2782.0,2650.0,2796.0,2700.0,2713.0,2700.0,50230,2713.0,2713.0,2700.0,136278843.0,136278843.0,136278843.0,,3,SUR,-2.17,
TQBR,2017-02-09,ÔמסÀדנמ אמ,PHOR,30090,1946332184.0,2700.0,2522.0,2708.0,2522.0,2567.0,2522.0,758007,2568.0,2568.0,2522.0,1946332184.0,1946332184.0,1946332184.0,,3,SUR,-6.59,
TQBR,2017-02-10,ÔמסÀדנמ אמ,PHOR,3678,220379617.0,2547.0,2534.0,2574.0,2546.0,2556.0,2546.0,86217,2556.0,2556.0,2546.0,220379617.0,220379617.0,220379617.0,,3,SUR,0.95,
TQBR,2017-02-13,ÔמסÀדנמ אמ,PHOR,2606,118524344.0,2564.0,2518.0,2569.0,2530.0,2532.0,2530.0,46802,2532.0,2532.0,2530.0,118524344.0,118524344.0,118524344.0,,3,SUR,-0.63,
TQBR,2017-02-14,ÔמסÀדנמ אמ,PHOR,4243,247207379.0,2546.0,2450.0,2548.0,2480.0,2482.0,2480.0,99596,2482.0,2482.0,2480.0,247207379.0,247207379.0,247207379.0,,3,SUR,-1.98,
TQBR,2017-02-15,ÔמסÀדנמ אמ,PHOR,5170,178915922.0,2500.0,2455.0,2548.0,2514.0,2501.0,2514.0,71549,2501.0,2501.0,2514.0,178915922.0,178915922.0,178915922.0,,3,SUR,1.37,
TQBR,2017-02-16,ÔמסÀדנמ אמ,PHOR,2178,81590559.0,2517.0,2478.0,2550.0,2540.0,2519.0,2540.0,32388,2519.0,2519.0,2540.0,81590559.0,81590559.0,81590559.0,,3,SUR,1.03,
TQBR,2017-02-17,ÔמסÀדנמ אמ,PHOR,2441,172658736.0,2558.0,2530.0,2568.0,2548.0,2548.0,2548.0,67759,2548.0,2548.0,2548.0,172658736.0,172658736.0,172658736.0,,3,SUR,0.31,
TQBR,2017-02-20,ÔמסÀדנמ אמ,PHOR,4400,288074269.0,2560.0,2546.0,2620.0,2570.0,2598.0,2570.0,110895,2598.0,2598.0,2570.0,288074269.0,288074269.0,288074269.0,,3,SUR,0.86,
TQBR,2017-02-21,ÔמסÀדנמ אמ,PHOR,2857,155127016.0,2577.0,2552.0,2585.0,2567.0,2563.0,2567.0,60525,2563.0,2563.0,2567.0,155127016.0,155127016.0,155127016.0,,3,SUR,-0.12,
TQBR,2017-02-22,ÔמסÀדנמ אמ,PHOR,2185,85336961.0,2583.0,2555.0,2598.0,2578.0,2581.0,2578.0,33064,2581.0,2581.0,2578.0,85336961.0,85336961.0,85336961.0,,3,SUR,0.43,
TQBR,2017-02-24,ÔמסÀדנמ אמ,PHOR,3385,102030511.0,2560.0,2490.0,2590.0,2500.0,2519.0,2500.0,40498,2519.0,2519.0,2500.0,102030511.0,102030511.0,102030511.0,,3,SUR,-3.03,
TQBR,2017-02-27,ÔמסÀדנמ אמ,PHOR,2739,126590223.0,2495.0,2468.0,2512.0,2481.0,2485.0,2481.0,50933,2485.0,2485.0,2481.0,126590223.0,126590223.0,126590223.0,,3,SUR,-0.76,
TQBR,2017-02-28,ÔמסÀדנמ אמ,PHOR,8837,470818850.0,2490.0,1729.0,2515.0,2400.0,2422.0,2400.0,194423,2422.0,2422.0,2400.0,470818850.0,470818850.0,470818850.0,,3,SUR,-3.26,
TQBR,2017-03-01,ÔמסÀדנמ אמ,PHOR,3463,134079340.0,2445.0,2403.0,2515.0,2442.0,2461.0,2442.0,54470,2462.0,2462.0,2442.0,134079340.0,134079340.0,134079340.0,,3,SUR,1.75,
TQBR,2017-03-02,ÔמסÀדנמ אמ,PHOR,3527,109580941.0,2470.0,2418.0,2500.0,2461.0,2473.0,2461.0,44306,2473.0,2473.0,2461.0,109580941.0,109580941.0,109580941.0,,3,SUR,0.78,
TQBR,2017-03-03,ÔמסÀדנמ אמ,PHOR,6306,147177364.0,2445.0,2402.0,2475.0,2421.0,2433.0,2421.0,60501,2433.0,2433.0,2421.0,147177364.0,147177364.0,147177364.0,,3,SUR,-1.63,
TQBR,2017-03-06,ÔמסÀדנמ אמ,PHOR,1344,49693861.0,2420.0,2420.0,2458.0,2444.0,2441.0,2444.0,20358,2441.0,2441.0,2444.0,49693861.0,49693861.0,49693861.0,,3,SUR,0.95,
TQBR,2017-03-07,ÔמסÀדנמ אמ,PHOR,2693,94625216.0,2448.0,2401.0,2467.0,2460.0,2428.0,2460.0,38978,2428.0,2428.0,2460.0,94625216.0,94625216.0,94625216.0,,3,SUR,0.65,
TQBR,2017-03-09,ÔמסÀדנמ אמ,PHOR,8649,400338841.0,2408.0,2301.0,2429.0,2384.0,2400.0,2384.0,166818,2400.0,2400.0,2384.0,400338841.0,400338841.0,400338841.0,,3,SUR,-3.09,
TQBR,2017-03-10,ÔמסÀדנמ אמ,PHOR,6251,303116815.0,2351.0,2284.0,2399.0,2299.0,2327.0,2299.0,130287,2327.0,2327.0,2299.0,303116815.0,303116815.0,303116815.0,,3,SUR,-3.57,
TQBR,2017-03-13,ÔמסÀדנמ אמ,PHOR,2841,79403789.0,2303.0,2205.0,2364.0,2304.0,2305.0,2304.0,34447,2305.0,2305.0,2304.0,79403789.0,79403789.0,79403789.0,,3,SUR,0.22,
TQBR,2017-03-14,ÔמסÀדנמ אמ,PHOR,8275,217921337.0,2319.0,2298.0,2417.0,2392.0,2360.0,2392.0,92269,2362.0,2362.0,2392.0,217921337.0,217921337.0,217921337.0,,3,SUR,3.82,
TQBR,2017-03-15,ÔמסÀדנמ אמ,PHOR,2949,89343611.0,2400.0,2338.0,2421.0,2338.0,2372.0,2338.0,37660,2372.0,2372.0,2338.0,89343611.0,89343611.0,89343611.0,,3,SUR,-2.26,
TQBR,2017-03-16,ÔמסÀדנמ אמ,PHOR,2999,136386319.0,2377.0,2352.0,2393.0,2370.0,2367.0,2370.0,57613,2367.0,2367.0,2370.0,136386319.0,136386319.0,136386319.0,,3,SUR,1.37,
TQBR,2017-03-17,ÔמסÀדנמ אמ,PHOR,2160,88315674.0,2375.0,2341.0,2425.0,2391.0,2373.0,2391.0,37228,2372.0,2372.0,2391.0,88315674.0,88315674.0,88315674.0,,3,SUR,0.89,
TQBR,2017-03-20,ÔמסÀדנמ אמ,PHOR,1617,53682639.0,2390.0,2357.0,2442.0,2359.0,2376.0,2359.0,22591,2376.0,2376.0,2359.0,53682639.0,53682639.0,53682639.0,,3,SUR,-1.34,
TQBR,2017-03-21,ÔמסÀדנמ אמ,PHOR,2529,80526521.0,2350.0,2350.0,2416.0,2389.0,2393.0,2389.0,33654,2393.0,2393.0,2389.0,80526521.0,80526521.0,80526521.0,,3,SUR,1.27,
TQBR,2017-03-22,ÔמסÀדנמ אמ,PHOR,3080,117148657.0,2341.0,2301.0,2409.0,2405.0,2349.0,2405.0,49882,2349.0,2349.0,2405.0,117148657.0,117148657.0,117148657.0,,3,SUR,0.67,
TQBR,2017-03-23,ÔמסÀדנמ אמ,PHOR,1552,34319375.0,2420.0,2395.0,2454.0,2404.0,2421.0,2404.0,14176,2421.0,2421.0,2404.0,34319375.0,34319375.0,34319375.0,,3,SUR,-0.04,
TQBR,2017-03-24,ÔמסÀדנמ אמ,PHOR,607,13888340.0,2419.0,2380.0,2419.0,2383.0,2397.0,2383.0,5794,2397.0,2397.0,2383.0,13888340.0,13888340.0,13888340.0,,3,SUR,-0.87,
TQBR,2017-03-27,ÔמסÀדנמ אמ,PHOR,1891,51896369.0,2400.0,2310.0,2400.0,2328.0,2359.0,2328.0,21999,2359.0,2359.0,2328.0,51896369.0,51896369.0,51896369.0,,3,SUR,-2.31,
TQBR,2017-03-28,ÔמסÀדנמ אמ,PHOR,2987,163618240.0,2350.0,2252.0,2369.0,2347.0,2323.0,2347.0,70449,2323.0,2323.0,2347.0,163618240.0,163618240.0,163618240.0,,3,SUR,0.82,
TQBR,2017-03-29,ÔמסÀדנמ אמ,PHOR,23198,165946139.0,2337.0,2337.0,2438.0,2424.0,2409.0,2424.0,68887,2409.0,2409.0,2424.0,165946139.0,165946139.0,165946139.0,,3,SUR,3.28,
TQBR,2017-03-30,ÔמסÀדנמ אמ,PHOR,1453,50705933.0,2410.0,2388.0,2436.0,2409.0,2416.0,2409.0,20984,2416.0,2416.0,2409.0,50705933.0,50705933.0,50705933.0,,3,SUR,-0.62,
TQBR,2017-03-31,ÔמסÀדנמ אמ,PHOR,1101,29955944.0,2395.0,2355.0,2422.0,2366.0,2393.0,2366.0,12519,2393.0,2393.0,2366.0,29955944.0,29955944.0,29955944.0,,3,SUR,-1.78,
TQBR,2017-04-03,ÔמסÀדנמ אמ,PHOR,1285,36219358.0,2354.0,2333.0,2400.0,2377.0,2376.0,2381.0,15245,2376.0,2376.0,2377.0,36219358.0,36219358.0,36219358.0,,3,SUR,0.63,
TQBR,2017-04-04,ÔמסÀדנמ אמ,PHOR,1287,40780330.0,2376.0,2369.0,2401.0,2369.0,2386.0,2369.0,17096,2385.0,2385.0,2369.0,40780330.0,40780330.0,40780330.0,,3,SUR,-0.5,
TQBR,2017-04-05,ÔמסÀדנמ אמ,PHOR,1876,59015088.0,2372.0,2372.0,2426.0,2398.0,2404.0,2398.0,24548,2404.0,2404.0,2398.0,59015088.0,59015088.0,59015088.0,,3,SUR,1.22,
TQBR,2017-04-06,ÔמסÀדנמ אמ,PHOR,1276,44307758.0,2390.0,2390.0,2438.0,2410.0,2418.0,2410.0,18324,2418.0,2418.0,2410.0,44307758.0,44307758.0,44307758.0,,3,SUR,0.5,
TQBR,2017-04-07,ÔמסÀדנמ אמ,PHOR,1868,56125293.0,2415.0,2385.0,2430.0,2425.0,2400.0,2425.0,23387,2400.0,2400.0,2425.0,56125293.0,56125293.0,56125293.0,,3,SUR,0.62,
TQBR,2017-04-10,ÔמסÀדנמ אמ,PHOR,2644,104747698.0,2447.0,2305.0,2447.0,2370.0,2388.0,2370.0,43870,2388.0,2388.0,2370.0,104747698.0,104747698.0,104747698.0,,3,SUR,-2.27,
TQBR,2017-04-11,ÔמסÀדנמ אמ,PHOR,2093,86749011.0,2350.0,2315.0,2403.0,2399.0,2382.0,2399.0,36424,2382.0,2382.0,2399.0,86749011.0,86749011.0,86749011.0,,3,SUR,1.22,
TQBR,2017-04-12,ÔמסÀדנמ אמ,PHOR,2583,112353591.0,2390.0,2318.0,2424.0,2336.0,2353.0,2336.0,47740,2353.0,2353.0,2336.0,112353591.0,112353591.0,112353591.0,,3,SUR,-2.63,
TQBR,2017-04-13,ÔמסÀדנמ אמ,PHOR,3022,111994800.0,2320.0,2288.0,2336.0,2324.0,2306.0,2324.0,48570,2306.0,2306.0,2324.0,111994800.0,111994800.0,111994800.0,,3,SUR,-0.51,
TQBR,2017-04-14,ÔמסÀדנמ אמ,PHOR,554,14160580.0,2304.0,2291.0,2313.0,2291.0,2299.0,2291.0,6159,2299.0,2299.0,2291.0,14160580.0,14160580.0,14160580.0,,3,SUR,-1.42,
TQBR,2017-04-17,ÔמסÀדנמ אמ,PHOR,1553,47282461.0,2290.0,2263.0,2361.0,2318.0,2296.0,2318.0,20589,2296.0,2296.0,2318.0,47282461.0,47282461.0,47282461.0,,3,SUR,1.18,
TQBR,2017-04-18,ÔמסÀדנמ אמ,PHOR,2066,102145156.0,2319.0,2261.0,2348.0,2279.0,2283.0,2279.0,44738,2283.0,2283.0,2279.0,102145156.0,102145156.0,102145156.0,,3,SUR,-1.68,
TQBR,2017-04-19,ÔמסÀדנמ אמ,PHOR,3287,95022761.0,2290.0,2230.0,2304.0,2276.0,2276.0,2276.0,41753,2276.0,2276.0,2276.0,95022761.0,95022761.0,95022761.0,,3,SUR,-0.13,
TQBR,2017-04-20,ÔמסÀדנמ אמ,PHOR,2788,138777022.0,2251.0,2237.0,2294.0,2261.0,2256.0,2261.0,61508,2256.0,2256.0,2261.0,138777022.0,138777022.0,138777022.0,,3,SUR,-0.66,
TQBR,2017-04-21,ÔמסÀדנמ אמ,PHOR,2276,63452790.0,2299.0,2263.0,2315.0,2306.0,2298.0,2306.0,27614,2298.0,2298.0,2306.0,63452790.0,63452790.0,63452790.0,,3,SUR,1.99,
TQBR,2017-04-24,ÔמסÀדנמ אמ,PHOR,3825,118666433.0,2331.0,2301.0,2360.0,2317.0,2328.0,2317.0,50964,2328.0,2328.0,2317.0,118666433.0,118666433.0,118666433.0,,3,SUR,0.48,
TQBR,2017-04-25,ÔמסÀדנמ אמ,PHOR,2721,131598562.0,2306.0,2306.0,2400.0,2376.0,2361.0,2376.0,55730,2361.0,2361.0,2376.0,131598562.0,131598562.0,131598562.0,,3,SUR,2.55,
TQBR,2017-04-26,ÔמסÀדנמ אמ,PHOR,3801,111121021.0,2399.0,2369.0,2446.0,2434.0,2417.0,2434.0,45977,2417.0,2417.0,2434.0,111121021.0,111121021.0,111121021.0,,3,SUR,2.44,
TQBR,2017-04-27,ÔמסÀדנמ אמ,PHOR,3314,130423484.0,2448.0,2391.0,2459.0,2423.0,2434.0,2423.0,53576,2434.0,2434.0,2423.0,130423484.0,130423484.0,130423484.0,,3,SUR,-0.45,
TQBR,2017-04-28,ÔמסÀדנמ אמ,PHOR,2989,91564289.0,2423.0,2380.0,2469.0,2415.0,2429.0,2415.0,37690,2429.0,2429.0,2415.0,91564289.0,91564289.0,91564289.0,,3,SUR,-0.33,
TQBR,2017-05-02,ÔמסÀדנמ אמ,PHOR,6381,164538186.0,2432.0,2382.0,2470.0,2399.0,2442.0,2399.0,67285,2445.0,2445.0,2399.0,164538186.0,164538186.0,164538186.0,,3,SUR,-0.66,
TQBR,2017-05-03,ÔמסÀדנמ אמ,PHOR,2117,69216204.0,2419.0,2382.0,2454.0,2398.0,2413.0,2398.0,28687,2413.0,2413.0,2398.0,69216204.0,69216204.0,69216204.0,,3,SUR,-0.04,
TQBR,2017-05-04,ÔמסÀדנמ אמ,PHOR,1999,71404336.0,2400.0,2390.0,2459.0,2431.0,2436.0,2431.0,29307,2436.0,2436.0,2431.0,71404336.0,71404336.0,71404336.0,,3,SUR,1.38,
TQBR,2017-05-05,ÔמסÀדנמ אמ,PHOR,2157,83048628.0,2411.0,2411.0,2454.0,2443.0,2436.0,2443.0,34097,2436.0,2436.0,2443.0,83048628.0,83048628.0,83048628.0,,3,SUR,0.49,
TQBR,2017-05-10,ÔמסÀדנמ אמ,PHOR,2794,89471159.0,2465.0,2441.0,2516.0,2479.0,2482.0,2479.0,36051,2482.0,2482.0,2479.0,89471159.0,89471159.0,89471159.0,,3,SUR,1.47,
TQBR,2017-05-11,ÔמסÀדנמ אמ,PHOR,3784,102771890.0,2474.0,2387.0,2496.0,2394.0,2427.0,2394.0,42348,2427.0,2427.0,2394.0,102771890.0,102771890.0,102771890.0,,3,SUR,-3.43,
TQBR,2017-05-12,ÔמסÀדנמ אמ,PHOR,3236,64082085.0,2398.0,2351.0,2400.0,2384.0,2377.0,2384.0,26963,2377.0,2377.0,2384.0,64082085.0,64082085.0,64082085.0,,3,SUR,-0.42,
TQBR,2017-05-15,ÔמסÀדנמ אמ,PHOR,3448,81566947.0,2398.0,2311.0,2398.0,2365.0,2358.0,2365.0,34596,2358.0,2358.0,2365.0,81566947.0,81566947.0,81566947.0,,3,SUR,-0.8,
TQBR,2017-05-16,ÔמסÀדנמ אמ,PHOR,2333,82099118.0,2381.0,2320.0,2409.0,2391.0,2385.0,2391.0,34422,2385.0,2385.0,2391.0,82099118.0,82099118.0,82099118.0,,3,SUR,1.1,
TQBR,2017-05-17,ÔמסÀדנמ אמ,PHOR,3178,95217302.0,2390.0,2368.0,2428.0,2376.0,2403.0,2376.0,39596,2405.0,2405.0,2376.0,95217302.0,95217302.0,95217302.0,,3,SUR,-0.63,
TQBR,2017-05-18,ÔמסÀדנמ אמ,PHOR,5581,126371491.0,2351.0,2322.0,2417.0,2400.0,2389.0,2400.0,52905,2389.0,2389.0,2400.0,126371491.0,126371491.0,126371491.0,,3,SUR,1.01,
TQBR,2017-05-19,ÔמסÀדנמ אמ,PHOR,3641,85749773.0,2411.0,2320.0,2427.0,2347.0,2356.0,2347.0,36415,2355.0,2355.0,2347.0,85749773.0,85749773.0,85749773.0,,3,SUR,-2.21,
TQBR,2017-05-22,ÔמסÀדנמ אמ,PHOR,5072,127322428.0,2349.0,2300.0,2351.0,2317.0,2316.0,2317.0,54977,2316.0,2316.0,2317.0,127322428.0,127322428.0,127322428.0,,3,SUR,-1.28,
TQBR,2017-05-23,ÔמסÀדנמ אמ,PHOR,3645,101014662.0,2327.0,2298.0,2345.0,2332.0,2327.0,2332.0,43402,2327.0,2327.0,2332.0,101014662.0,101014662.0,101014662.0,,3,SUR,0.65,
TQBR,2017-05-24,ÔמסÀדנמ אמ,PHOR,2027,45755979.0,2340.0,2300.0,2350.0,2300.0,2331.0,2300.0,19633,2331.0,2331.0,2300.0,45755979.0,45755979.0,45755979.0,,3,SUR,-1.37,
TQBR,2017-05-25,ÔמסÀדנמ אמ,PHOR,3058,70136024.0,2301.0,2291.0,2345.0,2323.0,2325.0,2323.0,30162,2325.0,2325.0,2323.0,70136024.0,70136024.0,70136024.0,,3,SUR,1.0,
TQBR,2017-05-26,ÔמסÀדנמ אמ,PHOR,3782,109158757.0,2311.0,2302.0,2369.0,2355.0,2348.0,2355.0,46488,2348.0,2348.0,2355.0,109158757.0,109158757.0,109158757.0,,3,SUR,1.38,
TQBR,2017-05-29,ÔמסÀדנמ אמ,PHOR,2045,60303627.0,2357.0,2317.0,2395.0,2328.0,2351.0,2328.0,25657,2350.0,2350.0,2328.0,60303627.0,60303627.0,60303627.0,,3,SUR,-1.15,
TQBR,2017-05-30,ÔמסÀדנמ אמ,PHOR,1841,74976394.0,2339.0,2300.0,2353.0,2316.0,2328.0,2316.0,32207,2328.0,2328.0,2316.0,74976394.0,74976394.0,74976394.0,,3,SUR,-0.52,
TQBR,2017-05-31,ÔמסÀדנמ אמ,PHOR,1724,55364887.0,2322.0,2307.0,2358.0,2307.0,2332.0,2307.0,23739,2332.0,2332.0,2307.0,55364887.0,55364887.0,55364887.0,,3,SUR,-0.39,
TQBR,2017-06-01,ÔמסÀדנמ אמ,PHOR,2116,91846452.0,2345.0,2292.0,2345.0,2298.0,2310.0,2298.0,39767,2310.0,2310.0,2298.0,91846452.0,91846452.0,91846452.0,,3,SUR,-0.39,
TQBR,2017-06-02,ÔמסÀדנמ אמ,PHOR,5038,184784274.0,2299.0,2232.0,2299.0,2269.0,2258.0,2269.0,81825,2258.0,2258.0,2269.0,184784274.0,184784274.0,184784274.0,,3,SUR,-1.26,
TQBR,2017-06-05,ÔמסÀדנמ אמ,PHOR,2523,80163646.0,2274.0,2244.0,2319.0,2267.0,2277.0,2267.0,35206,2277.0,2277.0,2267.0,80163646.0,80163646.0,80163646.0,,3,SUR,-0.09,
TQBR,2017-06-06,ÔמסÀדנמ אמ,PHOR,1346,42682528.0,2272.0,2247.0,2280.0,2264.0,2258.0,2264.0,18900,2258.0,2258.0,2264.0,42682528.0,42682528.0,42682528.0,,3,SUR,-0.13,
TQBR,2017-06-07,ÔמסÀדנמ אמ,PHOR,1698,83050943.0,2259.0,2249.0,2280.0,2275.0,2266.0,2275.0,36650,2266.0,2266.0,2275.0,83050943.0,83050943.0,83050943.0,,3,SUR,0.49,
TQBR,2017-06-08,ÔמסÀדנמ אמ,PHOR,1691,75175882.0,2270.0,2249.0,2280.0,2260.0,2257.0,2260.0,33311,2257.0,2257.0,2260.0,75175882.0,75175882.0,75175882.0,,3,SUR,-0.66,
TQBR,2017-06-09,ÔמסÀדנמ אמ,PHOR,1578,61971367.0,2250.0,2234.0,2288.0,2260.0,2262.0,2260.0,27399,2262.0,2262.0,2260.0,61971367.0,61971367.0,61971367.0,,3,SUR,0.0,
TQBR,2017-06-13,ÔמסÀדנמ אמ,PHOR,3244,141968153.0,2250.0,2186.0,2260.0,2200.0,2204.0,2200.0,64411,2204.0,2204.0,2200.0,141968153.0,141968153.0,141968153.0,,3,SUR,-2.65,
TQBR,2017-06-14,ÔמסÀדנמ אמ,PHOR,2550,98641494.0,2200.0,2151.0,2227.0,2169.0,2188.0,2169.0,45090,2188.0,2188.0,2169.0,98641494.0,98641494.0,98641494.0,,3,SUR,-1.41,
TQBR,2017-06-15,ÔמסÀדנמ אמ,PHOR,5779,263492705.0,2161.0,2124.0,2205.0,2203.0,2147.0,2203.0,122750,2147.0,2147.0,2203.0,263492705.0,263492705.0,263492705.0,,3,SUR,1.57,
TQBR,2017-06-16,ÔמסÀדנמ אמ,PHOR,4010,114698896.0,2153.0,2142.0,2221.0,2208.0,2183.0,2208.0,52534,2183.0,2183.0,2208.0,114698896.0,114698896.0,114698896.0,,3,SUR,0.23,
TQBR,2017-06-19,ÔמסÀדנמ אמ,PHOR,3131,113909246.0,2183.0,2182.0,2264.0,2245.0,2239.0,2245.0,50885,2239.0,2239.0,2245.0,113909246.0,113909246.0,113909246.0,,3,SUR,1.68,
TQBR,2017-06-20,ÔמסÀדנמ אמ,PHOR,4133,126285467.0,2253.0,2240.0,2319.0,2308.0,2288.0,2308.0,55186,2288.0,2288.0,2308.0,126285467.0,126285467.0,126285467.0,,3,SUR,2.81,
TQBR,2017-06-21,ÔמסÀדנמ אמ,PHOR,1890,59593563.0,2300.0,2289.0,2350.0,2324.0,2332.0,2324.0,25557,2332.0,2332.0,2324.0,59593563.0,59593563.0,59593563.0,,3,SUR,0.69,
TQBR,2017-06-22,ÔמסÀדנמ אמ,PHOR,1689,45444226.0,2322.0,2282.0,2350.0,2344.0,2318.0,2344.0,19602,2318.0,2318.0,2344.0,45444226.0,45444226.0,45444226.0,,3,SUR,0.86,
TQBR,2017-06-23,ÔמסÀדנמ אמ,PHOR,1347,44980360.0,2320.0,2316.0,2379.0,2359.0,2353.0,2359.0,19118,2353.0,2353.0,2359.0,44980360.0,44980360.0,44980360.0,,3,SUR,0.64,
TQBR,2017-06-26,ÔמסÀדנמ אמ,PHOR,2030,61931163.0,2370.0,2306.0,2392.0,2324.0,2330.0,2324.0,26580,2330.0,2330.0,2324.0,61931163.0,61931163.0,61931163.0,,3,SUR,-1.48,
TQBR,2017-06-27,ÔמסÀדנמ אמ,PHOR,2839,59809748.0,2304.0,2270.0,2327.0,2290.0,2291.0,2290.0,26106,2291.0,2291.0,2290.0,59809748.0,59809748.0,59809748.0,,3,SUR,-1.46,
TQBR,2017-06-28,ÔמסÀדנמ אמ,PHOR,2258,62770306.0,2280.0,2251.0,2327.0,2305.0,2293.0,2305.0,27378,2293.0,2293.0,2305.0,62770306.0,62770306.0,62770306.0,,3,SUR,0.66,
TQBR,2017-06-29,ÔמסÀדנמ אמ,PHOR,1507,41192239.0,2303.0,2260.0,2335.0,2278.0,2294.0,2278.0,17958,2294.0,2294.0,2278.0,41192239.0,41192239.0,41192239.0,,3,SUR,-1.17,
TQBR,2017-06-30,ÔמסÀדנמ אמ,PHOR,1000,23727894.0,2299.0,2255.0,2320.0,2301.0,2293.0,2301.0,10348,2293.0,2293.0,2301.0,23727894.0,23727894.0,23727894.0,,3,SUR,1.01,
TQBR,2017-07-03,ÔמסÀדנמ אמ,PHOR,1819,67541285.0,2290.0,2251.0,2307.0,2275.0,2273.0,2275.0,29715,2273.0,2273.0,2275.0,67541285.0,67541285.0,67541285.0,,3,SUR,-1.13,
TQBR,2017-07-04,ÔמסÀדנמ אמ,PHOR,1477,48478435.0,2254.0,2254.0,2326.0,2315.0,2303.0,2315.0,21053,2303.0,2303.0,2315.0,48478435.0,48478435.0,48478435.0,,3,SUR,1.76,
TQBR,2017-07-05,ÔמסÀדנמ אמ,PHOR,1530,44735172.0,2315.0,2307.0,2350.0,2327.0,2324.0,2327.0,19249,2324.0,2324.0,2327.0,44735172.0,44735172.0,44735172.0,,3,SUR,0.52,
TQBR,2017-07-06,ÔמסÀדנמ אמ,PHOR,2390,71076111.0,2358.0,2314.0,2413.0,2355.0,2369.0,2355.0,30002,2369.0,2369.0,2355.0,71076111.0,71076111.0,71076111.0,,3,SUR,1.2,
TQBR,2017-07-07,ÔמסÀדנמ אמ,PHOR,1234,38222117.0,2351.0,2343.0,2396.0,2379.0,2371.0,2379.0,16124,2371.0,2371.0,2379.0,38222117.0,38222117.0,38222117.0,,3,SUR,1.02,
TQBR,2017-07-10,ÔמסÀדנמ אמ,PHOR,1358,34476295.0,2387.0,2332.0,2447.0,2382.0,2373.0,2382.0,14530,2373.0,2373.0,2382.0,34476295.0,34476295.0,34476295.0,,3,SUR,0.13,
TQBR,2017-07-11,ÔמסÀדנמ אמ,PHOR,2235,61206537.0,2386.0,2352.0,2410.0,2366.0,2378.0,2366.0,25735,2378.0,2378.0,2366.0,61206537.0,61206537.0,61206537.0,,3,SUR,-0.67,
TQBR,2017-07-12,ÔמסÀדנמ אמ,PHOR,2555,69053022.0,2382.0,2344.0,2387.0,2363.0,2367.0,2363.0,29176,2367.0,2367.0,2363.0,69053022.0,69053022.0,69053022.0,,3,SUR,-0.13,
TQBR,2017-07-13,ÔמסÀדנמ אמ,PHOR,2099,103291570.0,2371.0,2337.0,2391.0,2361.0,2369.0,2361.0,43597,2369.0,2369.0,2361.0,103291570.0,103291570.0,103291570.0,,3,SUR,-0.08,
TQBR,2017-07-14,ÔמסÀדנמ אמ,PHOR,1364,39393068.0,2352.0,2337.0,2374.0,2341.0,2355.0,2341.0,16724,2355.0,2355.0,2341.0,39393068.0,39393068.0,39393068.0,,3,SUR,-0.85,
TQBR,2017-07-17,ÔמסÀדנמ אמ,PHOR,1954,72924321.0,2359.0,2321.0,2361.0,2334.0,2341.0,2334.0,31151,2341.0,2341.0,2334.0,72924321.0,72924321.0,72924321.0,,3,SUR,-0.3,
TQBR,2017-07-18,ÔמסÀדנמ אמ,PHOR,2209,62813453.0,2331.0,2331.0,2367.0,2352.0,2353.0,2352.0,26695,2353.0,2353.0,2352.0,62813453.0,62813453.0,62813453.0,,3,SUR,0.77,
TQBR,2017-07-19,ÔמסÀדנמ אמ,PHOR,1273,53032102.0,2341.0,2337.0,2371.0,2356.0,2357.0,2356.0,22498,2357.0,2357.0,2356.0,53032102.0,53032102.0,53032102.0,,3,SUR,0.17,
TQBR,2017-07-20,ÔמסÀדנמ אמ,PHOR,13660,79130222.0,2345.0,2345.0,2394.0,2374.0,2380.0,2374.0,33254,2380.0,2380.0,2374.0,79130222.0,79130222.0,79130222.0,,3,SUR,0.76,
TQBR,2017-07-21,ÔמסÀדנמ אמ,PHOR,13603,84913852.0,2389.0,2356.0,2407.0,2390.0,2389.0,2390.0,35566,2388.0,2388.0,2390.0,84913852.0,84913852.0,84913852.0,,3,SUR,0.67,
TQBR,2017-07-24,ÔמסÀדנמ אמ,PHOR,1230,33846271.0,2370.0,2364.0,2420.0,2410.0,2401.0,2410.0,14097,2401.0,2401.0,2410.0,33846271.0,33846271.0,33846271.0,,3,SUR,0.84,
TQBR,2017-07-25,ÔמסÀדנמ אמ,PHOR,1529,48547564.0,2382.0,2382.0,2415.0,2397.0,2398.0,2397.0,20246,2398.0,2398.0,2397.0,48547564.0,48547564.0,48547564.0,,3,SUR,-0.54,
TQBR,2017-07-26,ÔמסÀדנמ אמ,PHOR,1392,45822112.0,2400.0,2384.0,2425.0,2405.0,2406.0,2405.0,19043,2406.0,2406.0,2405.0,45822112.0,45822112.0,45822112.0,,3,SUR,0.33,
TQBR,2017-07-27,ÔמסÀדנמ אמ,PHOR,1201,29705559.0,2423.0,2383.0,2423.0,2389.0,2402.0,2389.0,12369,2402.0,2402.0,2389.0,29705559.0,29705559.0,29705559.0,,3,SUR,-0.67,
TQBR,2017-07-28,ÔמסÀדנמ אמ,PHOR,2670,64088640.0,2405.0,2327.0,2405.0,2358.0,2374.0,2358.0,26995,2374.0,2374.0,2358.0,64088640.0,64088640.0,64088640.0,,3,SUR,-1.3,
TQBR,2017-07-31,ÔמסÀדנמ אמ,PHOR,1297,37747252.0,2364.0,2351.0,2393.0,2385.0,2376.0,2385.0,15884,2376.0,2376.0,2385.0,37747252.0,37747252.0,37747252.0,,3,SUR,1.15,
TQBR,2017-08-01,ÔמסÀדנמ אמ,PHOR,1399,32102829.0,2378.0,2350.0,2405.0,2350.0,2382.0,2350.0,13477,2382.0,2382.0,2350.0,32102829.0,32102829.0,32102829.0,,3,SUR,-1.47,
TQBR,2017-08-02,ÔמסÀדנמ אמ,PHOR,1291,38827277.0,2361.0,2361.0,2398.0,2395.0,2381.0,2395.0,16308,2381.0,2381.0,2395.0,38827277.0,38827277.0,38827277.0,,3,SUR,1.91,
TQBR,2017-08-03,ÔמסÀדנמ אמ,PHOR,923,22321461.0,2408.0,2350.0,2408.0,2384.0,2381.0,2384.0,9375,2381.0,2381.0,2384.0,22321461.0,22321461.0,22321461.0,,3,SUR,-0.46,
TQBR,2017-08-04,ÔמסÀדנמ אמ,PHOR,1332,43192995.0,2365.0,2357.0,2377.0,2377.0,2366.0,2377.0,18257,2366.0,2366.0,2377.0,43192995.0,43192995.0,43192995.0,,3,SUR,-0.29,
TQBR,2017-08-07,ÔמסÀדנמ אמ,PHOR,1041,31588927.0,2370.0,2358.0,2397.0,2380.0,2383.0,2380.0,13255,2383.0,2383.0,2380.0,31588927.0,31588927.0,31588927.0,,3,SUR,0.13,
TQBR,2017-08-08,ÔמסÀדנמ אמ,PHOR,1460,48728273.0,2380.0,2371.0,2425.0,2410.0,2409.0,2410.0,20224,2409.0,2409.0,2410.0,48728273.0,48728273.0,48728273.0,,3,SUR,1.26,
TQBR,2017-08-09,ÔמסÀדנמ אמ,PHOR,1037,38014119.0,2415.0,2400.0,2450.0,2420.0,2433.0,2420.0,15626,2433.0,2433.0,2420.0,38014119.0,38014119.0,38014119.0,,3,SUR,0.41,
TQBR,2017-08-10,ÔמסÀדנמ אמ,PHOR,1134,31744126.0,2429.0,2417.0,2456.0,2422.0,2438.0,2422.0,13018,2438.0,2438.0,2422.0,31744126.0,31744126.0,31744126.0,,3,SUR,0.08,
TQBR,2017-08-11,ÔמסÀדנמ אמ,PHOR,1567,50737805.0,2420.0,2391.0,2443.0,2424.0,2408.0,2424.0,21074,2408.0,2408.0,2424.0,50737805.0,50737805.0,50737805.0,,3,SUR,0.08,
TQBR,2017-08-14,ÔמסÀדנמ אמ,PHOR,1469,79541863.0,2420.0,2420.0,2453.0,2429.0,2445.0,2429.0,32527,2445.0,2445.0,2429.0,79541863.0,79541863.0,79541863.0,,3,SUR,0.21,
TQBR,2017-08-15,ÔמסÀדנמ אמ,PHOR,1732,45273286.0,2436.0,2399.0,2459.0,2417.0,2423.0,2417.0,18685,2423.0,2423.0,2417.0,45273286.0,45273286.0,45273286.0,,3,SUR,-0.49,
TQBR,2017-08-16,ÔמסÀדנמ אמ,PHOR,1710,71272499.0,2417.0,2386.0,2424.0,2397.0,2393.0,2397.0,29780,2393.0,2393.0,2397.0,71272499.0,71272499.0,71272499.0,,3,SUR,-0.83,
TQBR,2017-08-17,ÔמסÀדנמ אמ,PHOR,925,23213258.0,2401.0,2372.0,2406.0,2395.0,2386.0,2395.0,9728,2386.0,2386.0,2395.0,23213258.0,23213258.0,23213258.0,,3,SUR,-0.08,
TQBR,2017-08-18,ÔמסÀדנמ אמ,PHOR,1267,50916402.0,2374.0,2360.0,2431.0,2403.0,2396.0,2403.0,21253,2396.0,2396.0,2403.0,50916402.0,50916402.0,50916402.0,,3,SUR,0.33,
TQBR,2017-08-21,ÔמסÀדנמ אמ,PHOR,1002,33397425.0,2412.0,2409.0,2445.0,2440.0,2433.0,2440.0,13725,2433.0,2433.0,2440.0,33397425.0,33397425.0,33397425.0,,3,SUR,1.54,
TQBR,2017-08-22,ÔמסÀדנמ אמ,PHOR,1108,63834377.0,2441.0,2407.0,2449.0,2419.0,2426.0,2419.0,26315,2426.0,2426.0,2419.0,63834377.0,63834377.0,63834377.0,,3,SUR,-0.86,
TQBR,2017-08-23,ÔמסÀדנמ אמ,PHOR,939,29563048.0,2433.0,2407.0,2437.0,2430.0,2424.0,2430.0,12195,2424.0,2424.0,2430.0,29563048.0,29563048.0,29563048.0,,3,SUR,0.45,
TQBR,2017-08-24,ÔמסÀדנמ אמ,PHOR,1158,45436412.0,2428.0,2383.0,2437.0,2401.0,2413.0,2401.0,18827,2413.0,2413.0,2401.0,45436412.0,45436412.0,45436412.0,,3,SUR,-1.19,
TQBR,2017-08-25,ÔמסÀדנמ אמ,PHOR,1336,38811867.0,2378.0,2378.0,2425.0,2415.0,2413.0,2415.0,16082,2413.0,2413.0,2415.0,38811867.0,38811867.0,38811867.0,,3,SUR,0.58,
TQBR,2017-08-28,ÔמסÀדנמ אמ,PHOR,1248,30661604.0,2410.0,2383.0,2424.0,2391.0,2402.0,2391.0,12759,2403.0,2403.0,2391.0,30661604.0,30661604.0,30661604.0,,3,SUR,-0.99,
TQBR,2017-08-29,ÔמסÀדנמ אמ,PHOR,3376,94631693.0,2410.0,2354.0,2410.0,2366.0,2372.0,2366.0,39902,2372.0,2372.0,2366.0,94631693.0,94631693.0,94631693.0,,3,SUR,-1.05,
TQBR,2017-08-30,ÔמסÀדנמ אמ,PHOR,3407,101501987.0,2377.0,2315.0,2388.0,2328.0,2334.0,2328.0,43486,2334.0,2334.0,2328.0,101501987.0,101501987.0,101501987.0,,3,SUR,-1.61,
TQBR,2017-08-31,ÔמסÀדנמ אמ,PHOR,3844,113414404.0,2330.0,2297.0,2375.0,2303.0,2335.0,2303.0,48562,2335.0,2335.0,2303.0,113414404.0,113414404.0,113414404.0,,3,SUR,-1.07,
TQBR,2017-09-01,ÔמסÀדנמ אמ,PHOR,1136,48015140.0,2303.0,2289.0,2345.0,2336.0,2330.0,2336.0,20605,2330.0,2330.0,2336.0,48015140.0,48015140.0,48015140.0,,3,SUR,1.43,
TQBR,2017-09-04,ÔמסÀדנמ אמ,PHOR,1271,40651088.0,2349.0,2298.0,2354.0,2311.0,2305.0,2311.0,17560,2315.0,2315.0,2311.0,40651088.0,40651088.0,40651088.0,,3,SUR,-1.07,
TQBR,2017-09-05,ÔמסÀדנמ אמ,PHOR,1802,52468659.0,2314.0,2272.0,2327.0,2290.0,2295.0,2290.0,22859,2295.0,2295.0,2290.0,52468659.0,52468659.0,52468659.0,,3,SUR,-0.91,
TQBR,2017-09-06,ÔמסÀדנמ אמ,PHOR,1851,56019418.0,2286.0,2273.0,2313.0,2303.0,2288.0,2303.0,24484,2288.0,2288.0,2303.0,56019418.0,56019418.0,56019418.0,,3,SUR,0.57,
TQBR,2017-09-07,ÔמסÀדנמ אמ,PHOR,1335,42607974.0,2305.0,2272.0,2312.0,2280.0,2289.0,2280.0,18616,2289.0,2289.0,2280.0,42607974.0,42607974.0,42607974.0,,3,SUR,-1.0,
TQBR,2017-09-08,ÔמסÀדנמ אמ,PHOR,1228,32869122.0,2279.0,2265.0,2296.0,2277.0,2276.0,2277.0,14443,2276.0,2276.0,2277.0,32869122.0,32869122.0,32869122.0,,3,SUR,-0.13,
TQBR,2017-09-11,ÔמסÀדנמ אמ,PHOR,1382,58477465.0,2277.0,2256.0,2297.0,2270.0,2270.0,2270.0,25756,2270.0,2270.0,2270.0,58477465.0,58477465.0,58477465.0,,3,SUR,-0.31,
TQBR,2017-09-12,ÔמסÀדנמ אמ,PHOR,1266,41140849.0,2273.0,2267.0,2299.0,2290.0,2289.0,2290.0,17974,2289.0,2289.0,2290.0,41140849.0,41140849.0,41140849.0,,3,SUR,0.88,
TQBR,2017-09-13,ÔמסÀדנמ אמ,PHOR,2202,94080704.0,2299.0,2296.0,2350.0,2315.0,2322.0,2315.0,40525,2322.0,2322.0,2315.0,94080704.0,94080704.0,94080704.0,,3,SUR,1.09,
TQBR,2017-09-14,ÔמסÀדנמ אמ,PHOR,891,27873991.0,2318.0,2308.0,2348.0,2333.0,2329.0,2333.0,11966,2329.0,2329.0,2333.0,27873991.0,27873991.0,27873991.0,,3,SUR,0.78,
TQBR,2017-09-15,ÔמסÀדנמ אמ,PHOR,922,44759961.0,2334.0,2321.0,2353.0,2353.0,2342.0,2353.0,19113,2342.0,2342.0,2353.0,44759961.0,44759961.0,44759961.0,,3,SUR,0.86,
TQBR,2017-09-18,ÔמסÀדנמ אמ,PHOR,2069,49379714.0,2356.0,2335.0,2383.0,2345.0,2356.0,2345.0,20963,2356.0,2356.0,2345.0,49379714.0,49379714.0,49379714.0,,3,SUR,-0.34,
TQBR,2017-09-19,ÔמסÀדנמ אמ,PHOR,882,23173247.0,2368.0,2330.0,2368.0,2345.0,2352.0,2345.0,9851,2352.0,2352.0,2345.0,23173247.0,23173247.0,23173247.0,,3,SUR,0.0,
TQBR,2017-09-20,ÔמסÀדנמ אמ,PHOR,1303,51622511.0,2357.0,2325.0,2361.0,2330.0,2339.0,2330.0,22069,2339.0,2339.0,2330.0,51622511.0,51622511.0,51622511.0,,3,SUR,-0.64,
TQBR,2017-09-21,ÔמסÀדנמ אמ,PHOR,1622,52989472.0,2339.0,2332.0,2369.0,2339.0,2355.0,2339.0,22500,2355.0,2355.0,2339.0,52989472.0,52989472.0,52989472.0,,3,SUR,0.39,
TQBR,2017-09-22,ÔמסÀדנמ אמ,PHOR,2292,104474173.0,2341.0,2302.0,2365.0,2345.0,2331.0,2345.0,44823,2331.0,2331.0,2345.0,104474173.0,104474173.0,104474173.0,,3,SUR,0.26,
TQBR,2017-09-25,ÔמסÀדנמ אמ,PHOR,1482,48039231.0,2359.0,2330.0,2360.0,2351.0,2345.0,2351.0,20487,2345.0,2345.0,2351.0,48039231.0,48039231.0,48039231.0,,3,SUR,0.26,
TQBR,2017-09-26,ÔמסÀדנמ אמ,PHOR,1362,35184263.0,2350.0,2345.0,2360.0,2352.0,2353.0,2352.0,14950,2353.0,2353.0,2352.0,35184263.0,35184263.0,35184263.0,,3,SUR,0.04,
TQBR,2017-09-27,ÔמסÀדנמ אמ,PHOR,987,17241172.0,2359.0,2341.0,2376.0,2351.0,2361.0,2351.0,7302,2361.0,2361.0,2351.0,17241172.0,17241172.0,17241172.0,,3,SUR,-0.04,
TQBR,2017-09-28,ÔמסÀדנמ אמ,PHOR,755,15154804.0,2350.0,2340.0,2373.0,2340.0,2349.0,2340.0,6451,2349.0,2349.0,2340.0,15154804.0,15154804.0,15154804.0,,3,SUR,-0.47,
TQBR,2017-09-29,ÔמסÀדנמ אמ,PHOR,798,27607641.0,2340.0,2325.0,2350.0,2325.0,2336.0,2325.0,11817,2336.0,2336.0,2325.0,27607641.0,27607641.0,27607641.0,,3,SUR,-0.64,
TQBR,2017-10-02,ÔמסÀדנמ אמ,PHOR,1402,30678156.0,2334.0,2318.0,2358.0,2352.0,2339.0,2352.0,13118,2339.0,2339.0,2352.0,30678156.0,30678156.0,30678156.0,,3,SUR,1.16,
TQBR,2017-10-03,ÔמסÀדנמ אמ,PHOR,2084,59166116.0,2352.0,2352.0,2370.0,2354.0,2363.0,2354.0,25037,2363.0,2363.0,2354.0,59166116.0,59166116.0,59166116.0,,3,SUR,0.09,
TQBR,2017-10-04,ÔמסÀדנמ אמ,PHOR,1066,30307297.0,2351.0,2350.0,2379.0,2352.0,2367.0,2352.0,12803,2367.0,2367.0,2352.0,30307297.0,30307297.0,30307297.0,,3,SUR,-0.08,
TQBR,2017-10-05,ÔמסÀדנמ אמ,PHOR,1608,38114524.0,2365.0,2343.0,2365.0,2358.0,2355.0,2358.0,16185,2355.0,2355.0,2358.0,38114524.0,38114524.0,38114524.0,,3,SUR,0.26,
TQBR,2017-10-06,ÔמסÀדנמ אמ,PHOR,1131,34954204.0,2364.0,2353.0,2375.0,2368.0,2367.0,2368.0,14769,2367.0,2367.0,2368.0,34954204.0,34954204.0,34954204.0,,3,SUR,0.42,
TQBR,2017-10-09,ÔמסÀדנמ אמ,PHOR,1695,59615489.0,2376.0,2368.0,2403.0,2394.0,2388.0,2394.0,24960,2388.0,2388.0,2394.0,59615489.0,59615489.0,59615489.0,,3,SUR,1.1,
TQBR,2017-10-10,ÔמסÀדנמ אמ,PHOR,795,26313279.0,2396.0,2370.0,2420.0,2378.0,2383.0,2378.0,11044,2383.0,2383.0,2378.0,26313279.0,26313279.0,26313279.0,,3,SUR,-0.67,
TQBR,2017-10-11,ÔמסÀדנמ אמ,PHOR,1770,65887939.0,2371.0,2359.0,2389.0,2378.0,2374.0,2378.0,27755,2374.0,2374.0,2378.0,65887939.0,65887939.0,65887939.0,,3,SUR,0.0,
TQBR,2017-10-12,ÔמסÀדנמ אמ,PHOR,2255,74462919.0,2360.0,2333.0,2371.0,2356.0,2356.0,2356.0,31609,2356.0,2356.0,2356.0,74462919.0,74462919.0,74462919.0,,3,SUR,-0.93,
TQBR,2017-10-13,ÔמסÀדנמ אמ,PHOR,1459,47231575.0,2360.0,2321.0,2360.0,2335.0,2336.0,2335.0,20218,2336.0,2336.0,2335.0,47231575.0,47231575.0,47231575.0,,3,SUR,-0.89,
TQBR,2017-10-16,ÔמסÀדנמ אמ,PHOR,1814,46735913.0,2341.0,2321.0,2361.0,2344.0,2345.0,2344.0,19933,2345.0,2345.0,2344.0,46735913.0,46735913.0,46735913.0,,3,SUR,0.39,
TQBR,2017-10-17,ÔמסÀדנמ אמ,PHOR,1397,46044556.0,2356.0,2322.0,2356.0,2331.0,2332.0,2331.0,19745,2332.0,2332.0,2331.0,46044556.0,46044556.0,46044556.0,,3,SUR,-0.55,
TQBR,2017-10-18,ÔמסÀדנמ אמ,PHOR,2006,63652077.0,2331.0,2302.0,2345.0,2340.0,2319.0,2340.0,27446,2319.0,2319.0,2340.0,63652077.0,63652077.0,63652077.0,,3,SUR,0.39,
TQBR,2017-10-19,ÔמסÀדנמ אמ,PHOR,1691,53491579.0,2354.0,2305.0,2355.0,2322.0,2317.0,2322.0,23085,2317.0,2317.0,2322.0,53491579.0,53491579.0,53491579.0,,3,SUR,-0.77,
TQBR,2017-10-20,ÔמסÀדנמ אמ,PHOR,2532,80092930.0,2305.0,2272.0,2329.0,2313.0,2298.0,2313.0,34847,2298.0,2298.0,2313.0,80092930.0,80092930.0,80092930.0,,3,SUR,-0.39,
TQBR,2017-10-23,ÔמסÀדנמ אמ,PHOR,2849,84035998.0,2303.0,2263.0,2335.0,2276.0,2284.0,2276.0,36799,2284.0,2284.0,2276.0,84035998.0,84035998.0,84035998.0,,3,SUR,-1.6,
TQBR,2017-10-24,ÔמסÀדנמ אמ,PHOR,1463,57390098.0,2280.0,2255.0,2286.0,2270.0,2273.0,2270.0,25253,2273.0,2273.0,2270.0,57390098.0,57390098.0,57390098.0,,3,SUR,-0.26,
TQBR,2017-10-25,ÔמסÀדנמ אמ,PHOR,1480,47805214.0,2274.0,2266.0,2299.0,2275.0,2279.0,2275.0,20977,2279.0,2279.0,2275.0,47805214.0,47805214.0,47805214.0,,3,SUR,0.22,
TQBR,2017-10-26,ÔמסÀדנמ אמ,PHOR,2374,94980330.0,2273.0,2252.0,2280.0,2266.0,2265.0,2266.0,41935,2265.0,2265.0,2266.0,94980330.0,94980330.0,94980330.0,,3,SUR,-0.4,
TQBR,2017-10-27,ÔמסÀדנמ אמ,PHOR,3044,153503267.0,2281.0,2261.0,2316.0,2293.0,2296.0,2293.0,66867,2296.0,2296.0,2293.0,153503267.0,153503267.0,153503267.0,,3,SUR,1.19,
TQBR,2017-10-30,ÔמסÀדנמ אמ,PHOR,1277,34459401.0,2310.0,2285.0,2337.0,2322.0,2314.0,2322.0,14889,2314.0,2314.0,2322.0,34459401.0,34459401.0,34459401.0,,3,SUR,1.26,
TQBR,2017-10-31,ÔמסÀדנמ אמ,PHOR,1267,36462346.0,2323.0,2310.0,2340.0,2340.0,2327.0,2340.0,15669,2327.0,2327.0,2340.0,36462346.0,36462346.0,36462346.0,,3,SUR,0.78,
TQBR,2017-11-01,ÔמסÀדנמ אמ,PHOR,1371,40104553.0,2322.0,2316.0,2349.0,2325.0,2335.0,2325.0,17179,2335.0,2335.0,2325.0,40104553.0,40104553.0,40104553.0,,3,SUR,-0.64,
TQBR,2017-11-02,ÔמסÀדנמ אמ,PHOR,964,24295581.0,2330.0,2317.0,2345.0,2336.0,2334.0,2336.0,10408,2334.0,2334.0,2336.0,24295581.0,24295581.0,24295581.0,,3,SUR,0.47,
TQBR,2017-11-03,ÔמסÀדנמ אמ,PHOR,2937,126864571.0,2344.0,2330.0,2409.0,2389.0,2372.0,2389.0,53482,2372.0,2372.0,2389.0,126864571.0,126864571.0,126864571.0,,3,SUR,2.27,
TQBR,2017-11-07,ÔמסÀדנמ אמ,PHOR,5313,180700936.0,2404.0,2403.0,2465.0,2454.0,2445.0,2454.0,73919,2445.0,2445.0,2454.0,180700936.0,180700936.0,180700936.0,,3,SUR,2.72,
TQBR,2017-11-08,ÔמסÀדנמ אמ,PHOR,2688,100564722.0,2467.0,2441.0,2485.0,2448.0,2462.0,2448.0,40849,2462.0,2462.0,2448.0,100564722.0,100564722.0,100564722.0,,3,SUR,-0.24,
TQBR,2017-11-09,ÔמסÀדנמ אמ,PHOR,1720,67258143.0,2452.0,2428.0,2464.0,2430.0,2452.0,2430.0,27432,2452.0,2452.0,2430.0,67258143.0,67258143.0,67258143.0,,3,SUR,-0.74,
TQBR,2017-11-10,ÔמסÀדנמ אמ,PHOR,2053,89162061.0,2446.0,2405.0,2459.0,2432.0,2439.0,2432.0,36561,2439.0,2439.0,2432.0,89162061.0,89162061.0,89162061.0,,3,SUR,0.08,
TQBR,2017-11-13,ÔמסÀדנמ אמ,PHOR,1545,109366186.0,2445.0,2436.0,2473.0,2466.0,2457.0,2466.0,44508,2457.0,2457.0,2466.0,109366186.0,109366186.0,109366186.0,,3,SUR,1.4,
TQBR,2017-11-14,ÔמסÀדנמ אמ,PHOR,2517,158527662.0,2491.0,2450.0,2540.0,2537.0,2498.0,2537.0,63492,2497.0,2497.0,2537.0,158527662.0,158527662.0,158527662.0,,3,SUR,2.88,
TQBR,2017-11-15,ÔמסÀדנמ אמ,PHOR,3873,154022041.0,2538.0,2509.0,2562.0,2534.0,2542.0,2534.0,60582,2542.0,2542.0,2534.0,154022041.0,154022041.0,154022041.0,,3,SUR,-0.12,
TQBR,2017-11-16,ÔמסÀדנמ אמ,PHOR,4653,194644585.0,2540.0,2490.0,2572.0,2545.0,2538.0,2545.0,76687,2538.0,2538.0,2545.0,194644585.0,194644585.0,194644585.0,,3,SUR,0.43,
TQBR,2017-11-17,ÔמסÀדנמ אמ,PHOR,2737,101913656.0,2535.0,2494.0,2575.0,2570.0,2550.0,2570.0,39972,2550.0,2550.0,2570.0,101913656.0,101913656.0,101913656.0,,3,SUR,0.98,
TQBR,2017-11-20,ÔמסÀדנמ אמ,PHOR,1516,54087725.0,2572.0,2546.0,2586.0,2568.0,2569.0,2568.0,21052,2569.0,2569.0,2568.0,54087725.0,54087725.0,54087725.0,,3,SUR,-0.08,
TQBR,2017-11-21,ÔמסÀדנמ אמ,PHOR,1936,66943430.0,2566.0,2566.0,2605.0,2588.0,2582.0,2588.0,25928,2582.0,2582.0,2588.0,66943430.0,66943430.0,66943430.0,,3,SUR,0.78,
TQBR,2017-11-22,ÔמסÀדנמ אמ,PHOR,2328,140768323.0,2592.0,2514.0,2609.0,2538.0,2557.0,2538.0,55059,2557.0,2557.0,2538.0,140768323.0,140768323.0,140768323.0,,3,SUR,-1.93,
TQBR,2017-11-23,ÔמסÀדנמ אמ,PHOR,15812,134641625.0,2518.0,2485.0,2537.0,2510.0,2510.0,2510.0,53636,2510.0,2510.0,2510.0,134641625.0,134641625.0,134641625.0,,3,SUR,-1.1,
TQBR,2017-11-24,ÔמסÀדנמ אמ,PHOR,1273,43230821.0,2493.0,2493.0,2539.0,2496.0,2507.0,2496.0,17244,2507.0,2507.0,2496.0,43230821.0,43230821.0,43230821.0,,3,SUR,-0.56,
TQBR,2017-11-27,ÔמסÀדנמ אמ,PHOR,2355,76485723.0,2487.0,2457.0,2495.0,2473.0,2470.0,2473.0,30971,2470.0,2470.0,2473.0,76485723.0,76485723.0,76485723.0,,3,SUR,-0.92,
TQBR,2017-11-28,ÔמסÀדנמ אמ,PHOR,1310,48052207.0,2478.0,2447.0,2507.0,2488.0,2480.0,2488.0,19375,2480.0,2480.0,2488.0,48052207.0,48052207.0,48052207.0,,3,SUR,0.61,
TQBR,2017-11-29,ÔמסÀדנמ אמ,PHOR,1050,33993372.0,2494.0,2455.0,2494.0,2472.0,2491.0,2472.0,13754,2472.0,2472.0,2472.0,33993372.0,33993372.0,33993372.0,,3,SUR,-0.64,
TQBR,2017-11-30,ÔמסÀדנמ אמ,PHOR,1556,52947248.0,2464.0,2448.0,2488.0,2470.0,2475.0,2470.0,21394,2475.0,2475.0,2470.0,52947248.0,52947248.0,52947248.0,,3,SUR,-0.08,
TQBR,2017-12-01,ÔמסÀדנמ אמ,PHOR,965,29181943.0,2477.0,2451.0,2489.0,2465.0,2471.0,2465.0,11809,2471.0,2471.0,2465.0,29181943.0,29181943.0,29181943.0,,3,SUR,-0.2,
TQBR,2017-12-04,ÔמסÀדנמ אמ,PHOR,2321,70083316.0,2484.0,2452.0,2484.0,2470.0,2462.0,2470.0,28468,2462.0,2462.0,2470.0,70083316.0,70083316.0,70083316.0,,3,SUR,0.2,
TQBR,2017-12-05,ÔמסÀדנמ אמ,PHOR,7504,94785668.0,2458.0,2429.0,2464.0,2449.0,2443.0,2449.0,38806,2443.0,2443.0,2449.0,94785668.0,94785668.0,94785668.0,,3,SUR,-0.85,
TQBR,2017-12-06,ÔמסÀדנמ אמ,PHOR,4185,103502604.0,2457.0,2426.0,2552.0,2543.0,2519.0,2543.0,41162,2515.0,2515.0,2543.0,103502604.0,103502604.0,103502604.0,,3,SUR,3.84,
TQBR,2017-12-07,ÔמסÀדנמ אמ,PHOR,1521,51697485.0,2521.0,2503.0,2562.0,2511.0,2520.0,2511.0,20517,2520.0,2520.0,2511.0,51697485.0,51697485.0,51697485.0,,3,SUR,-1.26,
TQBR,2017-12-08,ÔמסÀדנמ אמ,PHOR,1865,52779875.0,2508.0,2492.0,2546.0,2505.0,2514.0,2505.0,20997,2514.0,2514.0,2505.0,52779875.0,52779875.0,52779875.0,,3,SUR,-0.24,
TQBR,2017-12-11,ÔמסÀדנמ אמ,PHOR,1559,53294411.0,2505.0,2483.0,2559.0,2546.0,2520.0,2546.0,21147,2520.0,2520.0,2546.0,53294411.0,53294411.0,53294411.0,,3,SUR,1.64,
TQBR,2017-12-12,ÔמסÀדנמ אמ,PHOR,920,32725996.0,2580.0,2512.0,2590.0,2550.0,2542.0,2550.0,12874,2542.0,2542.0,2550.0,32725996.0,32725996.0,32725996.0,,3,SUR,0.16,
TQBR,2017-12-13,ÔמסÀדנמ אמ,PHOR,1611,63410432.0,2548.0,2524.0,2572.0,2564.0,2553.0,2564.0,24835,2553.0,2553.0,2564.0,63410432.0,63410432.0,63410432.0,,3,SUR,0.55,
TQBR,2017-12-14,ÔמסÀדנמ אמ,PHOR,1470,62324062.0,2546.0,2546.0,2590.0,2561.0,2567.0,2561.0,24275,2567.0,2567.0,2561.0,62324062.0,62324062.0,62324062.0,,3,SUR,-0.12,
TQBR,2017-12-15,ÔמסÀדנמ אמ,PHOR,891,59628548.0,2585.0,2545.0,2598.0,2553.0,2567.0,2553.0,23232,2567.0,2567.0,2553.0,59628548.0,59628548.0,59628548.0,,3,SUR,-0.31,
TQBR,2017-12-18,ÔמסÀדנמ אמ,PHOR,1682,44217596.0,2555.0,2525.0,2592.0,2542.0,2554.0,2542.0,17313,2554.0,2554.0,2542.0,44217596.0,44217596.0,44217596.0,,3,SUR,-0.43,
TQBR,2017-12-19,ÔמסÀדנמ אמ,PHOR,1722,57603429.0,2560.0,2519.0,2576.0,2564.0,2552.0,2564.0,22573,2552.0,2552.0,2564.0,57603429.0,57603429.0,57603429.0,,3,SUR,0.87,
TQBR,2017-12-20,ÔמסÀדנמ אמ,PHOR,3378,103780281.0,2540.0,2493.0,2559.0,2544.0,2521.0,2544.0,41168,2521.0,2521.0,2544.0,103780281.0,103780281.0,103780281.0,,3,SUR,-0.78,
TQBR,2017-12-21,ÔמסÀדנמ אמ,PHOR,1889,67833169.0,2547.0,2480.0,2573.0,2500.0,2515.0,2500.0,26968,2515.0,2515.0,2500.0,67833169.0,67833169.0,67833169.0,,3,SUR,-1.73,
TQBR,2017-12-22,ÔמסÀדנמ אמ,PHOR,1723,63830355.0,2500.0,2470.0,2523.0,2493.0,2502.0,2493.0,25513,2502.0,2502.0,2493.0,63830355.0,63830355.0,63830355.0,,3,SUR,-0.28,
TQBR,2017-12-25,ÔמסÀדנמ אמ,PHOR,814,18847359.0,2509.0,2486.0,2516.0,2492.0,2504.0,2492.0,7528,2504.0,2504.0,2492.0,18847359.0,18847359.0,18847359.0,,3,SUR,-0.04,
TQBR,2017-12-26,ÔמסÀדנמ אמ,PHOR,1547,45891092.0,2501.0,2435.0,2514.0,2475.0,2460.0,2475.0,18652,2460.0,2460.0,2475.0,45891092.0,45891092.0,45891092.0,,3,SUR,-0.68,
TQBR,2017-12-27,ÔמסÀדנמ אמ,PHOR,1125,67737949.0,2489.0,2451.0,2500.0,2500.0,2486.0,2500.0,27247,2486.0,2486.0,2500.0,67737949.0,67737949.0,67737949.0,,3,SUR,1.01,
TQBR,2017-12-28,ÔמסÀדנמ אמ,PHOR,1516,72133554.0,2497.0,2450.0,2507.0,2463.0,2473.0,2463.0,29160,2474.0,2474.0,2463.0,72133554.0,72133554.0,72133554.0,,3,SUR,-1.48,
TQBR,2017-12-29,ÔמסÀדנמ אמ,PHOR,1417,41908107.0,2458.0,2441.0,2507.0,2499.0,2474.0,2499.0,16956,2472.0,2472.0,2499.0,41908107.0,41908107.0,41908107.0,,3,SUR,1.46,
TQBR,2018-01-03,ÔמסÀדנמ אמ,PHOR,934,35628969.0,2505.0,2480.0,2538.0,2510.0,2504.0,2510.0,14231,2504.0,2504.0,2510.0,35628969.0,35628969.0,35628969.0,,3,SUR,0.44,
TQBR,2018-01-04,ÔמסÀדנמ אמ,PHOR,1000,44399891.0,2509.0,2489.0,2529.0,2497.0,2501.0,2497.0,17754,2501.0,2501.0,2497.0,44399891.0,44399891.0,44399891.0,,3,SUR,-0.52,
TQBR,2018-01-05,ÔמסÀדנמ אמ,PHOR,757,31126353.0,2496.0,2482.0,2505.0,2494.0,2493.0,2494.0,12485,2493.0,2493.0,2494.0,31126353.0,31126353.0,31126353.0,,3,SUR,-0.12,
TQBR,2018-01-09,ÔמסÀדנמ אמ,PHOR,1843,62128012.0,2504.0,2489.0,2527.0,2519.0,2504.0,2519.0,24814,2504.0,2504.0,2519.0,62128012.0,62128012.0,62128012.0,,3,SUR,1.0,
TQBR,2018-01-10,ÔמסÀדנמ אמ,PHOR,2385,52331833.0,2511.0,2500.0,2547.0,2530.0,2519.0,2530.0,20776,2519.0,2519.0,2530.0,52331833.0,52331833.0,52331833.0,,3,SUR,0.44,
TQBR,2018-01-11,ÔמסÀדנמ אמ,PHOR,2627,82177225.0,2542.0,2515.0,2550.0,2542.0,2539.0,2542.0,32368,2539.0,2539.0,2542.0,82177225.0,82177225.0,82177225.0,,3,SUR,0.47,
TQBR,2018-01-12,ÔמסÀדנמ אמ,PHOR,1752,59178891.0,2538.0,2524.0,2563.0,2544.0,2542.0,2544.0,23285,2542.0,2542.0,2544.0,59178891.0,59178891.0,59178891.0,,3,SUR,0.08,
TQBR,2018-01-15,ÔמסÀדנמ אמ,PHOR,2428,46401770.0,2552.0,2516.0,2564.0,2538.0,2529.0,2538.0,18345,2529.0,2529.0,2538.0,46401770.0,46401770.0,46401770.0,,3,SUR,-0.24,
TQBR,2018-01-16,ÔמסÀדנמ אמ,PHOR,1802,79220147.0,2544.0,2515.0,2544.0,2539.0,2531.0,2539.0,31301,2531.0,2531.0,2539.0,79220147.0,79220147.0,79220147.0,,3,SUR,0.04,
TQBR,2018-01-17,ÔמסÀדנמ אמ,PHOR,1926,85385893.0,2539.0,2501.0,2549.0,2540.0,2527.0,2540.0,33784,2527.0,2527.0,2540.0,85385893.0,85385893.0,85385893.0,,3,SUR,0.04,
TQBR,2018-01-18,ÔמסÀדנמ אמ,PHOR,2759,95668655.0,2548.0,2502.0,2557.0,2535.0,2534.0,2535.0,37748,2534.0,2534.0,2535.0,95668655.0,95668655.0,95668655.0,,3,SUR,-0.2,
TQBR,2018-01-19,ÔמסÀדנמ אמ,PHOR,1525,46943629.0,2522.0,2511.0,2550.0,2547.0,2535.0,2547.0,18520,2535.0,2535.0,2547.0,46943629.0,46943629.0,46943629.0,,3,SUR,0.47,
TQBR,2018-01-22,ÔמסÀדנמ אמ,PHOR,1774,81700764.0,2547.0,2537.0,2564.0,2564.0,2549.0,2564.0,32055,2549.0,2549.0,2564.0,81700764.0,81700764.0,81700764.0,,3,SUR,0.67,
TQBR,2018-01-23,ÔמסÀדנמ אמ,PHOR,1460,82731140.0,2555.0,2543.0,2574.0,2543.0,2558.0,2543.0,32345,2558.0,2558.0,2543.0,82731140.0,82731140.0,82731140.0,,3,SUR,-0.82,
TQBR,2018-01-24,ÔמסÀדנמ אמ,PHOR,1485,46079517.0,2545.0,2526.0,2559.0,2530.0,2542.0,2530.0,18127,2542.0,2542.0,2530.0,46079517.0,46079517.0,46079517.0,,3,SUR,-0.51,
TQBR,2018-01-25,ÔמסÀדנמ אמ,PHOR,1682,53610330.0,2530.0,2502.0,2543.0,2505.0,2519.0,2505.0,21286,2519.0,2519.0,2505.0,53610330.0,53610330.0,53610330.0,,3,SUR,-0.99,
TQBR,2018-01-26,ÔמסÀדנמ אמ,PHOR,1984,54364981.0,2508.0,2469.0,2537.0,2491.0,2501.0,2491.0,21737,2501.0,2501.0,2491.0,54364981.0,54364981.0,54364981.0,,3,SUR,-0.56,
TQBR,2018-01-29,ÔמסÀדנמ אמ,PHOR,1307,36557187.0,2480.0,2463.0,2500.0,2483.0,2484.0,2483.0,14718,2484.0,2484.0,2483.0,36557187.0,36557187.0,36557187.0,,3,SUR,-0.32,
TQBR,2018-01-30,ÔמסÀדנמ אמ,PHOR,1715,38221018.0,2473.0,2447.0,2501.0,2470.0,2463.0,2470.0,15521,2463.0,2463.0,2470.0,38221018.0,38221018.0,38221018.0,,3,SUR,-0.52,
TQBR,2018-01-31,ÔמסÀדנמ אמ,PHOR,1147,37487941.0,2489.0,2446.0,2489.0,2450.0,2458.0,2450.0,15252,2458.0,2458.0,2450.0,37487941.0,37487941.0,37487941.0,,3,SUR,-0.81,
TQBR,2018-02-01,ÔמסÀדנמ אמ,PHOR,1520,42766517.0,2453.0,2451.0,2473.0,2465.0,2463.0,2465.0,17364,2463.0,2463.0,2465.0,42766517.0,42766517.0,42766517.0,,3,SUR,0.61,
TQBR,2018-02-02,ÔמסÀדנמ אמ,PHOR,3993,102271129.0,2465.0,2383.0,2475.0,2400.0,2419.0,2400.0,42285,2419.0,2419.0,2400.0,102271129.0,102271129.0,102271129.0,,3,SUR,-2.64,
TQBR,2018-02-05,ÔמסÀדנמ אמ,PHOR,3141,109471182.0,2393.0,2263.0,2403.0,2380.0,2383.0,2380.0,45942,2383.0,2383.0,2380.0,109471182.0,109471182.0,109471182.0,,3,SUR,-0.83,
TQBR,2018-02-06,ÔמסÀדנמ אמ,PHOR,3614,115320542.0,2280.0,2280.0,2380.0,2321.0,2346.0,2321.0,49096,2349.0,2349.0,2321.0,115320542.0,115320542.0,115320542.0,,3,SUR,-2.48,
TQBR,2018-02-07,ÔמסÀדנמ אמ,PHOR,1672,57212933.0,2340.0,2321.0,2382.0,2372.0,2351.0,2372.0,24339,2351.0,2351.0,2372.0,57212933.0,57212933.0,57212933.0,,3,SUR,2.2,
TQBR,2018-02-08,ÔמסÀדנמ אמ,PHOR,1982,64489936.0,2389.0,2344.0,2403.0,2355.0,2372.0,2355.0,27186,2372.0,2372.0,2355.0,64489936.0,64489936.0,64489936.0,,3,SUR,-0.72,
TQBR,2018-02-09,ÔמסÀדנמ אמ,PHOR,2419,96723000.0,2349.0,2322.0,2435.0,2420.0,2358.0,2420.0,41020,2358.0,2358.0,2420.0,96723000.0,96723000.0,96723000.0,,3,SUR,2.76,
TQBR,2018-02-12,ÔמסÀדנמ אמ,PHOR,1543,50806228.0,2420.0,2384.0,2434.0,2405.0,2403.0,2405.0,21147,2403.0,2403.0,2405.0,50806228.0,50806228.0,50806228.0,,3,SUR,-0.62,
TQBR,2018-02-13,ÔמסÀדנמ אמ,PHOR,3155,106283165.0,2408.0,2395.0,2465.0,2445.0,2424.0,2445.0,43855,2424.0,2424.0,2445.0,106283165.0,106283165.0,106283165.0,,3,SUR,1.66,
TQBR,2018-02-14,ÔמסÀדנמ אמ,PHOR,1931,71517418.0,2462.0,2401.0,2462.0,2416.0,2415.0,2416.0,29610,2415.0,2415.0,2416.0,71517418.0,71517418.0,71517418.0,,3,SUR,-1.19,
TQBR,2018-02-15,ÔמסÀדנמ אמ,PHOR,3006,113198111.0,2423.0,2400.0,2478.0,2459.0,2450.0,2459.0,46196,2450.0,2450.0,2459.0,113198111.0,113198111.0,113198111.0,,3,SUR,1.78,
TQBR,2018-02-16,ÔמסÀדנמ אמ,PHOR,2078,116430732.0,2469.0,2469.0,2514.0,2489.0,2494.0,2489.0,46684,2494.0,2494.0,2489.0,116430732.0,116430732.0,116430732.0,,3,SUR,1.22,
TQBR,2018-02-19,ÔמסÀדנמ אמ,PHOR,814,31012718.0,2502.0,2464.0,2504.0,2490.0,2484.0,2495.0,12484,2484.0,2484.0,2490.0,31012718.0,31012718.0,31012718.0,,3,SUR,0.24,
TQBR,2018-02-20,ÔמסÀדנמ אמ,PHOR,798,25411149.0,2482.0,2450.0,2489.0,2459.0,2466.0,2459.0,10304,2466.0,2466.0,2459.0,25411149.0,25411149.0,25411149.0,,3,SUR,-1.44,
TQBR,2018-02-21,ÔמסÀדנמ אמ,PHOR,1179,36107733.0,2450.0,2440.0,2464.0,2464.0,2451.0,2464.0,14729,2451.0,2451.0,2464.0,36107733.0,36107733.0,36107733.0,,3,SUR,0.2,
TQBR,2018-02-22,ÔמסÀדנמ אמ,PHOR,1322,28696401.0,2451.0,2433.0,2458.0,2444.0,2445.0,2444.0,11737,2445.0,2445.0,2444.0,28696401.0,28696401.0,28696401.0,,3,SUR,-0.81,
TQBR,2018-02-26,ÔמסÀדנמ אמ,PHOR,1705,72237547.0,2454.0,2436.0,2492.0,2480.0,2477.0,2480.0,29171,2476.0,2476.0,2480.0,72237547.0,72237547.0,72237547.0,,3,SUR,1.47,
TQBR,2018-02-27,ÔמסÀדנמ אמ,PHOR,2135,87097711.0,2499.0,2338.0,2503.0,2459.0,2444.0,2459.0,35644,2444.0,2444.0,2459.0,87097711.0,87097711.0,87097711.0,,3,SUR,-0.85,
TQBR,2018-02-28,ÔמסÀדנמ אמ,PHOR,1985,66229571.0,2459.0,2380.0,2473.0,2397.0,2417.0,2397.0,27407,2417.0,2417.0,2397.0,66229571.0,66229571.0,66229571.0,,3,SUR,-2.52,
TQBR,2018-03-01,ÔמסÀדנמ אמ,PHOR,1493,49558299.0,2399.0,2385.0,2427.0,2422.0,2407.0,2422.0,20593,2407.0,2407.0,2422.0,49558299.0,49558299.0,49558299.0,,3,SUR,1.04,
TQBR,2018-03-02,ÔמסÀדנמ אמ,PHOR,1432,41505445.0,2402.0,2385.0,2437.0,2406.0,2401.0,2406.0,17286,2401.0,2401.0,2406.0,41505445.0,41505445.0,41505445.0,,3,SUR,-0.66,
TQBR,2018-03-05,ÔמסÀדנמ אמ,PHOR,1241,45325968.0,2398.0,2398.0,2456.0,2428.0,2436.0,2428.0,18610,2436.0,2436.0,2428.0,45325968.0,45325968.0,45325968.0,,3,SUR,0.91,
TQBR,2018-03-06,ÔמסÀדנמ אמ,PHOR,1269,46954843.0,2444.0,2420.0,2459.0,2459.0,2447.0,2459.0,19190,2447.0,2447.0,2459.0,46954843.0,46954843.0,46954843.0,,3,SUR,1.28,
TQBR,2018-03-07,ÔמסÀדנמ אמ,PHOR,1871,85021378.0,2460.0,2425.0,2491.0,2491.0,2449.0,2491.0,34710,2449.0,2449.0,2491.0,85021378.0,85021378.0,85021378.0,,3,SUR,1.3,
TQBR,2018-03-09,ÔמסÀדנמ אמ,PHOR,724,26586207.0,2474.0,2439.0,2484.0,2440.0,2457.0,2440.0,10820,2457.0,2457.0,2440.0,26586207.0,26586207.0,26586207.0,,3,SUR,-2.05,
TQBR,2018-03-12,ÔמסÀדנמ אמ,PHOR,1131,38973119.0,2437.0,2427.0,2465.0,2435.0,2441.0,2435.0,15933,2446.0,2446.0,2435.0,38973119.0,38973119.0,38973119.0,,3,SUR,-0.2,
TQBR,2018-03-13,ÔמסÀדנמ אמ,PHOR,1612,58041573.0,2432.0,2398.0,2448.0,2428.0,2428.0,2428.0,23909,2428.0,2428.0,2428.0,58041573.0,58041573.0,58041573.0,,3,SUR,-0.29,
TQBR,2018-03-14,ÔמסÀדנמ אמ,PHOR,1963,53192500.0,2424.0,2390.0,2429.0,2402.0,2406.0,2402.0,22105,2406.0,2406.0,2402.0,53192500.0,53192500.0,53192500.0,,3,SUR,-1.07,
TQBR,2018-03-15,ÔמסÀדנמ אמ,PHOR,4124,118201198.0,2400.0,2351.0,2408.0,2394.0,2379.0,2394.0,49689,2379.0,2379.0,2394.0,118201198.0,118201198.0,118201198.0,,3,SUR,-0.33,
TQBR,2018-03-16,ÔמסÀדנמ אמ,PHOR,1618,81763308.0,2400.0,2353.0,2400.0,2357.0,2365.0,2357.0,34578,2365.0,2365.0,2357.0,81763308.0,81763308.0,81763308.0,,3,SUR,-1.55,
TQBR,2018-03-19,ÔמסÀדנמ אמ,PHOR,1084,32321808.0,2376.0,2338.0,2389.0,2385.0,2368.0,2385.0,13652,2368.0,2368.0,2385.0,32321808.0,32321808.0,32321808.0,,3,SUR,1.19,
TQBR,2018-03-20,ÔמסÀדנמ אמ,PHOR,2354,97590320.0,2379.0,2332.0,2383.0,2340.0,2353.0,2340.0,41471,2353.0,2353.0,2340.0,97590320.0,97590320.0,97590320.0,,3,SUR,-1.89,
TQBR,2018-03-21,ÔמסÀדנמ אמ,PHOR,3425,129566100.0,2339.0,2275.0,2355.0,2300.0,2309.0,2300.0,56116,2309.0,2309.0,2300.0,129566100.0,129566100.0,129566100.0,,3,SUR,-1.71,
TQBR,2018-03-22,ÔמסÀדנמ אמ,PHOR,3297,107775006.0,2300.0,2241.0,2300.0,2262.0,2261.0,2262.0,47664,2261.0,2261.0,2262.0,107775006.0,107775006.0,107775006.0,,3,SUR,-1.65,
TQBR,2018-03-23,ÔמסÀדנמ אמ,PHOR,2018,79431240.0,2250.0,2225.0,2290.0,2271.0,2253.0,2271.0,35263,2253.0,2253.0,2271.0,79431240.0,79431240.0,79431240.0,,3,SUR,0.4,
TQBR,2018-03-26,ÔמסÀדנמ אמ,PHOR,1541,63784995.0,2285.0,2232.0,2300.0,2267.0,2266.0,2267.0,28152,2266.0,2266.0,2267.0,63784995.0,63784995.0,63784995.0,,3,SUR,-0.18,
TQBR,2018-03-27,ÔמסÀדנמ אמ,PHOR,954,31416755.0,2250.0,2241.0,2289.0,2266.0,2264.0,2266.0,13879,2264.0,2264.0,2266.0,31416755.0,31416755.0,31416755.0,,3,SUR,-0.04,
TQBR,2018-03-28,ÔמסÀדנמ אמ,PHOR,2547,89217149.0,2259.0,2250.0,2297.0,2294.0,2273.0,2294.0,39246,2273.0,2273.0,2294.0,89217149.0,89217149.0,89217149.0,,3,SUR,1.24,
TQBR,2018-03-29,ÔמסÀדנמ אמ,PHOR,1308,43905089.0,2294.0,2282.0,2338.0,2338.0,2312.0,2338.0,18988,2312.0,2312.0,2338.0,43905089.0,43905089.0,43905089.0,,3,SUR,1.92,
TQBR,2018-03-30,ÔמסÀדנמ אמ,PHOR,865,28418731.0,2337.0,2311.0,2361.0,2317.0,2339.0,2317.0,12151,2339.0,2339.0,2317.0,28418731.0,28418731.0,28418731.0,,3,SUR,-0.9,
TQBR,2018-04-02,ÔמסÀדנמ אמ,PHOR,904,19320781.0,2318.0,2314.0,2361.0,2344.0,2337.0,2344.0,8267,2337.0,2337.0,2344.0,19320781.0,19320781.0,19320781.0,,3,SUR,1.17,
TQBR,2018-04-03,ÔמסÀדנמ אמ,PHOR,847,42096345.0,2344.0,2318.0,2349.0,2326.0,2338.0,2329.0,18006,2338.0,2338.0,2326.0,42096345.0,42096345.0,42096345.0,,3,SUR,-0.64,
TQBR,2018-04-04,ÔמסÀדנמ אמ,PHOR,1313,60664067.0,2325.0,2304.0,2344.0,2341.0,2322.0,2341.0,26129,2322.0,2322.0,2341.0,60664067.0,60664067.0,60664067.0,,3,SUR,0.52,
TQBR,2018-04-05,ÔמסÀדנמ אמ,PHOR,1120,48254230.0,2343.0,2335.0,2375.0,2350.0,2356.0,2350.0,20478,2356.0,2356.0,2350.0,48254230.0,48254230.0,48254230.0,,3,SUR,0.38,
TQBR,2018-04-06,ÔמסÀדנמ אמ,PHOR,1178,41962731.0,2348.0,2341.0,2382.0,2354.0,2367.0,2354.0,17728,2367.0,2367.0,2354.0,41962731.0,41962731.0,41962731.0,,3,SUR,0.17,
TQBR,2018-04-09,ÔמסÀדנמ אמ,PHOR,9798,330954425.0,2355.0,2151.0,2359.0,2264.0,2281.0,2267.0,145063,2281.0,2281.0,2264.0,330954425.0,330954425.0,330954425.0,,3,SUR,-3.7,
TQBR,2018-04-10,ÔמסÀדנמ אמ,PHOR,6405,266338550.0,2250.0,2217.0,2394.0,2351.0,2348.0,2351.0,113432,2348.0,2348.0,2351.0,266338550.0,266338550.0,266338550.0,,3,SUR,3.71,
TQBR,2018-04-11,ÔמסÀדנמ אמ,PHOR,6662,224322354.0,2336.0,2335.0,2448.0,2390.0,2404.0,2390.0,93301,2404.0,2404.0,2390.0,224322354.0,224322354.0,224322354.0,,3,SUR,1.66,
TQBR,2018-04-12,ÔמסÀדנמ אמ,PHOR,3826,162512649.0,2399.0,2344.0,2456.0,2405.0,2419.0,2405.0,67192,2419.0,2419.0,2405.0,162512649.0,162512649.0,162512649.0,,3,SUR,0.63,
TQBR,2018-04-13,ÔמסÀדנמ אמ,PHOR,3092,110168382.0,2448.0,2425.0,2479.0,2470.0,2460.0,2470.0,44792,2460.0,2460.0,2470.0,110168382.0,110168382.0,110168382.0,,3,SUR,2.7,
TQBR,2018-04-16,ÔמסÀדנמ אמ,PHOR,2095,55057875.0,2416.0,2409.0,2498.0,2454.0,2449.0,2454.0,22481,2449.0,2449.0,2454.0,55057875.0,55057875.0,55057875.0,,3,SUR,-0.65,
TQBR,2018-04-17,ÔמסÀדנמ אמ,PHOR,2722,91892229.0,2450.0,2422.0,2486.0,2431.0,2457.0,2431.0,37398,2457.0,2457.0,2431.0,91892229.0,91892229.0,91892229.0,,3,SUR,-0.94,
TQBR,2018-04-18,ÔמסÀדנמ אמ,PHOR,2411,77873091.0,2426.0,2385.0,2462.0,2410.0,2425.0,2410.0,32116,2425.0,2425.0,2410.0,77873091.0,77873091.0,77873091.0,,3,SUR,-0.86,
TQBR,2018-04-19,ÔמסÀדנמ אמ,PHOR,2087,53963879.0,2415.0,2351.0,2422.0,2375.0,2379.0,2375.0,22688,2379.0,2379.0,2375.0,53963879.0,53963879.0,53963879.0,,3,SUR,-1.45,
TQBR,2018-04-20,ÔמסÀדנמ אמ,PHOR,969,22773959.0,2363.0,2359.0,2398.0,2397.0,2388.0,2397.0,9535,2388.0,2388.0,2397.0,22773959.0,22773959.0,22773959.0,,3,SUR,0.93,
TQBR,2018-04-23,ÔמסÀדנמ אמ,PHOR,1794,58709403.0,2400.0,2376.0,2460.0,2441.0,2416.0,2441.0,24300,2416.0,2416.0,2441.0,58709403.0,58709403.0,58709403.0,,3,SUR,1.84,
TQBR,2018-04-24,ÔמסÀדנמ אמ,PHOR,1017,26990246.0,2437.0,2383.0,2444.0,2402.0,2403.0,2402.0,11232,2403.0,2403.0,2402.0,26990246.0,26990246.0,26990246.0,,3,SUR,-1.6,
TQBR,2018-04-25,ÔמסÀדנמ אמ,PHOR,1110,28528145.0,2391.0,2365.0,2436.0,2422.0,2405.0,2422.0,11861,2405.0,2405.0,2422.0,28528145.0,28528145.0,28528145.0,,3,SUR,0.83,
TQBR,2018-04-26,ÔמסÀדנמ אמ,PHOR,2216,66361278.0,2422.0,2416.0,2480.0,2460.0,2456.0,2460.0,27021,2456.0,2456.0,2460.0,66361278.0,66361278.0,66361278.0,,3,SUR,1.57,
TQBR,2018-04-27,ÔמסÀדנמ אמ,PHOR,1141,41294744.0,2468.0,2442.0,2478.0,2476.0,2463.0,2476.0,16768,2463.0,2463.0,2476.0,41294744.0,41294744.0,41294744.0,,3,SUR,0.65,
TQBR,2018-04-28,ÔמסÀדנמ אמ,PHOR,432,5410041.0,2477.0,2450.0,2483.0,2462.0,2462.0,2462.0,2197,2462.0,2462.0,2462.0,5410041.0,5410041.0,5410041.0,,3,SUR,-0.57,
TQBR,2018-04-30,ÔמסÀדנמ אמ,PHOR,1085,30373585.0,2463.0,2453.0,2504.0,2500.0,2480.0,2500.0,12246,2480.0,2480.0,2500.0,30373585.0,30373585.0,30373585.0,,3,SUR,1.54,
TQBR,2018-05-02,ÔמסÀדנמ אמ,PHOR,1683,39683749.0,2486.0,2461.0,2523.0,2517.0,2499.0,2522.0,15879,2499.0,2499.0,2517.0,39683749.0,39683749.0,39683749.0,,3,SUR,0.88,
TQBR,2018-05-03,ÔמסÀדנמ אמ,PHOR,521,18174007.0,2516.0,2476.0,2522.0,2476.0,2500.0,2476.0,7271,2500.0,2500.0,2476.0,18174007.0,18174007.0,18174007.0,,3,SUR,-1.82,
TQBR,2018-05-04,ÔמסÀדנמ אמ,PHOR,1285,36132139.0,2495.0,2453.0,2509.0,2490.0,2479.0,2490.0,14575,2479.0,2479.0,2490.0,36132139.0,36132139.0,36132139.0,,3,SUR,0.57,
TQBR,2018-05-07,ÔמסÀדנמ אמ,PHOR,674,28684997.0,2483.0,2473.0,2500.0,2475.0,2484.0,2475.0,11546,2484.0,2484.0,2475.0,28684997.0,28684997.0,28684997.0,,3,SUR,-0.6,
TQBR,2018-05-08,ÔמסÀדנמ אמ,PHOR,1514,44572072.0,2475.0,2430.0,2488.0,2487.0,2459.0,2487.0,18129,2459.0,2459.0,2487.0,44572072.0,44572072.0,44572072.0,,3,SUR,0.48,
TQBR,2018-05-10,ÔמסÀדנמ אמ,PHOR,2190,90043693.0,2481.0,2446.0,2505.0,2446.0,2476.0,2446.0,36366,2476.0,2476.0,2446.0,90043693.0,90043693.0,90043693.0,,3,SUR,-1.65,
TQBR,2018-05-11,ÔמסÀדנמ אמ,PHOR,840,26986356.0,2457.0,2430.0,2486.0,2430.0,2454.0,2430.0,10996,2454.0,2454.0,2430.0,26986356.0,26986356.0,26986356.0,,3,SUR,-0.65,
TQBR,2018-05-14,ÔמסÀדנמ אמ,PHOR,1141,36709066.0,2455.0,2419.0,2471.0,2451.0,2444.0,2451.0,15020,2444.0,2444.0,2451.0,36709066.0,36709066.0,36709066.0,,3,SUR,0.86,
TQBR,2018-05-15,ÔמסÀדנמ אמ,PHOR,1161,35699884.0,2442.0,2417.0,2461.0,2427.0,2432.0,2427.0,14678,2432.0,2432.0,2427.0,35699884.0,35699884.0,35699884.0,,3,SUR,-0.98,
TQBR,2018-05-16,ÔמסÀדנמ אמ,PHOR,2122,62080616.0,2428.0,2402.0,2466.0,2420.0,2437.0,2420.0,25471,2437.0,2437.0,2420.0,62080616.0,62080616.0,62080616.0,,3,SUR,-0.29,
TQBR,2018-05-17,ÔמסÀדנמ אמ,PHOR,1335,50406246.0,2412.0,2401.0,2437.0,2423.0,2419.0,2423.0,20836,2419.0,2419.0,2423.0,50406246.0,50406246.0,50406246.0,,3,SUR,0.12,
TQBR,2018-05-18,ÔמסÀדנמ אמ,PHOR,1325,54169320.0,2414.0,2403.0,2422.0,2410.0,2411.0,2410.0,22469,2411.0,2411.0,2410.0,54169320.0,54169320.0,54169320.0,,3,SUR,-0.54,
TQBR,2018-05-21,ÔמסÀדנמ אמ,PHOR,1628,60357887.0,2418.0,2393.0,2433.0,2406.0,2414.0,2406.0,24999,2414.0,2414.0,2406.0,60357887.0,60357887.0,60357887.0,,3,SUR,-0.17,
TQBR,2018-05-22,ÔמסÀדנמ אמ,PHOR,5739,275397679.0,2413.0,2271.0,2413.0,2313.0,2330.0,2313.0,118201,2330.0,2330.0,2313.0,275397679.0,275397679.0,275397679.0,,3,SUR,-3.87,
TQBR,2018-05-23,ÔמסÀדנמ אמ,PHOR,2919,137611079.0,2314.0,2269.0,2316.0,2301.0,2292.0,2301.0,60050,2292.0,2292.0,2301.0,137611079.0,137611079.0,137611079.0,,3,SUR,-0.52,
TQBR,2018-05-24,ÔמסÀדנמ אמ,PHOR,1773,55937278.0,2307.0,2286.0,2332.0,2332.0,2318.0,2332.0,24133,2318.0,2318.0,2332.0,55937278.0,55937278.0,55937278.0,,3,SUR,1.35,
TQBR,2018-05-25,ÔמסÀדנמ אמ,PHOR,3596,94418989.0,2325.0,2301.0,2353.0,2329.0,2326.0,2329.0,40600,2326.0,2326.0,2329.0,94418989.0,94418989.0,94418989.0,,3,SUR,-0.13,
TQBR,2018-05-28,ÔמסÀדנמ אמ,PHOR,929,39986979.0,2350.0,2338.0,2375.0,2369.0,2357.0,2370.0,16962,2357.0,2357.0,2369.0,39986979.0,39986979.0,39986979.0,,3,SUR,1.76,
TQBR,2018-05-29,ÔמסÀדנמ אמ,PHOR,1584,87369317.0,2373.0,2336.0,2382.0,2347.0,2354.0,2347.0,37114,2354.0,2354.0,2347.0,87369317.0,87369317.0,87369317.0,,3,SUR,-0.97,
TQBR,2018-05-30,ÔמסÀדנמ אמ,PHOR,5308,213827555.0,2351.0,2320.0,2445.0,2320.0,2378.0,2320.0,89927,2378.0,2378.0,2320.0,213827555.0,213827555.0,213827555.0,,3,SUR,-1.15,
TQBR,2018-05-31,ÔמסÀדנמ אמ,PHOR,2366,61880496.0,2333.0,2302.0,2360.0,2322.0,2328.0,2322.0,26578,2328.0,2328.0,2322.0,61880496.0,61880496.0,61880496.0,,3,SUR,0.09,
TQBR,2018-06-01,ÔמסÀדנמ אמ,PHOR,707,20887027.0,2335.0,2315.0,2338.0,2331.0,2325.0,2331.0,8985,2325.0,2325.0,2331.0,20887027.0,20887027.0,20887027.0,,3,SUR,0.39,
TQBR,2018-06-04,ÔמסÀדנמ אמ,PHOR,957,33468390.0,2341.0,2327.0,2351.0,2345.0,2342.0,2345.0,14288,2342.0,2342.0,2345.0,33468390.0,33468390.0,33468390.0,,3,SUR,0.6,
TQBR,2018-06-05,ÔמסÀדנמ אמ,PHOR,1408,47950208.0,2344.0,2316.0,2359.0,2328.0,2338.0,2328.0,20513,2338.0,2338.0,2328.0,47950208.0,47950208.0,47950208.0,,3,SUR,-0.72,
TQBR,2018-06-06,ÔמסÀדנמ אמ,PHOR,1059,51971896.0,2317.0,2303.0,2338.0,2319.0,2311.0,2319.0,22493,2311.0,2311.0,2319.0,51971896.0,51971896.0,51971896.0,,3,SUR,-0.39,
TQBR,2018-06-07,ÔמסÀדנמ אמ,PHOR,1231,43958439.0,2319.0,2266.0,2322.0,2306.0,2298.0,2306.0,19129,2298.0,2298.0,2306.0,43958439.0,43958439.0,43958439.0,,3,SUR,-0.56,
TQBR,2018-06-08,ÔמסÀדנמ אמ,PHOR,1394,141928130.0,2302.0,2289.0,2316.0,2300.0,2300.0,2300.0,61696,2300.0,2300.0,2300.0,141928130.0,141928130.0,141928130.0,,3,SUR,-0.26,
TQBR,2018-06-09,ÔמסÀדנמ אמ,PHOR,413,10227235.0,2313.0,2291.0,2316.0,2300.0,2305.0,2300.0,4437,2305.0,2305.0,2300.0,10227235.0,10227235.0,10227235.0,,3,SUR,0.0,
TQBR,2018-06-11,ÔמסÀדנמ אמ,PHOR,378,14194183.0,2294.0,2288.0,2315.0,2315.0,2305.0,2315.0,6158,2305.0,2305.0,2315.0,14194183.0,14194183.0,14194183.0,,3,SUR,0.65,
TQBR,2018-06-13,ÔמסÀדנמ אמ,PHOR,943,32267373.0,2315.0,2310.0,2333.0,2322.0,2323.0,2322.0,13889,2323.0,2323.0,2322.0,32267373.0,32267373.0,32267373.0,,3,SUR,0.3,
TQBR,2018-06-14,ÔמסÀדנמ אמ,PHOR,867,82480929.0,2314.0,2288.0,2323.0,2298.0,2297.0,2298.0,35909,2297.0,2297.0,2298.0,82480929.0,82480929.0,82480929.0,,3,SUR,-1.03,
TQBR,2018-06-15,ÔמסÀדנמ אמ,PHOR,1441,93617410.0,2292.0,2291.0,2332.0,2296.0,2308.0,2296.0,40570,2308.0,2308.0,2296.0,93617410.0,93617410.0,93617410.0,,3,SUR,-0.09,
TQBR,2018-06-18,ÔמסÀדנמ אמ,PHOR,1850,69957136.0,2299.0,2259.0,2299.0,2295.0,2280.0,2295.0,30680,2280.0,2280.0,2295.0,69957136.0,69957136.0,69957136.0,,3,SUR,-0.04,
TQBR,2018-06-19,ÔמסÀדנמ אמ,PHOR,5706,90069703.0,2297.0,2263.0,2315.0,2315.0,2289.0,2315.0,39347,2289.0,2289.0,2315.0,90069703.0,90069703.0,90069703.0,,3,SUR,0.87,
TQBR,2018-06-20,ÔמסÀדנמ אמ,PHOR,3736,74786170.0,2308.0,2262.0,2330.0,2285.0,2291.0,2285.0,32650,2291.0,2291.0,2285.0,74786170.0,74786170.0,74786170.0,,3,SUR,-1.3,
TQBR,2018-06-21,ÔמסÀדנמ אמ,PHOR,2075,50651729.0,2288.0,2270.0,2298.0,2286.0,2281.0,2286.0,22202,2281.0,2281.0,2286.0,50651729.0,50651729.0,50651729.0,,3,SUR,0.04,
TQBR,2018-06-22,ÔמסÀדנמ אמ,PHOR,2139,65464379.0,2280.0,2269.0,2316.0,2291.0,2286.0,2291.0,28642,2286.0,2286.0,2291.0,65464379.0,65464379.0,65464379.0,,3,SUR,0.22,
TQBR,2018-06-25,ÔמסÀדנמ אמ,PHOR,1814,44332100.0,2312.0,2288.0,2336.0,2303.0,2313.0,2303.0,19169,2313.0,2313.0,2303.0,44332100.0,44332100.0,44332100.0,,3,SUR,0.52,
TQBR,2018-06-26,ÔמסÀדנמ אמ,PHOR,2115,39583743.0,2308.0,2271.0,2333.0,2293.0,2300.0,2293.0,17212,2300.0,2300.0,2293.0,39583743.0,39583743.0,39583743.0,,3,SUR,-0.43,
TQBR,2018-06-27,ÔמסÀדנמ אמ,PHOR,2160,76956275.0,2300.0,2250.0,2304.0,2264.0,2270.0,2264.0,33901,2270.0,2270.0,2264.0,76956275.0,76956275.0,76956275.0,,3,SUR,-1.26,
TQBR,2018-06-28,ÔמסÀדנמ אמ,PHOR,1285,40378441.0,2269.0,2257.0,2292.0,2280.0,2271.0,2280.0,17777,2271.0,2271.0,2280.0,40378441.0,40378441.0,40378441.0,,3,SUR,0.71,
TQBR,2018-06-29,ÔמסÀדנמ אמ,PHOR,745,30114274.0,2284.0,2264.0,2291.0,2270.0,2273.0,2270.0,13251,2273.0,2273.0,2270.0,30114274.0,30114274.0,30114274.0,,3,SUR,-0.44,
TQBR,2018-07-02,ÔמסÀדנמ אמ,PHOR,724,27854977.0,2275.0,2271.0,2290.0,2290.0,2280.0,2290.0,12215,2280.0,2280.0,2290.0,27854977.0,27854977.0,27854977.0,,3,SUR,0.88,
TQBR,2018-07-03,ÔמסÀדנמ אמ,PHOR,780,26832766.0,2282.0,2260.0,2289.0,2272.0,2274.0,2272.0,11800,2274.0,2274.0,2272.0,26832766.0,26832766.0,26832766.0,,3,SUR,-0.79,
TQBR,2018-07-04,ÔמסÀדנמ אמ,PHOR,605,20040576.0,2272.0,2266.0,2293.0,2268.0,2280.0,2268.0,8789,2280.0,2280.0,2268.0,20040576.0,20040576.0,20040576.0,,3,SUR,-0.18,
TQBR,2018-07-05,ÔמסÀדנמ אמ,PHOR,864,26441586.0,2275.0,2267.0,2291.0,2277.0,2281.0,2277.0,11593,2281.0,2281.0,2277.0,26441586.0,26441586.0,26441586.0,,3,SUR,0.4,
TQBR,2018-07-06,ÔמסÀדנמ אמ,PHOR,2052,73889255.0,2277.0,2268.0,2346.0,2320.0,2316.0,2320.0,31905,2316.0,2316.0,2320.0,73889255.0,73889255.0,73889255.0,,3,SUR,1.89,
TQBR,2018-07-09,ÔמסÀדנמ אמ,PHOR,1761,69612823.0,2320.0,2316.0,2372.0,2359.0,2353.0,2359.0,29579,2353.0,2353.0,2359.0,69612823.0,69612823.0,69612823.0,,3,SUR,1.68,
TQBR,2018-07-10,ÔמסÀדנמ אמ,PHOR,1049,36691134.0,2363.0,2347.0,2390.0,2349.0,2371.0,2349.0,15474,2371.0,2371.0,2349.0,36691134.0,36691134.0,36691134.0,,3,SUR,-0.42,
TQBR,2018-07-11,ÔמסÀדנמ אמ,PHOR,4612,117143862.0,2345.0,2282.0,2393.0,2325.0,2318.0,2325.0,50547,2318.0,2318.0,2325.0,117143862.0,117143862.0,117143862.0,,3,SUR,-1.02,
TQBR,2018-07-12,ÔמסÀדנמ אמ,PHOR,1319,36400722.0,2315.0,2277.0,2321.0,2290.0,2299.0,2290.0,15836,2299.0,2299.0,2290.0,36400722.0,36400722.0,36400722.0,,3,SUR,-1.51,
TQBR,2018-07-13,ÔמסÀדנמ אמ,PHOR,1438,53772736.0,2309.0,2291.0,2335.0,2326.0,2313.0,2326.0,23246,2313.0,2313.0,2326.0,53772736.0,53772736.0,53772736.0,,3,SUR,1.57,
TQBR,2018-07-16,ÔמסÀדנמ אמ,PHOR,1317,43509140.0,2318.0,2295.0,2335.0,2310.0,2312.0,2310.0,18821,2312.0,2312.0,2310.0,43509140.0,43509140.0,43509140.0,,3,SUR,-0.69,
TQBR,2018-07-17,ÔמסÀדנמ אמ,PHOR,1391,51469966.0,2310.0,2285.0,2342.0,2318.0,2317.0,2318.0,22218,2317.0,2317.0,2318.0,51469966.0,51469966.0,51469966.0,,3,SUR,0.35,
TQBR,2018-07-18,ÔמסÀדנמ אמ,PHOR,1219,49826012.0,2331.0,2331.0,2367.0,2343.0,2348.0,2343.0,21218,2348.0,2348.0,2343.0,49826012.0,49826012.0,49826012.0,,3,SUR,1.08,
TQBR,2018-07-19,ÔמסÀדנמ אמ,PHOR,3099,93158260.0,2333.0,2315.0,2363.0,2328.0,2341.0,2328.0,39787,2341.0,2341.0,2328.0,93158260.0,93158260.0,93158260.0,,3,SUR,-0.64,
TQBR,2018-07-20,ÔמסÀדנמ אמ,PHOR,1709,73702648.0,2311.0,2286.0,2368.0,2300.0,2316.0,2300.0,31829,2316.0,2316.0,2300.0,73702648.0,73702648.0,73702648.0,,3,SUR,-1.2,
TQBR,2018-07-23,ÔמסÀדנמ אמ,PHOR,1150,37235013.0,2291.0,2291.0,2337.0,2303.0,2311.0,2303.0,16115,2311.0,2311.0,2303.0,37235013.0,37235013.0,37235013.0,,3,SUR,0.13,
TQBR,2018-07-24,ÔמסÀדנמ אמ,PHOR,925,36600406.0,2294.0,2281.0,2315.0,2286.0,2298.0,2286.0,15930,2298.0,2298.0,2286.0,36600406.0,36600406.0,36600406.0,,3,SUR,-0.74,
TQBR,2018-07-25,ÔמסÀדנמ אמ,PHOR,975,36485761.0,2290.0,2270.0,2302.0,2276.0,2282.0,2276.0,15992,2282.0,2282.0,2276.0,36485761.0,36485761.0,36485761.0,,3,SUR,-0.44,
TQBR,2018-07-26,ÔמסÀדנמ אמ,PHOR,1297,44792302.0,2279.0,2261.0,2288.0,2266.0,2269.0,2266.0,19737,2269.0,2269.0,2266.0,44792302.0,44792302.0,44792302.0,,3,SUR,-0.44,
TQBR,2018-07-27,ÔמסÀדנמ אמ,PHOR,1505,68922013.0,2278.0,2258.0,2285.0,2262.0,2263.0,2262.0,30456,2263.0,2263.0,2262.0,68922013.0,68922013.0,68922013.0,,3,SUR,-0.18,
TQBR,2018-07-30,ÔמסÀדנמ אמ,PHOR,1028,39630754.0,2265.0,2253.0,2277.0,2272.0,2268.0,2272.0,17472,2268.0,2268.0,2272.0,39630754.0,39630754.0,39630754.0,,3,SUR,0.44,
TQBR,2018-07-31,ÔמסÀדנמ אמ,PHOR,1107,39137722.0,2277.0,2257.0,2295.0,2284.0,2282.0,2284.0,17147,2282.0,2282.0,2284.0,39137722.0,39137722.0,39137722.0,,3,SUR,0.53,
TQBR,2018-08-01,ÔמסÀדנמ אמ,PHOR,915,26010844.0,2294.0,2271.0,2304.0,2293.0,2292.0,2293.0,11350,2292.0,2292.0,2293.0,26010844.0,26010844.0,26010844.0,,3,SUR,0.39,
TQBR,2018-08-02,ÔמסÀדנמ אמ,PHOR,750,28566902.0,2281.0,2277.0,2303.0,2290.0,2290.0,2290.0,12479,2289.0,2289.0,2290.0,28566902.0,28566902.0,28566902.0,,3,SUR,-0.13,
TQBR,2018-08-03,ÔמסÀדנמ אמ,PHOR,1122,29456141.0,2280.0,2276.0,2310.0,2288.0,2292.0,2288.0,12853,2292.0,2292.0,2288.0,29456141.0,29456141.0,29456141.0,,3,SUR,-0.09,
TQBR,2018-08-06,ÔמסÀדנמ אמ,PHOR,1240,33144904.0,2299.0,2265.0,2310.0,2280.0,2288.0,2280.0,14486,2288.0,2288.0,2280.0,33144904.0,33144904.0,33144904.0,,3,SUR,-0.35,
TQBR,2018-08-07,ÔמסÀדנמ אמ,PHOR,863,32295589.0,2290.0,2261.0,2290.0,2263.0,2270.0,2263.0,14229,2270.0,2270.0,2263.0,32295589.0,32295589.0,32295589.0,,3,SUR,-0.75,
TQBR,2018-08-08,ÔמסÀדנמ אמ,PHOR,1485,53486760.0,2265.0,2260.0,2300.0,2293.0,2281.0,2293.0,23450,2281.0,2281.0,2293.0,53486760.0,53486760.0,53486760.0,,3,SUR,1.33,
TQBR,2018-08-09,ÔמסÀדנמ אמ,PHOR,2349,83184843.0,2299.0,2264.0,2323.0,2302.0,2291.0,2302.0,36307,2291.0,2291.0,2302.0,83184843.0,83184843.0,83184843.0,,3,SUR,0.39,
TQBR,2018-08-10,ÔמסÀדנמ אמ,PHOR,2408,78475816.0,2279.0,2245.0,2300.0,2298.0,2275.0,2298.0,34502,2275.0,2275.0,2298.0,78475816.0,78475816.0,78475816.0,,3,SUR,-0.17,
TQBR,2018-08-13,ÔמסÀדנמ אמ,PHOR,1855,66052858.0,2273.0,2255.0,2290.0,2282.0,2272.0,2282.0,29068,2272.0,2272.0,2282.0,66052858.0,66052858.0,66052858.0,,3,SUR,-0.7,
TQBR,2018-08-14,ÔמסÀדנמ אמ,PHOR,1082,37086573.0,2290.0,2261.0,2290.0,2271.0,2265.0,2271.0,16373,2265.0,2265.0,2271.0,37086573.0,37086573.0,37086573.0,,3,SUR,-0.48,
TQBR,2018-08-15,ÔמסÀדנמ אמ,PHOR,2000,100892248.0,2273.0,2264.0,2337.0,2314.0,2302.0,2314.0,43827,2302.0,2302.0,2314.0,100892248.0,100892248.0,100892248.0,,3,SUR,1.89,
TQBR,2018-08-16,ÔמסÀדנמ אמ,PHOR,900,32157806.0,2317.0,2314.0,2337.0,2319.0,2330.0,2319.0,13802,2330.0,2330.0,2319.0,32157806.0,32157806.0,32157806.0,,3,SUR,0.22,
TQBR,2018-08-17,ÔמסÀדנמ אמ,PHOR,711,28570804.0,2329.0,2304.0,2335.0,2325.0,2325.0,2325.0,12286,2325.0,2325.0,2325.0,28570804.0,28570804.0,28570804.0,,3,SUR,0.26,
TQBR,2018-08-20,ÔמסÀדנמ אמ,PHOR,1217,40683628.0,2330.0,2330.0,2354.0,2347.0,2346.0,2347.0,17345,2346.0,2346.0,2347.0,40683628.0,40683628.0,40683628.0,,3,SUR,0.95,
TQBR,2018-08-21,ÔמסÀדנמ אמ,PHOR,3253,77766453.0,2347.0,2334.0,2405.0,2374.0,2379.0,2374.0,32693,2379.0,2379.0,2374.0,77766453.0,77766453.0,77766453.0,,3,SUR,1.15,
TQBR,2018-08-22,ÔמסÀדנמ אמ,PHOR,1916,65769822.0,2380.0,2350.0,2414.0,2360.0,2384.0,2360.0,27585,2384.0,2384.0,2360.0,65769822.0,65769822.0,65769822.0,,3,SUR,-0.59,
TQBR,2018-08-23,ÔמסÀדנמ אמ,PHOR,2675,111504101.0,2385.0,2371.0,2447.0,2412.0,2415.0,2412.0,46167,2415.0,2415.0,2412.0,111504101.0,111504101.0,111504101.0,,3,SUR,2.2,
TQBR,2018-08-24,ÔמסÀדנמ אמ,PHOR,2827,118332988.0,2414.0,2409.0,2460.0,2425.0,2440.0,2425.0,48507,2440.0,2440.0,2425.0,118332988.0,118332988.0,118332988.0,,3,SUR,0.54,
TQBR,2018-08-27,ÔמסÀדנמ אמ,PHOR,11094,249005994.0,2400.0,2387.0,2508.0,2470.0,2470.0,2470.0,100818,2470.0,2470.0,2470.0,249005994.0,249005994.0,249005994.0,,3,SUR,1.86,
TQBR,2018-08-28,ÔמסÀדנמ אמ,PHOR,4429,165784374.0,2470.0,2463.0,2536.0,2531.0,2519.0,2531.0,65847,2518.0,2518.0,2531.0,165784374.0,165784374.0,165784374.0,,3,SUR,2.47,
TQBR,2018-08-29,ÔמסÀדנמ אמ,PHOR,3237,159053819.0,2544.0,2535.0,2640.0,2640.0,2582.0,2640.0,61426,2589.0,2589.0,2640.0,159053819.0,159053819.0,159053819.0,,3,SUR,4.31,
TQBR,2018-08-30,ÔמסÀדנמ אמ,PHOR,2697,114436774.0,2638.0,2603.0,2683.0,2650.0,2645.0,2650.0,43273,2645.0,2645.0,2650.0,114436774.0,114436774.0,114436774.0,,3,SUR,0.38,
TQBR,2018-08-31,ÔמסÀדנמ אמ,PHOR,2710,119976735.0,2642.0,2540.0,2642.0,2609.0,2583.0,2609.0,46444,2583.0,2583.0,2609.0,119976735.0,119976735.0,119976735.0,,3,SUR,-1.55,
TQBR,2018-09-03,ÔמסÀדנמ אמ,PHOR,2231,93239907.0,2610.0,2561.0,2619.0,2599.0,2595.0,2599.0,35934,2595.0,2595.0,2599.0,93239907.0,93239907.0,93239907.0,,3,SUR,-0.38,
TQBR,2018-09-04,ÔמסÀדנמ אמ,PHOR,2458,115017387.0,2567.0,2562.0,2612.0,2583.0,2582.0,2583.0,44545,2582.0,2582.0,2583.0,115017387.0,115017387.0,115017387.0,,3,SUR,-0.62,
TQBR,2018-09-05,ÔמסÀדנמ אמ,PHOR,2640,115638854.0,2569.0,2556.0,2591.0,2589.0,2575.0,2589.0,44908,2575.0,2575.0,2589.0,115638854.0,115638854.0,115638854.0,,3,SUR,0.23,
TQBR,2018-09-06,ÔמסÀדנמ אמ,PHOR,2207,127568977.0,2591.0,2541.0,2593.0,2585.0,2575.0,2585.0,49537,2575.0,2575.0,2585.0,127568977.0,127568977.0,127568977.0,,3,SUR,-0.15,
TQBR,2018-09-07,ÔמסÀדנמ אמ,PHOR,4423,177863616.0,2585.0,2569.0,2673.0,2639.0,2632.0,2639.0,67595,2631.0,2631.0,2639.0,177863616.0,177863616.0,177863616.0,,3,SUR,2.09,
TQBR,2018-09-10,ÔמסÀדנמ אמ,PHOR,4577,197946352.0,2639.0,2612.0,2710.0,2708.0,2669.0,2708.0,74150,2670.0,2670.0,2708.0,197946352.0,197946352.0,197946352.0,,3,SUR,2.61,
TQBR,2018-09-11,ÔמסÀדנמ אמ,PHOR,4095,187586873.0,2703.0,2650.0,2733.0,2689.0,2686.0,2689.0,69833,2686.0,2686.0,2689.0,187586873.0,187586873.0,187586873.0,,3,SUR,-0.7,
TQBR,2018-09-12,ÔמסÀדנמ אמ,PHOR,1764,72466173.0,2690.0,2650.0,2706.0,2659.0,2670.0,2659.0,27150,2669.0,2669.0,2659.0,72466173.0,72466173.0,72466173.0,,3,SUR,-1.12,
TQBR,2018-09-13,ÔמסÀדנמ אמ,PHOR,2223,79058594.0,2659.0,2600.0,2671.0,2605.0,2623.0,2605.0,30137,2623.0,2623.0,2605.0,79058594.0,79058594.0,79058594.0,,3,SUR,-2.03,
TQBR,2018-09-14,ÔמסÀדנמ אמ,PHOR,1853,83266933.0,2614.0,2595.0,2668.0,2649.0,2645.0,2649.0,31495,2644.0,2644.0,2649.0,83266933.0,83266933.0,83266933.0,,3,SUR,1.69,
TQBR,2018-09-17,ÔמסÀדנמ אמ,PHOR,1196,73672408.0,2665.0,2610.0,2668.0,2651.0,2641.0,2651.0,27891,2641.0,2641.0,2651.0,73672408.0,73672408.0,73672408.0,,3,SUR,0.08,
TQBR,2018-09-18,ÔמסÀדנמ אמ,PHOR,5166,295527756.0,2673.0,2627.0,2703.0,2650.0,2669.0,2650.0,110713,2669.0,2669.0,2650.0,295527756.0,295527756.0,295527756.0,,3,SUR,-0.04,
TQBR,2018-09-19,ÔמסÀדנמ אמ,PHOR,2537,94025832.0,2654.0,2622.0,2668.0,2638.0,2637.0,2638.0,35659,2637.0,2637.0,2638.0,94025832.0,94025832.0,94025832.0,,3,SUR,-0.45,
TQBR,2018-09-20,ÔמסÀדנמ אמ,PHOR,4898,405231934.0,2638.0,2629.0,2720.0,2690.0,2669.0,2690.0,151820,2669.0,2669.0,2690.0,405231934.0,405231934.0,405231934.0,,3,SUR,1.97,
TQBR,2018-09-21,ÔמסÀדנמ אמ,PHOR,1385,433672993.0,2689.0,2603.0,2704.0,2603.0,2618.0,2603.0,165888,2614.0,2614.0,2603.0,433672993.0,433672993.0,433672993.0,,3,SUR,-3.23,
TQBR,2018-09-24,ÔמסÀדנמ אמ,PHOR,3628,128987338.0,2622.0,2556.0,2647.0,2573.0,2605.0,2573.0,49515,2605.0,2605.0,2573.0,128987338.0,128987338.0,128987338.0,,3,SUR,-1.15,
TQBR,2018-09-25,ÔמסÀדנמ אמ,PHOR,2251,84595763.0,2579.0,2541.0,2600.0,2548.0,2570.0,2548.0,32923,2570.0,2570.0,2548.0,84595763.0,84595763.0,84595763.0,,3,SUR,-0.97,
TQBR,2018-09-26,ÔמסÀדנמ אמ,PHOR,2807,108296926.0,2558.0,2513.0,2589.0,2529.0,2547.0,2529.0,42515,2547.0,2547.0,2529.0,108296926.0,108296926.0,108296926.0,,3,SUR,-0.75,
TQBR,2018-09-27,ÔמסÀדנמ אמ,PHOR,1504,50688537.0,2520.0,2511.0,2555.0,2525.0,2536.0,2525.0,19989,2536.0,2536.0,2525.0,50688537.0,50688537.0,50688537.0,,3,SUR,-0.16,
TQBR,2018-09-28,ÔמסÀדנמ אמ,PHOR,2022,74579219.0,2530.0,2481.0,2536.0,2517.0,2500.0,2517.0,29836,2500.0,2500.0,2517.0,74579219.0,74579219.0,74579219.0,,3,SUR,-0.32,
TQBR,2018-10-01,ÔמסÀדנמ אמ,PHOR,1551,75601363.0,2525.0,2512.0,2575.0,2550.0,2549.0,2550.0,29662,2549.0,2549.0,2550.0,75601363.0,75601363.0,75601363.0,,3,SUR,1.31,
TQBR,2018-10-02,ÔמסÀדנמ אמ,PHOR,1132,45728652.0,2560.0,2543.0,2589.0,2546.0,2568.0,2546.0,17810,2568.0,2568.0,2546.0,45728652.0,45728652.0,45728652.0,,3,SUR,-0.16,
TQBR,2018-10-03,ÔמסÀדנמ אמ,PHOR,2934,167484371.0,2566.0,2538.0,2637.0,2623.0,2613.0,2623.0,64078,2614.0,2614.0,2623.0,167484371.0,167484371.0,167484371.0,,3,SUR,3.02,
TQBR,2018-10-04,ÔמסÀדנמ אמ,PHOR,3497,154147423.0,2621.0,2586.0,2670.0,2657.0,2647.0,2657.0,58241,2647.0,2647.0,2657.0,154147423.0,154147423.0,154147423.0,,3,SUR,1.3,
TQBR,2018-10-05,ÔמסÀדנמ אמ,PHOR,1253,48146751.0,2670.0,2621.0,2689.0,2630.0,2650.0,2630.0,18167,2650.0,2650.0,2630.0,48146751.0,48146751.0,48146751.0,,3,SUR,-1.02,
TQBR,2018-10-08,ÔמסÀדנמ אמ,PHOR,1962,62888832.0,2648.0,2588.0,2666.0,2615.0,2623.0,2615.0,23976,2623.0,2623.0,2615.0,62888832.0,62888832.0,62888832.0,,3,SUR,-0.57,
TQBR,2018-10-09,ÔמסÀדנמ אמ,PHOR,3211,90410357.0,2625.0,2552.0,2640.0,2555.0,2597.0,2555.0,34811,2597.0,2597.0,2555.0,90410357.0,90410357.0,90410357.0,,3,SUR,-2.29,
TQBR,2018-10-10,ÔמסÀדנמ אמ,PHOR,4376,162730316.0,2554.0,2472.0,2571.0,2493.0,2529.0,2493.0,64419,2526.0,2526.0,2493.0,162730316.0,162730316.0,162730316.0,,3,SUR,-2.43,
TQBR,2018-10-11,ÔמסÀדנמ אמ,PHOR,2964,138309420.0,2448.0,2368.0,2465.0,2443.0,2426.0,2443.0,57014,2426.0,2426.0,2443.0,138309420.0,138309420.0,138309420.0,,3,SUR,-2.01,
TQBR,2018-10-12,ÔמסÀדנמ אמ,PHOR,1135,36496584.0,2475.0,2455.0,2493.0,2463.0,2467.0,2463.0,14795,2467.0,2467.0,2463.0,36496584.0,36496584.0,36496584.0,,3,SUR,0.82,
TQBR,2018-10-15,ÔמסÀדנמ אמ,PHOR,733,20353772.0,2475.0,2427.0,2475.0,2457.0,2450.0,2457.0,8307,2450.0,2450.0,2457.0,20353772.0,20353772.0,20353772.0,,3,SUR,-0.24,
TQBR,2018-10-16,ÔמסÀדנמ אמ,PHOR,1404,78357103.0,2469.0,2446.0,2499.0,2473.0,2482.0,2473.0,31566,2482.0,2482.0,2473.0,78357103.0,78357103.0,78357103.0,,3,SUR,0.65,
TQBR,2018-10-17,ÔמסÀדנמ אמ,PHOR,2175,78796980.0,2495.0,2425.0,2533.0,2446.0,2482.0,2446.0,31753,2482.0,2482.0,2446.0,78796980.0,78796980.0,78796980.0,,3,SUR,-1.09,
TQBR,2018-10-18,ÔמסÀדנמ אמ,PHOR,3894,110114425.0,2450.0,2430.0,2492.0,2449.0,2451.0,2449.0,44929,2451.0,2451.0,2449.0,110114425.0,110114425.0,110114425.0,,3,SUR,0.12,
TQBR,2018-10-19,ÔמסÀדנמ אמ,PHOR,4480,110845856.0,2462.0,2419.0,2481.0,2436.0,2448.0,2436.0,45286,2448.0,2448.0,2436.0,110845856.0,110845856.0,110845856.0,,3,SUR,-0.53,
TQBR,2018-10-22,ÔמסÀדנמ אמ,PHOR,2677,66849791.0,2436.0,2410.0,2474.0,2418.0,2444.0,2418.0,27352,2444.0,2444.0,2418.0,66849791.0,66849791.0,66849791.0,,3,SUR,-0.74,
TQBR,2018-10-23,ÔמסÀדנמ אמ,PHOR,3776,107590499.0,2410.0,2372.0,2444.0,2441.0,2409.0,2441.0,44666,2409.0,2409.0,2441.0,107590499.0,107590499.0,107590499.0,,3,SUR,0.95,
TQBR,2018-10-24,ÔמסÀדנמ אמ,PHOR,5411,154082627.0,2429.0,2402.0,2470.0,2426.0,2427.0,2426.0,63495,2427.0,2427.0,2426.0,154082627.0,154082627.0,154082627.0,,3,SUR,-0.61,
TQBR,2018-10-25,ÔמסÀדנמ אמ,PHOR,2334,88011436.0,2400.0,2373.0,2428.0,2412.0,2403.0,2412.0,36621,2403.0,2403.0,2412.0,88011436.0,88011436.0,88011436.0,,3,SUR,-0.58,
TQBR,2018-10-26,ÔמסÀדנמ אמ,PHOR,2825,80736015.0,2424.0,2365.0,2427.0,2391.0,2379.0,2391.0,33931,2379.0,2379.0,2391.0,80736015.0,80736015.0,80736015.0,,3,SUR,-0.87,
TQBR,2018-10-29,ÔמסÀדנמ אמ,PHOR,1083,30761919.0,2391.0,2370.0,2434.0,2424.0,2414.0,2424.0,12743,2414.0,2414.0,2424.0,30761919.0,30761919.0,30761919.0,,3,SUR,1.38,
TQBR,2018-10-30,ÔמסÀדנמ אמ,PHOR,1911,62942661.0,2425.0,2370.0,2439.0,2390.0,2399.0,2390.0,26241,2399.0,2399.0,2390.0,62942661.0,62942661.0,62942661.0,,3,SUR,-1.4,
TQBR,2018-10-31,ÔמסÀדנמ אמ,PHOR,2104,95912975.0,2404.0,2404.0,2475.0,2470.0,2452.0,2470.0,39120,2452.0,2452.0,2470.0,95912975.0,95912975.0,95912975.0,,3,SUR,3.35,
TQBR,2018-11-01,ÔמסÀדנמ אמ,PHOR,2819,69064431.0,2460.0,2424.0,2496.0,2480.0,2456.0,2480.0,28123,2456.0,2456.0,2480.0,69064431.0,69064431.0,69064431.0,,3,SUR,0.4,
TQBR,2018-11-02,ÔמסÀדנמ אמ,PHOR,1315,44404756.0,2478.0,2478.0,2539.0,2509.0,2513.0,2509.0,17670,2513.0,2513.0,2509.0,44404756.0,44404756.0,44404756.0,,3,SUR,1.17,
TQBR,2018-11-06,ÔמסÀדנמ אמ,PHOR,2925,65691058.0,2500.0,2500.0,2541.0,2527.0,2526.0,2527.0,26001,2526.0,2526.0,2527.0,65691058.0,65691058.0,65691058.0,,3,SUR,0.72,
TQBR,2018-11-07,ÔמסÀדנמ אמ,PHOR,2107,57966557.0,2518.0,2475.0,2542.0,2532.0,2514.0,2532.0,23061,2514.0,2514.0,2532.0,57966557.0,57966557.0,57966557.0,,3,SUR,0.2,
TQBR,2018-11-08,ÔמסÀדנמ אמ,PHOR,886,32888960.0,2540.0,2510.0,2552.0,2520.0,2534.0,2520.0,12981,2534.0,2534.0,2520.0,32888960.0,32888960.0,32888960.0,,3,SUR,-0.47,
TQBR,2018-11-09,ÔמסÀדנמ אמ,PHOR,1211,55608625.0,2510.0,2477.0,2520.0,2492.0,2495.0,2492.0,22288,2495.0,2495.0,2492.0,55608625.0,55608625.0,55608625.0,,3,SUR,-1.11,
TQBR,2018-11-12,ÔמסÀדנמ אמ,PHOR,2314,79605204.0,2510.0,2464.0,2522.0,2471.0,2488.0,2471.0,31998,2488.0,2488.0,2471.0,79605204.0,79605204.0,79605204.0,,3,SUR,-0.84,
TQBR,2018-11-13,ÔמסÀדנמ אמ,PHOR,2423,66051682.0,2471.0,2468.0,2533.0,2504.0,2504.0,2504.0,26384,2503.0,2503.0,2504.0,66051682.0,66051682.0,66051682.0,,3,SUR,1.34,
TQBR,2018-11-14,ÔמסÀדנמ אמ,PHOR,1766,95826602.0,2505.0,2475.0,2522.0,2512.0,2498.0,2512.0,38358,2498.0,2498.0,2512.0,95826602.0,95826602.0,95826602.0,,3,SUR,0.32,
TQBR,2018-11-15,ÔמסÀדנמ אמ,PHOR,1160,35954966.0,2503.0,2490.0,2523.0,2492.0,2504.0,2492.0,14360,2504.0,2504.0,2492.0,35954966.0,35954966.0,35954966.0,,3,SUR,-0.8,
TQBR,2018-11-16,ÔמסÀדנמ אמ,PHOR,1894,64897540.0,2505.0,2470.0,2520.0,2500.0,2493.0,2500.0,26027,2493.0,2493.0,2500.0,64897540.0,64897540.0,64897540.0,,3,SUR,0.32,
TQBR,2018-11-19,ÔמסÀדנמ אמ,PHOR,1539,67717327.0,2514.0,2483.0,2517.0,2497.0,2500.0,2497.0,27089,2500.0,2500.0,2497.0,67717327.0,67717327.0,67717327.0,,3,SUR,-0.12,
TQBR,2018-11-20,ÔמסÀדנמ אמ,PHOR,2815,185529998.0,2487.0,2473.0,2530.0,2478.0,2504.0,2478.0,74083,2504.0,2504.0,2478.0,185529998.0,185529998.0,185529998.0,,3,SUR,-0.76,
TQBR,2018-11-21,ÔמסÀדנמ אמ,PHOR,5549,307401578.0,2490.0,2363.0,2533.0,2458.0,2476.0,2458.0,124128,2476.0,2476.0,2458.0,307401578.0,307401578.0,307401578.0,,3,SUR,-0.81,
TQBR,2018-11-22,ÔמסÀדנמ אמ,PHOR,1574,87112630.0,2473.0,2445.0,2473.0,2450.0,2455.0,2450.0,35482,2455.0,2455.0,2450.0,87112630.0,87112630.0,87112630.0,,3,SUR,-0.33,
TQBR,2018-11-23,ÔמסÀדנמ אמ,PHOR,1848,83108230.0,2460.0,2442.0,2485.0,2483.0,2462.0,2483.0,33751,2462.0,2462.0,2483.0,83108230.0,83108230.0,83108230.0,,3,SUR,1.35,
TQBR,2018-11-26,ÔמסÀדנמ אמ,PHOR,3345,174887153.0,2483.0,2433.0,2518.0,2487.0,2484.0,2487.0,70402,2484.0,2484.0,2487.0,174887153.0,174887153.0,174887153.0,,3,SUR,0.16,
TQBR,2018-11-27,ÔמסÀדנמ אמ,PHOR,1992,140288931.0,2489.0,2488.0,2564.0,2549.0,2527.0,2549.0,55522,2527.0,2527.0,2549.0,140288931.0,140288931.0,140288931.0,,3,SUR,2.49,
TQBR,2018-11-28,ÔמסÀדנמ אמ,PHOR,3726,108875048.0,2544.0,2537.0,2599.0,2585.0,2574.0,2585.0,42275,2575.0,2575.0,2585.0,108875048.0,108875048.0,108875048.0,,3,SUR,1.41,
TQBR,2018-11-29,ÔמסÀדנמ אמ,PHOR,3734,123918133.0,2596.0,2584.0,2639.0,2598.0,2610.0,2598.0,47484,2610.0,2610.0,2598.0,123918133.0,123918133.0,123918133.0,,3,SUR,0.5,
TQBR,2018-11-30,ÔמסÀדנמ אמ,PHOR,2879,110463617.0,2582.0,2532.0,2623.0,2593.0,2594.0,2593.0,42590,2594.0,2594.0,2593.0,110463617.0,110463617.0,110463617.0,,3,SUR,-0.19,
TQBR,2018-12-03,ÔמסÀדנמ אמ,PHOR,1471,48221130.0,2588.0,2568.0,2597.0,2589.0,2583.0,2589.0,18671,2583.0,2583.0,2589.0,48221130.0,48221130.0,48221130.0,,3,SUR,-0.15,
TQBR,2018-12-04,ÔמסÀדנמ אמ,PHOR,1145,82619525.0,2594.0,2552.0,2599.0,2567.0,2568.0,2567.0,32177,2568.0,2568.0,2567.0,82619525.0,82619525.0,82619525.0,,3,SUR,-0.85,
TQBR,2018-12-05,ÔמסÀדנמ אמ,PHOR,1187,52718759.0,2554.0,2535.0,2581.0,2577.0,2562.0,2577.0,20580,2562.0,2562.0,2577.0,52718759.0,52718759.0,52718759.0,,3,SUR,0.39,
TQBR,2018-12-06,ÔמסÀדנמ אמ,PHOR,750,32481645.0,2580.0,2540.0,2580.0,2560.0,2557.0,2560.0,12705,2557.0,2557.0,2560.0,32481645.0,32481645.0,32481645.0,,3,SUR,-0.66,
TQBR,2018-12-07,ÔמסÀדנמ אמ,PHOR,2866,131777939.0,2570.0,2494.0,2577.0,2510.0,2526.0,2510.0,52170,2526.0,2526.0,2510.0,131777939.0,131777939.0,131777939.0,,3,SUR,-1.95,
TQBR,2018-12-10,ÔמסÀדנמ אמ,PHOR,1239,45412961.0,2510.0,2485.0,2530.0,2490.0,2504.0,2490.0,18133,2504.0,2504.0,2490.0,45412961.0,45412961.0,45412961.0,,3,SUR,-0.8,
TQBR,2018-12-11,ÔמסÀדנמ אמ,PHOR,2506,107188261.0,2493.0,2467.0,2512.0,2501.0,2501.0,2501.0,42867,2500.0,2500.0,2501.0,107188261.0,107188261.0,107188261.0,,3,SUR,0.44,
TQBR,2018-12-12,ÔמסÀדנמ אמ,PHOR,1570,86148592.0,2519.0,2482.0,2519.0,2503.0,2495.0,2503.0,34530,2495.0,2495.0,2503.0,86148592.0,86148592.0,86148592.0,,3,SUR,0.08,
TQBR,2018-12-13,ÔמסÀדנמ אמ,PHOR,1484,81238071.0,2492.0,2456.0,2507.0,2469.0,2475.0,2469.0,32819,2475.0,2475.0,2469.0,81238071.0,81238071.0,81238071.0,,3,SUR,-1.36,
TQBR,2018-12-14,ÔמסÀדנמ אמ,PHOR,3215,196432706.0,2458.0,2448.0,2485.0,2475.0,2465.0,2475.0,79693,2465.0,2465.0,2475.0,196432706.0,196432706.0,196432706.0,,3,SUR,0.24,
TQBR,2018-12-17,ÔמסÀדנמ אמ,PHOR,1475,73412061.0,2468.0,2439.0,2490.0,2453.0,2457.0,2453.0,29884,2457.0,2457.0,2453.0,73412061.0,73412061.0,73412061.0,,3,SUR,-0.89,
TQBR,2018-12-18,ÔמסÀדנמ אמ,PHOR,2089,130232117.0,2450.0,2439.0,2459.0,2459.0,2451.0,2459.0,53133,2451.0,2451.0,2459.0,130232117.0,130232117.0,130232117.0,,3,SUR,0.24,
TQBR,2018-12-19,ÔמסÀדנמ אמ,PHOR,3591,179619446.0,2463.0,2461.0,2520.0,2490.0,2488.0,2490.0,72216,2487.0,2487.0,2490.0,179619446.0,179619446.0,179619446.0,,3,SUR,1.26,
TQBR,2018-12-20,ÔמסÀדנמ אמ,PHOR,5627,233033110.0,2490.0,2429.0,2490.0,2458.0,2445.0,2458.0,95301,2445.0,2445.0,2458.0,233033110.0,233033110.0,233033110.0,,3,SUR,-1.29,
TQBR,2018-12-21,ÔמסÀדנמ אמ,PHOR,1965,193750666.0,2452.0,2434.0,2486.0,2486.0,2458.0,2486.0,78825,2458.0,2458.0,2486.0,193750666.0,193750666.0,193750666.0,,3,SUR,1.14,
TQBR,2018-12-24,ÔמסÀדנמ אמ,PHOR,1797,70194241.0,2484.0,2429.0,2488.0,2438.0,2444.0,2438.0,28724,2444.0,2444.0,2438.0,70194241.0,70194241.0,70194241.0,,3,SUR,-1.93,
TQBR,2018-12-25,ÔמסÀדנמ אמ,PHOR,1977,61573780.0,2433.0,2386.0,2474.0,2467.0,2442.0,2467.0,25214,2442.0,2442.0,2467.0,61573780.0,61573780.0,61573780.0,,3,SUR,1.19,
TQBR,2018-12-26,ÔמסÀדנמ אמ,PHOR,1143,33799016.0,2460.0,2460.0,2521.0,2520.0,2493.0,2520.0,13559,2493.0,2493.0,2520.0,33799016.0,33799016.0,33799016.0,,3,SUR,2.15,
TQBR,2018-12-27,ÔמסÀדנמ אמ,PHOR,3098,79440837.0,2520.0,2500.0,2542.0,2525.0,2517.0,2525.0,31556,2517.0,2517.0,2525.0,79440837.0,79440837.0,79440837.0,,3,SUR,0.2,
TQBR,2018-12-28,ÔמסÀדנמ אמ,PHOR,1737,63520349.0,2525.0,2516.0,2555.0,2535.0,2537.0,2535.0,25037,2537.0,2537.0,2535.0,63520349.0,63520349.0,63520349.0,,3,SUR,0.4,
TQBR,2018-12-29,ÔמסÀדנמ אמ,PHOR,680,13922557.0,2549.0,2530.0,2561.0,2546.0,2542.0,2546.0,5476,2542.0,2542.0,2546.0,13922557.0,13922557.0,13922557.0,,3,SUR,0.43,
TQBR,2019-01-03,ÔמסÀדנמ אמ,PHOR,1379,55976695.0,2531.0,2512.0,2555.0,2533.0,2530.0,2533.0,22123,2530.0,2530.0,2533.0,55976695.0,55976695.0,55976695.0,,3,SUR,-0.51,
TQBR,2019-01-04,ÔמסÀדנמ אמ,PHOR,598,24765965.0,2552.0,2518.0,2552.0,2542.0,2530.0,2542.0,9789,2530.0,2530.0,2542.0,24765965.0,24765965.0,24765965.0,,3,SUR,0.36,
TQBR,2019-01-08,ÔמסÀדנמ אמ,PHOR,1732,31792191.0,2543.0,2492.0,2554.0,2514.0,2509.0,2514.0,12670,2509.0,2509.0,2514.0,31792191.0,31792191.0,31792191.0,,3,SUR,-1.1,
TQBR,2019-01-09,ÔמסÀדנמ אמ,PHOR,1393,35342091.0,2519.0,2507.0,2542.0,2521.0,2521.0,2521.0,14018,2521.0,2521.0,2521.0,35342091.0,35342091.0,35342091.0,,3,SUR,0.28,
TQBR,2019-01-10,ÔמסÀדנמ אמ,PHOR,2510,76057188.0,2526.0,2501.0,2528.0,2514.0,2510.0,2514.0,30307,2510.0,2510.0,2514.0,76057188.0,76057188.0,76057188.0,,3,SUR,-0.28,
TQBR,2019-01-11,ÔמסÀדנמ אמ,PHOR,1140,35196957.0,2508.0,2508.0,2531.0,2519.0,2519.0,2519.0,13970,2519.0,2519.0,2519.0,35196957.0,35196957.0,35196957.0,,3,SUR,0.2,
TQBR,2019-01-14,ÔמסÀדנמ אמ,PHOR,1824,81600984.0,2526.0,2505.0,2559.0,2555.0,2534.0,2555.0,32202,2534.0,2534.0,2555.0,81600984.0,81600984.0,81600984.0,,3,SUR,1.43,
TQBR,2019-01-15,ÔמסÀדנמ אמ,PHOR,3106,63460456.0,2556.0,2555.0,2580.0,2572.0,2564.0,2572.0,24749,2564.0,2564.0,2572.0,63460456.0,63460456.0,63460456.0,,3,SUR,0.67,
TQBR,2019-01-16,ÔמסÀדנמ אמ,PHOR,2649,100485724.0,2577.0,2552.0,2591.0,2566.0,2570.0,2566.0,39104,2570.0,2570.0,2566.0,100485724.0,100485724.0,100485724.0,,3,SUR,-0.23,
TQBR,2019-01-17,ÔמסÀדנמ אמ,PHOR,2400,60214490.0,2580.0,2554.0,2583.0,2570.0,2564.0,2570.0,23488,2564.0,2564.0,2570.0,60214490.0,60214490.0,60214490.0,,3,SUR,0.16,
TQBR,2019-01-18,ÔמסÀדנמ אמ,PHOR,2142,58310452.0,2565.0,2560.0,2578.0,2560.0,2568.0,2560.0,22710,2568.0,2568.0,2560.0,58310452.0,58310452.0,58310452.0,,3,SUR,-0.39,
TQBR,2019-01-21,ÔמסÀדנמ אמ,PHOR,2154,56687045.0,2562.0,2559.0,2580.0,2580.0,2573.0,2580.0,22030,2573.0,2573.0,2580.0,56687045.0,56687045.0,56687045.0,,3,SUR,0.78,
TQBR,2019-01-22,ÔמסÀדנמ אמ,PHOR,1596,56453580.0,2580.0,2560.0,2584.0,2568.0,2568.0,2568.0,21984,2568.0,2568.0,2568.0,56453580.0,56453580.0,56453580.0,,3,SUR,-0.47,
TQBR,2019-01-23,ÔמסÀדנמ אמ,PHOR,1088,38919439.0,2569.0,2566.0,2577.0,2577.0,2572.0,2577.0,15131,2572.0,2572.0,2577.0,38919439.0,38919439.0,38919439.0,,3,SUR,0.35,
TQBR,2019-01-24,ÔמסÀדנמ אמ,PHOR,2338,97205038.0,2579.0,2548.0,2586.0,2553.0,2570.0,2553.0,37816,2570.0,2570.0,2553.0,97205038.0,97205038.0,97205038.0,,3,SUR,-0.93,
TQBR,2019-01-25,ÔמסÀדנמ אמ,PHOR,1672,58547393.0,2569.0,2556.0,2574.0,2573.0,2566.0,2573.0,22817,2566.0,2566.0,2573.0,58547393.0,58547393.0,58547393.0,,3,SUR,0.78,
TQBR,2019-01-28,ÔמסÀדנמ אמ,PHOR,1235,46505444.0,2568.0,2568.0,2581.0,2579.0,2577.0,2579.0,18048,2577.0,2577.0,2579.0,46505444.0,46505444.0,46505444.0,,3,SUR,0.23,
TQBR,2019-01-29,ÔמסÀדנמ אמ,PHOR,1372,58042323.0,2584.0,2572.0,2584.0,2580.0,2580.0,2580.0,22498,2580.0,2580.0,2580.0,58042323.0,58042323.0,58042323.0,,3,SUR,0.04,
TQBR,2019-01-30,ÔמסÀדנמ אמ,PHOR,1573,72478924.0,2580.0,2574.0,2587.0,2582.0,2580.0,2582.0,28088,2580.0,2580.0,2582.0,72478924.0,72478924.0,72478924.0,,3,SUR,0.08,
TQBR,2019-01-31,ÔמסÀדנמ אמ,PHOR,2971,153778200.0,2585.0,2575.0,2586.0,2583.0,2580.0,2583.0,59595,2580.0,2580.0,2583.0,153778200.0,153778200.0,153778200.0,,3,SUR,0.04,
TQBR,2019-02-01,ÔמסÀדנמ אמ,PHOR,3081,136328246.0,2524.0,2515.0,2549.0,2529.0,2539.0,2529.0,53693,2539.0,2539.0,2529.0,136328246.0,136328246.0,136328246.0,,3,SUR,-2.09,
TQBR,2019-02-04,ÔמסÀדנמ אמ,PHOR,3307,96803368.0,2527.0,2505.0,2545.0,2518.0,2521.0,2518.0,38397,2521.0,2521.0,2518.0,96803368.0,96803368.0,96803368.0,,3,SUR,-0.43,
TQBR,2019-02-05,ÔמסÀדנמ אמ,PHOR,1858,74235422.0,2521.0,2512.0,2530.0,2528.0,2525.0,2528.0,29398,2525.0,2525.0,2528.0,74235422.0,74235422.0,74235422.0,,3,SUR,0.4,
TQBR,2019-02-06,ÔמסÀדנמ אמ,PHOR,1170,55027352.0,2528.0,2512.0,2529.0,2525.0,2522.0,2525.0,21823,2522.0,2522.0,2525.0,55027352.0,55027352.0,55027352.0,,3,SUR,-0.12,
TQBR,2019-02-07,ÔמסÀדנמ אמ,PHOR,3158,99327651.0,2512.0,2491.0,2523.0,2518.0,2510.0,2518.0,39567,2510.0,2510.0,2518.0,99327651.0,99327651.0,99327651.0,,3,SUR,-0.28,
TQBR,2019-02-08,ÔמסÀדנמ אמ,PHOR,1264,34242182.0,2512.0,2500.0,2518.0,2509.0,2508.0,2509.0,13652,2508.0,2508.0,2509.0,34242182.0,34242182.0,34242182.0,,3,SUR,-0.36,
TQBR,2019-02-11,ÔמסÀדנמ אמ,PHOR,1325,61538793.0,2517.0,2496.0,2519.0,2509.0,2510.0,2509.0,24522,2510.0,2510.0,2509.0,61538793.0,61538793.0,61538793.0,,3,SUR,0.0,
TQBR,2019-02-12,ÔמסÀדנמ אמ,PHOR,1334,70930303.0,2509.0,2497.0,2513.0,2500.0,2502.0,2500.0,28347,2502.0,2502.0,2500.0,70930303.0,70930303.0,70930303.0,,3,SUR,-0.36,
TQBR,2019-02-13,ÔמסÀדנמ אמ,PHOR,2519,89334093.0,2505.0,2471.0,2505.0,2471.0,2487.0,2471.0,35927,2487.0,2487.0,2471.0,89334093.0,89334093.0,89334093.0,,3,SUR,-1.16,
TQBR,2019-02-14,ÔמסÀדנמ אמ,PHOR,2272,104681106.0,2466.0,2463.0,2525.0,2521.0,2501.0,2521.0,41854,2501.0,2501.0,2521.0,104681106.0,104681106.0,104681106.0,,3,SUR,2.02,
TQBR,2019-02-15,ÔמסÀדנמ אמ,PHOR,2222,151383893.0,2523.0,2505.0,2523.0,2508.0,2511.0,2508.0,60287,2511.0,2511.0,2508.0,151383893.0,151383893.0,151383893.0,,3,SUR,-0.52,
TQBR,2019-02-18,ÔמסÀדנמ אמ,PHOR,1008,33977302.0,2501.0,2484.0,2517.0,2503.0,2498.0,2503.0,13604,2498.0,2498.0,2503.0,33977302.0,33977302.0,33977302.0,,3,SUR,-0.2,
TQBR,2019-02-19,ÔמסÀדנמ אמ,PHOR,1992,65312002.0,2495.0,2484.0,2510.0,2494.0,2497.0,2494.0,26157,2497.0,2497.0,2494.0,65312002.0,65312002.0,65312002.0,,3,SUR,-0.36,
TQBR,2019-02-20,ÔמסÀדנמ אמ,PHOR,2059,130071683.0,2503.0,2485.0,2529.0,2529.0,2514.0,2529.0,51739,2514.0,2514.0,2529.0,130071683.0,130071683.0,130071683.0,,3,SUR,1.4,
TQBR,2019-02-21,ÔמסÀדנמ אמ,PHOR,1047,90708999.0,2530.0,2508.0,2535.0,2525.0,2519.0,2525.0,36007,2519.0,2519.0,2525.0,90708999.0,90708999.0,90708999.0,,3,SUR,-0.16,
TQBR,2019-02-22,ÔמסÀדנמ אמ,PHOR,1078,83537934.0,2528.0,2516.0,2534.0,2530.0,2527.0,2530.0,33055,2527.0,2527.0,2530.0,83537934.0,83537934.0,83537934.0,,3,SUR,0.2,
TQBR,2019-02-25,ÔמסÀדנמ אמ,PHOR,846,31207983.0,2534.0,2519.0,2540.0,2540.0,2530.0,2540.0,12337,2530.0,2530.0,2540.0,31207983.0,31207983.0,31207983.0,,3,SUR,0.4,
TQBR,2019-02-26,ÔמסÀדנמ אמ,PHOR,1241,85512605.0,2540.0,2530.0,2560.0,2560.0,2546.0,2560.0,33583,2546.0,2546.0,2560.0,85512605.0,85512605.0,85512605.0,,3,SUR,0.79,
TQBR,2019-02-27,ÔמסÀדנמ אמ,PHOR,1443,76165740.0,2564.0,2540.0,2565.0,2553.0,2547.0,2553.0,29904,2547.0,2547.0,2553.0,76165740.0,76165740.0,76165740.0,,3,SUR,-0.27,
TQBR,2019-02-28,ÔמסÀדנמ אמ,PHOR,1676,120640201.0,2547.0,2532.0,2559.0,2555.0,2549.0,2555.0,47331,2549.0,2549.0,2555.0,120640201.0,120640201.0,120640201.0,,3,SUR,0.08,
TQBR,2019-03-01,ÔמסÀדנמ אמ,PHOR,1747,83726040.0,2541.0,2496.0,2553.0,2508.0,2525.0,2508.0,33163,2525.0,2525.0,2508.0,83726040.0,83726040.0,83726040.0,,3,SUR,-1.84,
TQBR,2019-03-04,ÔמסÀדנמ אמ,PHOR,1834,79798878.0,2505.0,2484.0,2535.0,2531.0,2523.0,2531.0,31628,2523.0,2523.0,2531.0,79798878.0,79798878.0,79798878.0,,3,SUR,0.92,
TQBR,2019-03-05,ÔמסÀדנמ אמ,PHOR,2112,59964603.0,2526.0,2518.0,2565.0,2526.0,2543.0,2526.0,23584,2543.0,2543.0,2526.0,59964603.0,59964603.0,59964603.0,,3,SUR,-0.2,
TQBR,2019-03-06,ÔמסÀדנמ אמ,PHOR,674,33281518.0,2526.0,2525.0,2557.0,2531.0,2533.0,2531.0,13141,2533.0,2533.0,2531.0,33281518.0,33281518.0,33281518.0,,3,SUR,0.2,
TQBR,2019-03-07,ÔמסÀדנמ אמ,PHOR,1058,71854439.0,2538.0,2524.0,2554.0,2554.0,2547.0,2554.0,28209,2547.0,2547.0,2554.0,71854439.0,71854439.0,71854439.0,,3,SUR,0.91,
TQBR,2019-03-11,ÔמסÀדנמ אמ,PHOR,4333,200315863.0,2554.0,2477.0,2562.0,2503.0,2497.0,2503.0,80209,2497.0,2497.0,2503.0,200315863.0,200315863.0,200315863.0,,3,SUR,-2.0,
TQBR,2019-03-12,ÔמסÀדנמ אמ,PHOR,1164,54551097.0,2511.0,2484.0,2513.0,2491.0,2493.0,2491.0,21878,2493.0,2493.0,2491.0,54551097.0,54551097.0,54551097.0,,3,SUR,-0.48,
TQBR,2019-03-13,ÔמסÀדנמ אמ,PHOR,2142,106800635.0,2499.0,2473.0,2504.0,2500.0,2489.0,2500.0,42912,2489.0,2489.0,2500.0,106800635.0,106800635.0,106800635.0,,3,SUR,0.36,
TQBR,2019-03-14,ÔמסÀדנמ אמ,PHOR,1457,63621835.0,2500.0,2478.0,2502.0,2495.0,2488.0,2495.0,25576,2488.0,2488.0,2495.0,63621835.0,63621835.0,63621835.0,,3,SUR,-0.2,
TQBR,2019-03-15,ÔמסÀדנמ אמ,PHOR,1371,109239368.0,2487.0,2477.0,2498.0,2487.0,2484.0,2487.0,43970,2484.0,2484.0,2487.0,109239368.0,109239368.0,109239368.0,,3,SUR,-0.32,
TQBR,2019-03-18,ÔמסÀדנמ אמ,PHOR,2215,97979035.0,2480.0,2450.0,2495.0,2461.0,2467.0,2461.0,39709,2467.0,2467.0,2461.0,97979035.0,97979035.0,97979035.0,,3,SUR,-1.05,
TQBR,2019-03-19,ÔמסÀדנמ אמ,PHOR,959,33826031.0,2459.0,2457.0,2471.0,2460.0,2464.0,2460.0,13729,2464.0,2464.0,2460.0,33826031.0,33826031.0,33826031.0,,3,SUR,-0.04,
TQBR,2019-03-20,ÔמסÀדנמ אמ,PHOR,3648,103883416.0,2467.0,2428.0,2467.0,2442.0,2441.0,2442.0,42551,2441.0,2441.0,2442.0,103883416.0,103883416.0,103883416.0,,3,SUR,-0.73,
TQBR,2019-03-21,ÔמסÀדנמ אמ,PHOR,8182,218084168.0,2440.0,2390.0,2454.0,2405.0,2417.0,2405.0,90233,2417.0,2417.0,2405.0,218084168.0,218084168.0,218084168.0,,3,SUR,-1.52,
TQBR,2019-03-22,ÔמסÀדנמ אמ,PHOR,2660,88881271.0,2405.0,2384.0,2415.0,2395.0,2398.0,2395.0,37067,2398.0,2398.0,2395.0,88881271.0,88881271.0,88881271.0,,3,SUR,-0.42,
TQBR,2019-03-25,ÔמסÀדנמ אמ,PHOR,2786,105614512.0,2404.0,2353.0,2404.0,2363.0,2379.0,2363.0,44402,2379.0,2379.0,2363.0,105614512.0,105614512.0,105614512.0,,3,SUR,-1.34,
TQBR,2019-03-26,ÔמסÀדנמ אמ,PHOR,1359,48708739.0,2364.0,2350.0,2380.0,2374.0,2368.0,2374.0,20572,2368.0,2368.0,2374.0,48708739.0,48708739.0,48708739.0,,3,SUR,0.47,
TQBR,2019-03-27,ÔמסÀדנמ אמ,PHOR,1041,27621606.0,2377.0,2354.0,2385.0,2354.0,2369.0,2354.0,11661,2369.0,2369.0,2354.0,27621606.0,27621606.0,27621606.0,,3,SUR,-0.84,
TQBR,2019-03-28,ÔמסÀדנמ אמ,PHOR,1391,49485283.0,2351.0,2333.0,2375.0,2363.0,2360.0,2363.0,20969,2360.0,2360.0,2363.0,49485283.0,49485283.0,49485283.0,,3,SUR,0.38,
TQBR,2019-03-29,ÔמסÀדנמ אמ,PHOR,1464,69292318.0,2363.0,2361.0,2411.0,2393.0,2385.0,2393.0,29048,2385.0,2385.0,2393.0,69292318.0,69292318.0,69292318.0,,3,SUR,1.27,
TQBR,2019-04-01,ÔמסÀדנמ אמ,PHOR,5007,234824986.0,2400.0,2362.0,2439.0,2394.0,2393.0,2394.0,98133,2393.0,2393.0,2394.0,234824986.0,234824986.0,234824986.0,,3,SUR,0.04,
TQBR,2019-04-02,ÔמסÀדנמ אמ,PHOR,1221,49687909.0,2395.0,2367.0,2411.0,2397.0,2393.0,2397.0,20763,2393.0,2393.0,2397.0,49687909.0,49687909.0,49687909.0,,3,SUR,0.13,
TQBR,2019-04-03,ÔמסÀדנמ אמ,PHOR,1757,71554690.0,2402.0,2370.0,2411.0,2376.0,2383.0,2376.0,30029,2383.0,2383.0,2376.0,71554690.0,71554690.0,71554690.0,,3,SUR,-0.88,
TQBR,2019-04-04,ÔמסÀדנמ אמ,PHOR,1877,63648941.0,2386.0,2362.0,2394.0,2387.0,2379.0,2387.0,26755,2379.0,2379.0,2387.0,63648941.0,63648941.0,63648941.0,,3,SUR,0.46,
TQBR,2019-04-05,ÔמסÀדנמ אמ,PHOR,797,34189694.0,2387.0,2375.0,2407.0,2405.0,2398.0,2405.0,14259,2398.0,2398.0,2405.0,34189694.0,34189694.0,34189694.0,,3,SUR,0.75,
TQBR,2019-04-08,ÔמסÀדנמ אמ,PHOR,879,45046490.0,2407.0,2376.0,2412.0,2379.0,2384.0,2379.0,18896,2384.0,2384.0,2379.0,45046490.0,45046490.0,45046490.0,,3,SUR,-1.08,
TQBR,2019-04-09,ÔמסÀדנמ אמ,PHOR,3065,73043093.0,2378.0,2356.0,2393.0,2372.0,2369.0,2372.0,30833,2369.0,2369.0,2372.0,73043093.0,73043093.0,73043093.0,,3,SUR,-0.29,
TQBR,2019-04-10,ÔמסÀדנמ אמ,PHOR,1662,52264811.0,2378.0,2348.0,2382.0,2374.0,2360.0,2374.0,22144,2360.0,2360.0,2374.0,52264811.0,52264811.0,52264811.0,,3,SUR,0.08,
TQBR,2019-04-11,ÔמסÀדנמ אמ,PHOR,1260,32922740.0,2368.0,2351.0,2372.0,2362.0,2361.0,2362.0,13943,2361.0,2361.0,2362.0,32922740.0,32922740.0,32922740.0,,3,SUR,-0.51,
TQBR,2019-04-12,ÔמסÀדנמ אמ,PHOR,826,23387258.0,2358.0,2356.0,2377.0,2357.0,2364.0,2357.0,9895,2364.0,2364.0,2357.0,23387258.0,23387258.0,23387258.0,,3,SUR,-0.21,
TQBR,2019-04-15,ÔמסÀדנמ אמ,PHOR,1113,30492366.0,2360.0,2346.0,2366.0,2351.0,2356.0,2351.0,12944,2356.0,2356.0,2351.0,30492366.0,30492366.0,30492366.0,,3,SUR,-0.25,
TQBR,2019-04-16,ÔמסÀדנמ אמ,PHOR,2710,95134037.0,2359.0,2344.0,2395.0,2387.0,2375.0,2387.0,40060,2375.0,2375.0,2387.0,95134037.0,95134037.0,95134037.0,,3,SUR,1.53,
TQBR,2019-04-17,ÔמסÀדנמ אמ,PHOR,1604,86437425.0,2395.0,2351.0,2399.0,2389.0,2373.0,2389.0,36430,2373.0,2373.0,2389.0,86437425.0,86437425.0,86437425.0,,3,SUR,0.08,
TQBR,2019-04-18,ÔמסÀדנמ אמ,PHOR,510,19829522.0,2375.0,2362.0,2390.0,2377.0,2374.0,2377.0,8353,2374.0,2374.0,2377.0,19829522.0,19829522.0,19829522.0,,3,SUR,-0.5,
TQBR,2019-04-19,ÔמסÀדנמ אמ,PHOR,188,3411832.0,2388.0,2375.0,2390.0,2385.0,2384.0,2385.0,1431,2384.0,2384.0,2385.0,3411832.0,3411832.0,3411832.0,,3,SUR,0.34,
TQBR,2019-04-22,ÔמסÀדנמ אמ,PHOR,583,13049490.0,2388.0,2375.0,2398.0,2380.0,2387.0,2380.0,5467,2387.0,2387.0,2380.0,13049490.0,13049490.0,13049490.0,,3,SUR,-0.21,
TQBR,2019-04-23,ÔמסÀדנמ אמ,PHOR,494,16059433.0,2387.0,2380.0,2390.0,2389.0,2385.0,2389.0,6734,2385.0,2385.0,2389.0,16059433.0,16059433.0,16059433.0,,3,SUR,0.38,
TQBR,2019-04-24,ÔמסÀדנמ אמ,PHOR,700,28991527.0,2390.0,2364.0,2390.0,2381.0,2379.0,2381.0,12185,2379.0,2379.0,2381.0,28991527.0,28991527.0,28991527.0,,3,SUR,-0.33,
TQBR,2019-04-25,ÔמסÀדנמ אמ,PHOR,921,30362218.0,2385.0,2369.0,2395.0,2383.0,2381.0,2383.0,12754,2381.0,2381.0,2383.0,30362218.0,30362218.0,30362218.0,,3,SUR,0.08,
TQBR,2019-04-26,ÔמסÀדנמ אמ,PHOR,679,23081682.0,2392.0,2365.0,2396.0,2371.0,2372.0,2371.0,9731,2372.0,2372.0,2371.0,23081682.0,23081682.0,23081682.0,,3,SUR,-0.5,
TQBR,2019-04-29,ÔמסÀדנמ אמ,PHOR,910,40004829.0,2369.0,2357.0,2390.0,2363.0,2369.0,2363.0,16886,2369.0,2369.0,2363.0,40004829.0,40004829.0,40004829.0,,3,SUR,-0.34,
TQBR,2019-04-30,ÔמסÀדנמ אמ,PHOR,1873,55135492.0,2370.0,2349.0,2371.0,2363.0,2355.0,2363.0,23410,2355.0,2355.0,2363.0,55135492.0,55135492.0,55135492.0,,3,SUR,0.0,
TQBR,2019-05-02,ÔמסÀדנמ אמ,PHOR,584,28196971.0,2366.0,2351.0,2370.0,2370.0,2361.0,2370.0,11941,2361.0,2361.0,2370.0,28196971.0,28196971.0,28196971.0,,3,SUR,0.3,
TQBR,2019-05-03,ÔמסÀדנמ אמ,PHOR,1609,47974827.0,2369.0,2360.0,2385.0,2369.0,2374.0,2369.0,20207,2374.0,2374.0,2369.0,47974827.0,47974827.0,47974827.0,,3,SUR,-0.04,
TQBR,2019-05-06,ÔמסÀדנמ אמ,PHOR,829,29297102.0,2372.0,2354.0,2379.0,2370.0,2366.0,2370.0,12385,2366.0,2366.0,2370.0,29297102.0,29297102.0,29297102.0,,3,SUR,0.04,
TQBR,2019-05-07,ÔמסÀדנמ אמ,PHOR,2459,94733426.0,2370.0,2330.0,2375.0,2339.0,2348.0,2339.0,40339,2348.0,2348.0,2339.0,94733426.0,94733426.0,94733426.0,,3,SUR,-1.31,
TQBR,2019-05-08,ÔמסÀדנמ אמ,PHOR,2541,54739152.0,2339.0,2315.0,2359.0,2325.0,2331.0,2325.0,23488,2331.0,2331.0,2325.0,54739152.0,54739152.0,54739152.0,,3,SUR,-0.6,
TQBR,2019-05-10,ÔמסÀדנמ אמ,PHOR,2796,54671345.0,2324.0,2278.0,2345.0,2278.0,2300.0,2278.0,23768,2300.0,2300.0,2278.0,54671345.0,54671345.0,54671345.0,,3,SUR,-2.02,
TQBR,2019-05-13,ÔמסÀדנמ אמ,PHOR,3252,145380261.0,2285.0,2278.0,2348.0,2324.0,2299.0,2324.0,63270,2298.0,2298.0,2324.0,145380261.0,145380261.0,145380261.0,,3,SUR,2.02,
TQBR,2019-05-14,ÔמסÀדנמ אמ,PHOR,1974,101500343.0,2311.0,2299.0,2348.0,2315.0,2317.0,2315.0,43813,2317.0,2317.0,2315.0,101500343.0,101500343.0,101500343.0,,3,SUR,-0.39,
TQBR,2019-05-15,ÔמסÀדנמ אמ,PHOR,1625,67488838.0,2300.0,2285.0,2315.0,2287.0,2297.0,2287.0,29375,2297.0,2297.0,2287.0,67488838.0,67488838.0,67488838.0,,3,SUR,-1.21,
TQBR,2019-05-16,ÔמסÀדנמ אמ,PHOR,3266,242618821.0,2310.0,2286.0,2332.0,2301.0,2313.0,2301.0,104882,2313.0,2313.0,2301.0,242618821.0,242618821.0,242618821.0,,3,SUR,0.61,
TQBR,2019-05-17,ÔמסÀדנמ אמ,PHOR,1977,152014249.0,2313.0,2302.0,2350.0,2340.0,2329.0,2340.0,65266,2329.0,2329.0,2340.0,152014249.0,152014249.0,152014249.0,,3,SUR,1.69,
TQBR,2019-05-20,ÔמסÀדנמ אמ,PHOR,1289,90075546.0,2351.0,2344.0,2373.0,2354.0,2350.0,2354.0,38328,2350.0,2350.0,2354.0,90075546.0,90075546.0,90075546.0,,3,SUR,0.6,
TQBR,2019-05-21,ÔמסÀדנמ אמ,PHOR,2534,125051328.0,2350.0,2322.0,2363.0,2332.0,2333.0,2332.0,53529,2336.0,2336.0,2332.0,125051328.0,125051328.0,125051328.0,,3,SUR,-0.93,
TQBR,2019-05-22,ÔמסÀדנמ אמ,PHOR,839,43626497.0,2343.0,2325.0,2351.0,2345.0,2341.0,2345.0,18638,2341.0,2341.0,2345.0,43626497.0,43626497.0,43626497.0,,3,SUR,0.56,
TQBR,2019-05-23,ÔמסÀדנמ אמ,PHOR,1267,76203756.0,2349.0,2346.0,2364.0,2362.0,2356.0,2363.0,32338,2356.0,2356.0,2362.0,76203756.0,76203756.0,76203756.0,,3,SUR,0.77,
TQBR,2019-05-24,ÔמסÀדנמ אמ,PHOR,1130,87132747.0,2365.0,2357.0,2382.0,2372.0,2373.0,2372.0,36717,2373.0,2373.0,2372.0,87132747.0,87132747.0,87132747.0,,3,SUR,0.38,
TQBR,2019-05-27,ÔמסÀדנמ אמ,PHOR,725,41869637.0,2379.0,2365.0,2385.0,2373.0,2378.0,2373.0,17606,2378.0,2378.0,2373.0,41869637.0,41869637.0,41869637.0,,3,SUR,0.04,
TQBR,2019-05-28,ÔמסÀדנמ אמ,PHOR,1122,68783459.0,2373.0,2370.0,2386.0,2383.0,2381.0,2383.0,28894,2381.0,2381.0,2383.0,68783459.0,68783459.0,68783459.0,,3,SUR,0.42,
TQBR,2019-05-29,ÔמסÀדנמ אמ,PHOR,3924,219584580.0,2388.0,2378.0,2435.0,2425.0,2410.0,2425.0,91105,2410.0,2410.0,2425.0,219584580.0,219584580.0,219584580.0,,3,SUR,1.76,
TQBR,2019-05-30,ÔמסÀדנמ אמ,PHOR,1560,87425232.0,2422.0,2422.0,2455.0,2455.0,2438.0,2455.0,35853,2438.0,2438.0,2455.0,87425232.0,87425232.0,87425232.0,,3,SUR,1.24,
TQBR,2019-05-31,ÔמסÀדנמ אמ,PHOR,1410,92476761.0,2455.0,2444.0,2479.0,2469.0,2466.0,2469.0,37506,2466.0,2466.0,2469.0,92476761.0,92476761.0,92476761.0,,3,SUR,0.57,
TQBR,2019-06-03,ÔמסÀדנמ אמ,PHOR,1564,97690042.0,2473.0,2460.0,2488.0,2478.0,2472.0,2478.0,39523,2472.0,2472.0,2478.0,97690042.0,97690042.0,97690042.0,,3,SUR,0.36,
TQBR,2019-06-04,ÔמסÀדנמ אמ,PHOR,3253,191359913.0,2475.0,2431.0,2479.0,2452.0,2450.0,2452.0,78066,2451.0,2451.0,2452.0,191359913.0,191359913.0,191359913.0,,3,SUR,-1.05,
TQBR,2019-06-05,ÔמסÀדנמ אמ,PHOR,1466,86199252.0,2454.0,2422.0,2462.0,2451.0,2438.0,2451.0,35357,2438.0,2438.0,2451.0,86199252.0,86199252.0,86199252.0,,3,SUR,-0.04,
TQBR,2019-06-06,ÔמסÀדנמ אמ,PHOR,1501,99985120.0,2442.0,2439.0,2464.0,2448.0,2452.0,2448.0,40781,2452.0,2452.0,2448.0,99985120.0,99985120.0,99985120.0,,3,SUR,-0.12,
TQBR,2019-06-07,ÔמסÀדנמ אמ,PHOR,2005,109086000.0,2409.0,2403.0,2415.0,2405.0,2408.0,2405.0,45299,2408.0,2408.0,2405.0,109086000.0,109086000.0,109086000.0,,3,SUR,-1.76,
TQBR,2019-06-10,ÔמסÀדנמ אמ,PHOR,1609,66524709.0,2409.0,2387.0,2414.0,2399.0,2398.0,2399.0,27744,2398.0,2398.0,2399.0,66524709.0,66524709.0,66524709.0,,3,SUR,-0.25,
TQBR,2019-06-11,ÔמסÀדנמ אמ,PHOR,3109,172974102.0,2410.0,2390.0,2446.0,2423.0,2425.0,2423.0,71342,2425.0,2425.0,2423.0,172974102.0,172974102.0,172974102.0,,3,SUR,1.0,
TQBR,2019-06-13,ÔמסÀדנמ אמ,PHOR,1454,98244328.0,2433.0,2424.0,2451.0,2451.0,2440.0,2451.0,40268,2440.0,2440.0,2451.0,98244328.0,98244328.0,98244328.0,,3,SUR,1.16,
TQBR,2019-06-14,ÔמסÀדנמ אמ,PHOR,2177,95924843.0,2451.0,2413.0,2451.0,2439.0,2432.0,2439.0,39441,2432.0,2432.0,2439.0,95924843.0,95924843.0,95924843.0,,3,SUR,-0.49,
TQBR,2019-06-17,ÔמסÀדנמ אמ,PHOR,2642,99971365.0,2439.0,2404.0,2441.0,2426.0,2415.0,2426.0,41403,2415.0,2415.0,2426.0,99971365.0,99971365.0,99971365.0,,3,SUR,-0.53,
TQBR,2019-06-18,ÔמסÀדנמ אמ,PHOR,1945,91013914.0,2429.0,2416.0,2453.0,2448.0,2440.0,2448.0,37308,2440.0,2440.0,2448.0,91013914.0,91013914.0,91013914.0,,3,SUR,0.91,
TQBR,2019-06-19,ÔמסÀדנמ אמ,PHOR,2809,245468143.0,2450.0,2430.0,2465.0,2448.0,2437.0,2448.0,100731,2437.0,2437.0,2448.0,245468143.0,245468143.0,245468143.0,,3,SUR,0.0,
TQBR,2019-06-20,ÔמסÀדנמ אמ,PHOR,2869,244326721.0,2438.0,2432.0,2460.0,2455.0,2448.0,2455.0,99821,2448.0,2448.0,2455.0,244326721.0,244326721.0,244326721.0,,3,SUR,0.29,
TQBR,2019-06-21,ÔמסÀדנמ אמ,PHOR,1637,206659299.0,2442.0,2430.0,2463.0,2460.0,2455.0,2460.0,84183,2455.0,2455.0,2460.0,206659299.0,206659299.0,206659299.0,,3,SUR,0.2,
TQBR,2019-06-24,ÔמסÀדנמ אמ,PHOR,2255,242185922.0,2464.0,2440.0,2464.0,2457.0,2447.0,2457.0,98982,2447.0,2447.0,2457.0,242185922.0,242185922.0,242185922.0,,3,SUR,-0.12,
TQBR,2019-06-25,ÔמסÀדנמ אמ,PHOR,1736,142845956.0,2451.0,2433.0,2488.0,2485.0,2457.0,2485.0,58146,2457.0,2457.0,2485.0,142845956.0,142845956.0,142845956.0,,3,SUR,1.14,
TQBR,2019-06-26,ÔמסÀדנמ אמ,PHOR,1125,65665211.0,2469.0,2457.0,2503.0,2499.0,2480.0,2499.0,26481,2480.0,2480.0,2499.0,65665211.0,65665211.0,65665211.0,,3,SUR,0.56,
TQBR,2019-06-27,ÔמסÀדנמ אמ,PHOR,1721,101855085.0,2502.0,2497.0,2550.0,2540.0,2522.0,2540.0,40391,2522.0,2522.0,2540.0,101855085.0,101855085.0,101855085.0,,3,SUR,1.64,
TQBR,2019-06-28,ÔמסÀדנמ אמ,PHOR,2116,138154726.0,2532.0,2473.0,2550.0,2484.0,2499.0,2484.0,55289,2499.0,2499.0,2484.0,138154726.0,138154726.0,138154726.0,,3,SUR,-2.2,
TQBR,2019-07-01,ÔמסÀדנמ אמ,PHOR,2395,186402298.0,2478.0,2471.0,2497.0,2476.0,2486.0,2476.0,74989,2486.0,2486.0,2476.0,186402298.0,186402298.0,186402298.0,,3,SUR,-0.32,
TQBR,2019-07-02,ÔמסÀדנמ אמ,PHOR,1721,78885209.0,2476.0,2467.0,2493.0,2492.0,2480.0,2492.0,31813,2480.0,2480.0,2492.0,78885209.0,78885209.0,78885209.0,,3,SUR,0.65,
TQBR,2019-07-03,ÔמסÀדנמ אמ,PHOR,1201,83187983.0,2489.0,2468.0,2491.0,2481.0,2484.0,2481.0,33492,2484.0,2484.0,2481.0,83187983.0,83187983.0,83187983.0,,3,SUR,-0.44,
TQBR,2019-07-04,ÔמסÀדנמ אמ,PHOR,1409,83963701.0,2487.0,2476.0,2502.0,2485.0,2491.0,2485.0,33708,2491.0,2491.0,2485.0,83963701.0,83963701.0,83963701.0,,3,SUR,0.16,
TQBR,2019-07-05,ÔמסÀדנמ אמ,PHOR,2251,202287574.0,2476.0,2476.0,2520.0,2482.0,2503.0,2482.0,80807,2503.0,2503.0,2482.0,202287574.0,202287574.0,202287574.0,,3,SUR,-0.12,
TQBR,2019-07-08,ÔמסÀדנמ אמ,PHOR,2258,166483888.0,2488.0,2482.0,2510.0,2501.0,2495.0,2501.0,66732,2495.0,2495.0,2501.0,166483888.0,166483888.0,166483888.0,,3,SUR,0.77,
TQBR,2019-07-09,ÔמסÀדנמ אמ,PHOR,2234,103462122.0,2445.0,2433.0,2453.0,2436.0,2442.0,2436.0,42360,2442.0,2442.0,2436.0,103462122.0,103462122.0,103462122.0,,3,SUR,-2.6,
TQBR,2019-07-10,ÔמסÀדנמ אמ,PHOR,2679,106563041.0,2435.0,2400.0,2435.0,2403.0,2412.0,2403.0,44182,2412.0,2412.0,2403.0,106563041.0,106563041.0,106563041.0,,3,SUR,-1.35,
TQBR,2019-07-11,ÔמסÀדנמ אמ,PHOR,2594,118593018.0,2416.0,2358.0,2416.0,2360.0,2381.0,2360.0,49804,2381.0,2381.0,2360.0,118593018.0,118593018.0,118593018.0,,3,SUR,-1.79,
TQBR,2019-07-12,ÔמסÀדנמ אמ,PHOR,1091,56097273.0,2373.0,2359.0,2399.0,2388.0,2384.0,2388.0,23532,2384.0,2384.0,2388.0,56097273.0,56097273.0,56097273.0,,3,SUR,1.19,
TQBR,2019-07-15,ÔמסÀדנמ אמ,PHOR,1381,90715141.0,2398.0,2384.0,2407.0,2407.0,2397.0,2407.0,37842,2397.0,2397.0,2407.0,90715141.0,90715141.0,90715141.0,,3,SUR,0.8,
TQBR,2019-07-16,ÔמסÀדנמ אמ,PHOR,1065,70982128.0,2407.0,2385.0,2423.0,2396.0,2409.0,2396.0,29470,2409.0,2409.0,2396.0,70982128.0,70982128.0,70982128.0,,3,SUR,-0.46,
TQBR,2019-07-17,ÔמסÀדנמ אמ,PHOR,1478,80078321.0,2402.0,2356.0,2416.0,2360.0,2379.0,2360.0,33659,2379.0,2379.0,2360.0,80078321.0,80078321.0,80078321.0,,3,SUR,-1.5,
TQBR,2019-07-18,ÔמסÀדנמ אמ,PHOR,1338,58163992.0,2378.0,2351.0,2378.0,2358.0,2360.0,2358.0,24641,2360.0,2360.0,2358.0,58163992.0,58163992.0,58163992.0,,3,SUR,-0.08,
TQBR,2019-07-19,ÔמסÀדנמ אמ,PHOR,1239,73770357.0,2363.0,2353.0,2373.0,2364.0,2364.0,2364.0,31202,2364.0,2364.0,2364.0,73770357.0,73770357.0,73770357.0,,3,SUR,0.25,
TQBR,2019-07-22,ÔמסÀדנמ אמ,PHOR,954,57606275.0,2378.0,2358.0,2380.0,2374.0,2369.0,2374.0,24318,2369.0,2369.0,2374.0,57606275.0,57606275.0,57606275.0,,3,SUR,0.42,
TQBR,2019-07-23,ÔמסÀדנמ אמ,PHOR,1184,63156269.0,2380.0,2379.0,2403.0,2387.0,2391.0,2387.0,26414,2391.0,2391.0,2387.0,63156269.0,63156269.0,63156269.0,,3,SUR,0.55,
TQBR,2019-07-24,ÔמסÀדנמ אמ,PHOR,815,41099435.0,2395.0,2375.0,2395.0,2383.0,2386.0,2383.0,17225,2386.0,2386.0,2383.0,41099435.0,41099435.0,41099435.0,,3,SUR,-0.17,
TQBR,2019-07-25,ÔמסÀדנמ אמ,PHOR,1689,76326135.0,2381.0,2360.0,2392.0,2380.0,2376.0,2380.0,32130,2376.0,2376.0,2380.0,76326135.0,76326135.0,76326135.0,,3,SUR,-0.13,
TQBR,2019-07-26,ÔמסÀדנמ אמ,PHOR,2683,106920365.0,2384.0,2358.0,2384.0,2367.0,2365.0,2367.0,45215,2365.0,2365.0,2367.0,106920365.0,106920365.0,106920365.0,,3,SUR,-0.55,
TQBR,2019-07-29,ÔמסÀדנמ אמ,PHOR,1547,64999185.0,2376.0,2347.0,2379.0,2366.0,2363.0,2366.0,27507,2363.0,2363.0,2366.0,64999185.0,64999185.0,64999185.0,,3,SUR,-0.04,
TQBR,2019-07-30,ÔמסÀדנמ אמ,PHOR,1094,48040857.0,2370.0,2362.0,2377.0,2376.0,2371.0,2376.0,20266,2371.0,2371.0,2376.0,48040857.0,48040857.0,48040857.0,,3,SUR,0.42,
TQBR,2019-07-31,ÔמסÀדנמ אמ,PHOR,1576,96071241.0,2372.0,2359.0,2381.0,2377.0,2370.0,2377.0,40541,2370.0,2370.0,2377.0,96071241.0,96071241.0,96071241.0,,3,SUR,0.04,
TQBR,2019-08-01,ÔמסÀדנמ אמ,PHOR,1782,74528080.0,2373.0,2366.0,2399.0,2385.0,2379.0,2385.0,31265,2384.0,2384.0,2385.0,74528080.0,74528080.0,74528080.0,,3,SUR,0.34,
TQBR,2019-08-02,ÔמסÀדנמ אמ,PHOR,2027,133915567.0,2379.0,2369.0,2420.0,2406.0,2402.0,2406.0,55763,2402.0,2402.0,2406.0,133915567.0,133915567.0,133915567.0,,3,SUR,0.88,
TQBR,2019-08-05,ÔמסÀדנמ אמ,PHOR,2580,225255519.0,2413.0,2373.0,2414.0,2395.0,2391.0,2395.0,94202,2391.0,2391.0,2395.0,225255519.0,225255519.0,225255519.0,,3,SUR,-0.46,
TQBR,2019-08-06,ÔמסÀדנמ אמ,PHOR,2225,82287646.0,2397.0,2383.0,2434.0,2434.0,2416.0,2434.0,34060,2416.0,2416.0,2434.0,82287646.0,82287646.0,82287646.0,,3,SUR,1.63,
TQBR,2019-08-07,ÔמסÀדנמ אמ,PHOR,2311,104408669.0,2427.0,2389.0,2438.0,2438.0,2420.0,2438.0,43137,2420.0,2420.0,2438.0,104408669.0,104408669.0,104408669.0,,3,SUR,0.16,
TQBR,2019-08-08,ÔמסÀדנמ אמ,PHOR,2408,156727042.0,2439.0,2426.0,2484.0,2484.0,2468.0,2484.0,63495,2468.0,2468.0,2484.0,156727042.0,156727042.0,156727042.0,,3,SUR,1.89,
TQBR,2019-08-09,ÔמסÀדנמ אמ,PHOR,2367,164600943.0,2471.0,2467.0,2510.0,2510.0,2490.0,2510.0,66118,2490.0,2490.0,2510.0,164600943.0,164600943.0,164600943.0,,3,SUR,1.05,
TQBR,2019-08-12,ÔמסÀדנמ אמ,PHOR,1698,86267517.0,2500.0,2491.0,2523.0,2500.0,2504.0,2500.0,34454,2504.0,2504.0,2500.0,86267517.0,86267517.0,86267517.0,,3,SUR,-0.4,
TQBR,2019-08-13,ÔמסÀדנמ אמ,PHOR,2121,105399284.0,2492.0,2468.0,2504.0,2482.0,2486.0,2482.0,42397,2486.0,2486.0,2482.0,105399284.0,105399284.0,105399284.0,,3,SUR,-0.72,
TQBR,2019-08-14,ÔמסÀדנמ אמ,PHOR,2495,180642271.0,2480.0,2469.0,2513.0,2506.0,2497.0,2506.0,72365,2496.0,2496.0,2506.0,180642271.0,180642271.0,180642271.0,,3,SUR,0.97,
TQBR,2019-08-15,ÔמסÀדנמ אמ,PHOR,1955,152704532.0,2507.0,2493.0,2529.0,2514.0,2507.0,2514.0,60903,2507.0,2507.0,2514.0,152704532.0,152704532.0,152704532.0,,3,SUR,0.32,
TQBR,2019-08-16,ÔמסÀדנמ אמ,PHOR,1380,86146914.0,2530.0,2506.0,2532.0,2521.0,2516.0,2521.0,34240,2516.0,2516.0,2521.0,86146914.0,86146914.0,86146914.0,,3,SUR,0.28,
TQBR,2019-08-19,ÔמסÀדנמ אמ,PHOR,1215,80439662.0,2521.0,2515.0,2539.0,2515.0,2527.0,2515.0,31833,2527.0,2527.0,2515.0,80439662.0,80439662.0,80439662.0,,3,SUR,-0.24,
TQBR,2019-08-20,ÔמסÀדנמ אמ,PHOR,1090,57446394.0,2515.0,2479.0,2531.0,2485.0,2499.0,2485.0,22987,2499.0,2499.0,2485.0,57446394.0,57446394.0,57446394.0,,3,SUR,-1.19,
TQBR,2019-08-21,ÔמסÀדנמ אמ,PHOR,1639,51901114.0,2486.0,2436.0,2489.0,2440.0,2455.0,2440.0,21139,2455.0,2455.0,2440.0,51901114.0,51901114.0,51901114.0,,3,SUR,-1.81,
TQBR,2019-08-22,ÔמסÀדנמ אמ,PHOR,2229,106905190.0,2443.0,2409.0,2445.0,2427.0,2423.0,2427.0,44121,2423.0,2423.0,2427.0,106905190.0,106905190.0,106905190.0,,3,SUR,-0.53,
TQBR,2019-08-23,ÔמסÀדנמ אמ,PHOR,1719,108671383.0,2426.0,2418.0,2448.0,2425.0,2433.0,2425.0,44663,2433.0,2433.0,2425.0,108671383.0,108671383.0,108671383.0,,3,SUR,-0.08,
TQBR,2019-08-26,ÔמסÀדנמ אמ,PHOR,1498,55927893.0,2429.0,2420.0,2497.0,2480.0,2473.0,2480.0,22615,2473.0,2473.0,2480.0,55927893.0,55927893.0,55927893.0,,3,SUR,2.27,
TQBR,2019-08-27,ÔמסÀדנמ אמ,PHOR,2084,80782530.0,2485.0,2444.0,2501.0,2462.0,2460.0,2462.0,32844,2460.0,2460.0,2462.0,80782530.0,80782530.0,80782530.0,,3,SUR,-0.73,
TQBR,2019-08-28,ÔמסÀדנמ אמ,PHOR,1741,72339376.0,2470.0,2470.0,2491.0,2475.0,2481.0,2475.0,29162,2481.0,2481.0,2475.0,72339376.0,72339376.0,72339376.0,,3,SUR,0.53,
TQBR,2019-08-29,ÔמסÀדנמ אמ,PHOR,1951,129575503.0,2491.0,2481.0,2525.0,2512.0,2512.0,2512.0,51587,2512.0,2512.0,2512.0,129575503.0,129575503.0,129575503.0,,3,SUR,1.49,
TQBR,2019-08-30,ÔמסÀדנמ אמ,PHOR,2021,141346318.0,2525.0,2523.0,2561.0,2548.0,2541.0,2548.0,55626,2541.0,2541.0,2548.0,141346318.0,141346318.0,141346318.0,,3,SUR,1.43,
TQBR,2019-09-02,ÔמסÀדנמ אמ,PHOR,1693,126111648.0,2555.0,2540.0,2591.0,2556.0,2573.0,2556.0,49013,2573.0,2573.0,2556.0,126111648.0,126111648.0,126111648.0,,3,SUR,0.31,
TQBR,2019-09-03,ÔמסÀדנמ אמ,PHOR,1421,84619658.0,2556.0,2517.0,2579.0,2539.0,2541.0,2539.0,33304,2541.0,2541.0,2539.0,84619658.0,84619658.0,84619658.0,,3,SUR,-0.67,
TQBR,2019-09-04,ÔמסÀדנמ אמ,PHOR,1519,66178827.0,2548.0,2506.0,2565.0,2537.0,2536.0,2537.0,26096,2536.0,2536.0,2537.0,66178827.0,66178827.0,66178827.0,,3,SUR,-0.08,
TQBR,2019-09-05,ÔמסÀדנמ אמ,PHOR,938,50768785.0,2548.0,2519.0,2555.0,2521.0,2529.0,2521.0,20075,2529.0,2529.0,2521.0,50768785.0,50768785.0,50768785.0,,3,SUR,-0.63,
TQBR,2019-09-06,ÔמסÀדנמ אמ,PHOR,1569,64105632.0,2521.0,2520.0,2550.0,2535.0,2539.0,2535.0,25249,2539.0,2539.0,2535.0,64105632.0,64105632.0,64105632.0,,3,SUR,0.56,
TQBR,2019-09-09,ÔמסÀדנמ אמ,PHOR,681,26650915.0,2547.0,2534.0,2555.0,2540.0,2546.0,2540.0,10468,2546.0,2546.0,2540.0,26650915.0,26650915.0,26650915.0,,3,SUR,0.2,
TQBR,2019-09-10,ÔמסÀדנמ אמ,PHOR,1225,46257514.0,2540.0,2535.0,2582.0,2562.0,2563.0,2562.0,18047,2563.0,2563.0,2562.0,46257514.0,46257514.0,46257514.0,,3,SUR,0.87,
TQBR,2019-09-11,ÔמסÀדנמ אמ,PHOR,1793,136451442.0,2587.0,2569.0,2594.0,2591.0,2584.0,2591.0,52809,2584.0,2584.0,2591.0,136451442.0,136451442.0,136451442.0,,3,SUR,1.13,
TQBR,2019-09-12,ÔמסÀדנמ אמ,PHOR,1565,67192221.0,2596.0,2550.0,2596.0,2570.0,2565.0,2570.0,26197,2565.0,2565.0,2570.0,67192221.0,67192221.0,67192221.0,,3,SUR,-0.81,
TQBR,2019-09-13,ÔמסÀדנמ אמ,PHOR,1104,55915852.0,2565.0,2540.0,2565.0,2551.0,2553.0,2551.0,21901,2553.0,2553.0,2551.0,55915852.0,55915852.0,55915852.0,,3,SUR,-0.74,
TQBR,2019-09-16,ÔמסÀדנמ אמ,PHOR,1585,72107966.0,2542.0,2538.0,2594.0,2590.0,2576.0,2590.0,27990,2576.0,2576.0,2590.0,72107966.0,72107966.0,72107966.0,,3,SUR,1.53,
TQBR,2019-09-17,ÔמסÀדנמ אמ,PHOR,1478,60801912.0,2590.0,2573.0,2612.0,2596.0,2592.0,2596.0,23458,2592.0,2592.0,2596.0,60801912.0,60801912.0,60801912.0,,3,SUR,0.23,
TQBR,2019-09-18,ÔמסÀדנמ אמ,PHOR,1180,76548419.0,2595.0,2565.0,2599.0,2573.0,2585.0,2573.0,29609,2585.0,2585.0,2573.0,76548419.0,76548419.0,76548419.0,,3,SUR,-0.89,
TQBR,2019-09-19,ÔמסÀדנמ אמ,PHOR,4392,99942501.0,2582.0,2554.0,2593.0,2556.0,2574.0,2556.0,38824,2574.0,2574.0,2556.0,99942501.0,99942501.0,99942501.0,,3,SUR,-0.66,
TQBR,2019-09-20,ÔמסÀדנמ אמ,PHOR,1872,95881140.0,2554.0,2511.0,2568.0,2560.0,2547.0,2560.0,37651,2547.0,2547.0,2560.0,95881140.0,95881140.0,95881140.0,,3,SUR,0.16,
TQBR,2019-09-23,ÔמסÀדנמ אמ,PHOR,2515,126203576.0,2541.0,2505.0,2560.0,2522.0,2525.0,2522.0,49974,2525.0,2525.0,2522.0,126203576.0,126203576.0,126203576.0,,3,SUR,-1.48,
TQBR,2019-09-24,ÔמסÀדנמ אמ,PHOR,5106,236509777.0,2533.0,2455.0,2537.0,2460.0,2479.0,2460.0,95392,2479.0,2479.0,2460.0,236509777.0,236509777.0,236509777.0,,3,SUR,-2.46,
TQBR,2019-09-25,ÔמסÀדנמ אמ,PHOR,4162,258742605.0,2475.0,2442.0,2494.0,2451.0,2466.0,2451.0,104935,2466.0,2466.0,2451.0,258742605.0,258742605.0,258742605.0,,3,SUR,-0.37,
TQBR,2019-09-26,ÔמסÀדנמ אמ,PHOR,3133,138096782.0,2455.0,2441.0,2476.0,2458.0,2455.0,2458.0,56246,2455.0,2455.0,2458.0,138096782.0,138096782.0,138096782.0,,3,SUR,0.29,
TQBR,2019-09-27,ÔמסÀדנמ אמ,PHOR,3701,150923612.0,2464.0,2451.0,2473.0,2466.0,2467.0,2466.0,61198,2466.0,2466.0,2466.0,150923612.0,150923612.0,150923612.0,,3,SUR,0.33,
TQBR,2019-09-30,ÔמסÀדנמ אמ,PHOR,2300,104085995.0,2470.0,2465.0,2505.0,2486.0,2487.0,2486.0,41857,2487.0,2487.0,2486.0,104085995.0,104085995.0,104085995.0,,3,SUR,0.81,
TQBR,2019-10-01,ÔמסÀדנמ אמ,PHOR,2551,113278345.0,2487.0,2480.0,2526.0,2483.0,2506.0,2483.0,45204,2506.0,2506.0,2483.0,113278345.0,113278345.0,113278345.0,,3,SUR,-0.12,
TQBR,2019-10-02,ÔמסÀדנמ אמ,PHOR,1866,131837673.0,2476.0,2476.0,2500.0,2493.0,2489.0,2493.0,52974,2489.0,2489.0,2493.0,131837673.0,131837673.0,131837673.0,,3,SUR,0.4,
TQBR,2019-10-03,ÔמסÀדנמ אמ,PHOR,2231,141207357.0,2497.0,2465.0,2500.0,2495.0,2482.0,2495.0,56902,2482.0,2482.0,2495.0,141207357.0,141207357.0,141207357.0,,3,SUR,0.08,
TQBR,2019-10-04,ÔמסÀדנמ אמ,PHOR,2035,67919854.0,2500.0,2462.0,2505.0,2481.0,2481.0,2481.0,27377,2481.0,2481.0,2481.0,67919854.0,67919854.0,67919854.0,,3,SUR,-0.56,
TQBR,2019-10-07,ÔמסÀדנמ אמ,PHOR,1227,68085709.0,2482.0,2467.0,2500.0,2500.0,2487.0,2500.0,27377,2487.0,2487.0,2500.0,68085709.0,68085709.0,68085709.0,,3,SUR,0.77,
TQBR,2019-10-08,ÔמסÀדנמ אמ,PHOR,2032,95423820.0,2500.0,2499.0,2530.0,2525.0,2520.0,2525.0,37871,2520.0,2520.0,2525.0,95423820.0,95423820.0,95423820.0,,3,SUR,1.0,
TQBR,2019-10-09,ÔמסÀדנמ אמ,PHOR,1258,62881733.0,2533.0,2514.0,2535.0,2520.0,2523.0,2520.0,24922,2523.0,2523.0,2520.0,62881733.0,62881733.0,62881733.0,,3,SUR,-0.2,
TQBR,2019-10-10,ÔמסÀדנמ אמ,PHOR,1508,58047191.0,2497.0,2497.0,2527.0,2527.0,2514.0,2527.0,23087,2514.0,2514.0,2527.0,58047191.0,58047191.0,58047191.0,,3,SUR,0.28,
TQBR,2019-10-11,ÔמסÀדנמ אמ,PHOR,3204,168492347.0,2515.0,2493.0,2528.0,2504.0,2506.0,2504.0,67227,2506.0,2506.0,2504.0,168492347.0,168492347.0,168492347.0,,3,SUR,-0.91,
TQBR,2019-10-14,ÔמסÀדנמ אמ,PHOR,2612,131007129.0,2461.0,2459.0,2487.0,2487.0,2473.0,2487.0,52973,2473.0,2473.0,2487.0,131007129.0,131007129.0,131007129.0,,3,SUR,-0.68,
TQBR,2019-10-15,ÔמסÀדנמ אמ,PHOR,1681,78203608.0,2477.0,2475.0,2501.0,2494.0,2491.0,2494.0,31396,2491.0,2491.0,2494.0,78203608.0,78203608.0,78203608.0,,3,SUR,0.28,
TQBR,2019-10-16,ÔמסÀדנמ אמ,PHOR,1545,78458710.0,2495.0,2489.0,2511.0,2499.0,2501.0,2499.0,31372,2501.0,2501.0,2499.0,78458710.0,78458710.0,78458710.0,,3,SUR,0.2,
TQBR,2019-10-17,ÔמסÀדנמ אמ,PHOR,833,36038001.0,2508.0,2486.0,2508.0,2500.0,2494.0,2500.0,14450,2494.0,2494.0,2500.0,36038001.0,36038001.0,36038001.0,,3,SUR,0.04,
TQBR,2019-10-18,ÔמסÀדנמ אמ,PHOR,1139,54609457.0,2486.0,2480.0,2501.0,2495.0,2487.0,2495.0,21955,2487.0,2487.0,2495.0,54609457.0,54609457.0,54609457.0,,3,SUR,-0.2,
TQBR,2019-10-21,ÔמסÀדנמ אמ,PHOR,2987,81306821.0,2496.0,2456.0,2496.0,2462.0,2467.0,2462.0,32957,2467.0,2467.0,2462.0,81306821.0,81306821.0,81306821.0,,3,SUR,-1.32,
TQBR,2019-10-22,ÔמסÀדנמ אמ,PHOR,1690,87125782.0,2471.0,2447.0,2482.0,2470.0,2467.0,2470.0,35311,2467.0,2467.0,2470.0,87125782.0,87125782.0,87125782.0,,3,SUR,0.32,
TQBR,2019-10-23,ÔמסÀדנמ אמ,PHOR,2546,83537406.0,2461.0,2445.0,2473.0,2450.0,2453.0,2450.0,34028,2455.0,2455.0,2450.0,83537406.0,83537406.0,83537406.0,,3,SUR,-0.81,
TQBR,2019-10-24,ÔמסÀדנמ אמ,PHOR,4589,232196805.0,2448.0,2435.0,2465.0,2435.0,2446.0,2435.0,94915,2446.0,2446.0,2435.0,232196805.0,232196805.0,232196805.0,,3,SUR,-0.61,
TQBR,2019-10-25,ÔמסÀדנמ אמ,PHOR,3469,104374747.0,2435.0,2405.0,2449.0,2419.0,2421.0,2419.0,43105,2421.0,2421.0,2419.0,104374747.0,104374747.0,104374747.0,,3,SUR,-0.66,
TQBR,2019-10-28,ÔמסÀדנמ אמ,PHOR,2671,103826269.0,2419.0,2413.0,2464.0,2418.0,2430.0,2418.0,42729,2430.0,2430.0,2418.0,103826269.0,103826269.0,103826269.0,,3,SUR,-0.04,
TQBR,2019-10-29,ÔמסÀדנמ אמ,PHOR,1691,86430353.0,2418.0,2418.0,2451.0,2451.0,2436.0,2451.0,35476,2436.0,2436.0,2451.0,86430353.0,86430353.0,86430353.0,,3,SUR,1.36,
TQBR,2019-10-30,ÔמסÀדנמ אמ,PHOR,2203,90732858.0,2445.0,2421.0,2455.0,2421.0,2432.0,2421.0,37309,2432.0,2432.0,2421.0,90732858.0,90732858.0,90732858.0,,3,SUR,-1.22,
TQBR,2019-10-31,ÔמסÀדנמ אמ,PHOR,2159,88801510.0,2439.0,2418.0,2442.0,2427.0,2429.0,2427.0,36566,2429.0,2429.0,2427.0,88801510.0,88801510.0,88801510.0,,3,SUR,0.25,
TQBR,2019-11-01,ÔמסÀדנמ אמ,PHOR,2513,172043717.0,2427.0,2419.0,2441.0,2422.0,2433.0,2422.0,70755,2432.0,2432.0,2422.0,172043717.0,172043717.0,172043717.0,,3,SUR,-0.21,
TQBR,2019-11-05,ÔמסÀדנמ אמ,PHOR,2855,160634076.0,2446.0,2424.0,2475.0,2442.0,2440.0,2442.0,65828,2440.0,2440.0,2442.0,160634076.0,160634076.0,160634076.0,,3,SUR,0.83,
TQBR,2019-11-06,ÔמסÀדנמ אמ,PHOR,2353,99189964.0,2448.0,2440.0,2470.0,2470.0,2460.0,2470.0,40314,2460.0,2460.0,2470.0,99189964.0,99189964.0,99189964.0,,3,SUR,1.15,
TQBR,2019-11-07,ÔמסÀדנמ אמ,PHOR,2088,90903892.0,2472.0,2457.0,2484.0,2477.0,2474.0,2477.0,36739,2474.0,2474.0,2477.0,90903892.0,90903892.0,90903892.0,,3,SUR,0.28,
TQBR,2019-11-08,ÔמסÀדנמ אמ,PHOR,2413,97807194.0,2477.0,2452.0,2477.0,2460.0,2465.0,2460.0,39675,2465.0,2465.0,2460.0,97807194.0,97807194.0,97807194.0,,3,SUR,-0.69,
TQBR,2019-11-11,ÔמסÀדנמ אמ,PHOR,1498,71418647.0,2457.0,2441.0,2465.0,2447.0,2451.0,2447.0,29137,2451.0,2451.0,2447.0,71418647.0,71418647.0,71418647.0,,3,SUR,-0.53,
TQBR,2019-11-12,ÔמסÀדנמ אמ,PHOR,1566,55332319.0,2449.0,2442.0,2463.0,2460.0,2455.0,2460.0,22543,2455.0,2455.0,2460.0,55332319.0,55332319.0,55332319.0,,3,SUR,0.53,
TQBR,2019-11-13,ÔמסÀדנמ אמ,PHOR,2237,81101883.0,2449.0,2434.0,2460.0,2460.0,2452.0,2460.0,33080,2452.0,2452.0,2460.0,81101883.0,81101883.0,81101883.0,,3,SUR,0.0,
TQBR,2019-11-14,ÔמסÀדנמ אמ,PHOR,1795,72925987.0,2462.0,2441.0,2469.0,2448.0,2450.0,2448.0,29761,2450.0,2450.0,2448.0,72925987.0,72925987.0,72925987.0,,3,SUR,-0.49,
TQBR,2019-11-15,ÔמסÀדנמ אמ,PHOR,1826,75469715.0,2449.0,2433.0,2464.0,2433.0,2442.0,2433.0,30907,2442.0,2442.0,2433.0,75469715.0,75469715.0,75469715.0,,3,SUR,-0.61,
TQBR,2019-11-18,ÔמסÀדנמ אמ,PHOR,2143,115802484.0,2446.0,2427.0,2454.0,2430.0,2441.0,2430.0,47441,2441.0,2441.0,2430.0,115802484.0,115802484.0,115802484.0,,3,SUR,-0.12,
TQBR,2019-11-19,ÔמסÀדנמ אמ,PHOR,2918,155809777.0,2440.0,2423.0,2468.0,2434.0,2433.0,2434.0,64044,2433.0,2433.0,2434.0,155809777.0,155809777.0,155809777.0,,3,SUR,0.16,
TQBR,2019-11-20,ÔמסÀדנמ אמ,PHOR,1986,71937679.0,2434.0,2421.0,2444.0,2428.0,2429.0,2428.0,29619,2429.0,2429.0,2428.0,71937679.0,71937679.0,71937679.0,,3,SUR,-0.25,
TQBR,2019-11-21,ÔמסÀדנמ אמ,PHOR,3415,226774151.0,2431.0,2407.0,2433.0,2421.0,2418.0,2421.0,93784,2418.0,2418.0,2421.0,226774151.0,226774151.0,226774151.0,,3,SUR,-0.29,
TQBR,2019-11-22,ÔמסÀדנמ אמ,PHOR,2894,144959940.0,2412.0,2401.0,2425.0,2418.0,2408.0,2418.0,60197,2408.0,2408.0,2418.0,144959940.0,144959940.0,144959940.0,,3,SUR,-0.12,
TQBR,2019-11-25,ÔמסÀדנמ אמ,PHOR,5099,255974228.0,2415.0,2403.0,2450.0,2432.0,2431.0,2432.0,105279,2431.0,2431.0,2432.0,255974228.0,255974228.0,255974228.0,,3,SUR,0.58,
TQBR,2019-11-26,ÔמסÀדנמ אמ,PHOR,3341,166242265.0,2439.0,2436.0,2467.0,2457.0,2455.0,2457.0,67710,2455.0,2455.0,2457.0,166242265.0,166242265.0,166242265.0,,3,SUR,1.03,
TQBR,2019-11-27,ÔמסÀדנמ אמ,PHOR,2530,103427536.0,2468.0,2429.0,2468.0,2440.0,2450.0,2440.0,42217,2450.0,2450.0,2440.0,103427536.0,103427536.0,103427536.0,,3,SUR,-0.69,
TQBR,2019-11-28,ÔמסÀדנמ אמ,PHOR,2296,84227710.0,2440.0,2410.0,2449.0,2421.0,2425.0,2421.0,34734,2425.0,2425.0,2421.0,84227710.0,84227710.0,84227710.0,,3,SUR,-0.78,
TQBR,2019-11-29,ÔמסÀדנמ אמ,PHOR,2598,114501705.0,2418.0,2403.0,2428.0,2416.0,2415.0,2416.0,47415,2415.0,2415.0,2416.0,114501705.0,114501705.0,114501705.0,,3,SUR,-0.21,
TQBR,2019-12-02,ÔמסÀדנמ אמ,PHOR,6188,211693378.0,2424.0,2398.0,2440.0,2398.0,2413.0,2398.0,87728,2413.0,2413.0,2398.0,211693378.0,211693378.0,211693378.0,,3,SUR,-0.75,
TQBR,2019-12-03,ÔמסÀדנמ אמ,PHOR,4339,130084350.0,2400.0,2376.0,2405.0,2387.0,2387.0,2387.0,54500,2387.0,2387.0,2387.0,130084350.0,130084350.0,130084350.0,,3,SUR,-0.46,
TQBR,2019-12-04,ÔמסÀדנמ אמ,PHOR,3888,141362650.0,2388.0,2363.0,2401.0,2369.0,2372.0,2369.0,59590,2372.0,2372.0,2369.0,141362650.0,141362650.0,141362650.0,,3,SUR,-0.75,
TQBR,2019-12-05,ÔמסÀדנמ אמ,PHOR,3570,137435806.0,2370.0,2355.0,2399.0,2359.0,2367.0,2359.0,58067,2367.0,2367.0,2359.0,137435806.0,137435806.0,137435806.0,,3,SUR,-0.42,
TQBR,2019-12-06,ÔמסÀדנמ אמ,PHOR,1977,95500142.0,2368.0,2360.0,2387.0,2380.0,2378.0,2380.0,40158,2378.0,2378.0,2380.0,95500142.0,95500142.0,95500142.0,,3,SUR,0.89,
TQBR,2019-12-09,ÔמסÀדנמ אמ,PHOR,2202,73129127.0,2380.0,2374.0,2396.0,2375.0,2383.0,2375.0,30689,2383.0,2383.0,2375.0,73129127.0,73129127.0,73129127.0,,3,SUR,-0.21,
TQBR,2019-12-10,ÔמסÀדנמ אמ,PHOR,6985,345084069.0,2383.0,2340.0,2394.0,2340.0,2363.0,2340.0,146039,2363.0,2363.0,2340.0,345084069.0,345084069.0,345084069.0,,3,SUR,-1.47,
TQBR,2019-12-11,ÔמסÀדנמ אמ,PHOR,5276,200000567.0,2351.0,2334.0,2359.0,2345.0,2346.0,2345.0,85239,2346.0,2346.0,2345.0,200000567.0,200000567.0,200000567.0,,3,SUR,0.21,
TQBR,2019-12-12,ÔמסÀדנמ אמ,PHOR,4781,191313610.0,2350.0,2340.0,2372.0,2340.0,2355.0,2340.0,81237,2355.0,2355.0,2340.0,191313610.0,191313610.0,191313610.0,,3,SUR,-0.21,
TQBR,2019-12-13,ÔמסÀדנמ אמ,PHOR,8864,353514058.0,2350.0,2350.0,2393.0,2376.0,2377.0,2376.0,148741,2377.0,2377.0,2376.0,353514058.0,353514058.0,353514058.0,,3,SUR,1.54,
TQBR,2019-12-16,ÔמסÀדנמ אמ,PHOR,4499,144454094.0,2380.0,2379.0,2404.0,2380.0,2390.0,2380.0,60436,2390.0,2390.0,2380.0,144454094.0,144454094.0,144454094.0,,3,SUR,0.17,
TQBR,2019-12-17,ÔמסÀדנמ אמ,PHOR,5487,210902349.0,2400.0,2383.0,2405.0,2390.0,2390.0,2390.0,88262,2390.0,2390.0,2390.0,210902349.0,210902349.0,210902349.0,,3,SUR,0.42,
TQBR,2019-12-18,ÔמסÀדנמ אמ,PHOR,4799,221206073.0,2389.0,2381.0,2398.0,2389.0,2388.0,2389.0,92649,2388.0,2388.0,2389.0,221206073.0,221206073.0,221206073.0,,3,SUR,-0.04,
TQBR,2019-12-19,ÔמסÀדנמ אמ,PHOR,9929,311682157.0,2387.0,2382.0,2426.0,2401.0,2398.0,2401.0,129964,2398.0,2398.0,2401.0,311682157.0,311682157.0,311682157.0,,3,SUR,0.5,
TQBR,2019-12-20,ÔמסÀדנמ אמ,PHOR,4891,282979146.0,2398.0,2366.0,2401.0,2366.0,2381.0,2366.0,118854,2381.0,2381.0,2366.0,282979146.0,282979146.0,282979146.0,,3,SUR,-1.46,
TQBR,2019-12-23,ÔמסÀדנמ אמ,PHOR,3876,146551937.0,2375.0,2367.0,2390.0,2372.0,2374.0,2372.0,61728,2374.0,2374.0,2372.0,146551937.0,146551937.0,146551937.0,,3,SUR,0.25,
TQBR,2019-12-24,ÔמסÀדנמ אמ,PHOR,3981,131862993.0,2376.0,2363.0,2376.0,2367.0,2367.0,2367.0,55700,2367.0,2367.0,2367.0,131862993.0,131862993.0,131862993.0,,3,SUR,-0.21,
TQBR,2019-12-25,ÔמסÀדנמ אמ,PHOR,2581,121863672.0,2366.0,2363.0,2378.0,2374.0,2368.0,2374.0,51459,2368.0,2368.0,2374.0,121863672.0,121863672.0,121863672.0,,3,SUR,0.3,
TQBR,2019-12-26,ÔמסÀדנמ אמ,PHOR,3689,191634227.0,2374.0,2365.0,2406.0,2393.0,2387.0,2393.0,80293,2387.0,2387.0,2393.0,191634227.0,191634227.0,191634227.0,,3,SUR,0.8,
TQBR,2019-12-27,ÔמסÀדנמ אמ,PHOR,3684,174243748.0,2395.0,2384.0,2416.0,2409.0,2402.0,2409.0,72535,2402.0,2402.0,2409.0,174243748.0,174243748.0,174243748.0,,3,SUR,0.67,
TQBR,2019-12-30,ÔמסÀדנמ אמ,PHOR,3143,138032896.0,2396.0,2396.0,2419.0,2408.0,2410.0,2408.0,57273,2410.0,2410.0,2408.0,138032896.0,138032896.0,138032896.0,,3,SUR,-0.04,
TQBR,2020-01-03,ÔמסÀדנמ אמ,PHOR,3041,109898836.0,2414.0,2400.0,2430.0,2427.0,2421.0,2427.0,45399,2421.0,2421.0,2427.0,109898836.0,109898836.0,109898836.0,,3,SUR,0.79,
TQBR,2020-01-06,ÔמסÀדנמ אמ,PHOR,3221,88254692.0,2425.0,2411.0,2434.0,2418.0,2420.0,2418.0,36472,2420.0,2420.0,2418.0,88254692.0,88254692.0,88254692.0,,3,SUR,-0.37,
TQBR,2020-01-08,ÔמסÀדנמ אמ,PHOR,3208,149719319.0,2409.0,2404.0,2436.0,2415.0,2427.0,2415.0,61690,2427.0,2427.0,2415.0,149719319.0,149719319.0,149719319.0,,3,SUR,-0.12,
TQBR,2020-01-09,ÔמסÀדנמ אמ,PHOR,4968,215499756.0,2419.0,2403.0,2433.0,2418.0,2416.0,2418.0,89183,2416.0,2416.0,2418.0,215499756.0,215499756.0,215499756.0,,3,SUR,0.12,
TQBR,2020-01-10,ÔמסÀדנמ אמ,PHOR,4472,198422255.0,2425.0,2410.0,2429.0,2418.0,2421.0,2418.0,81952,2421.0,2421.0,2418.0,198422255.0,198422255.0,198422255.0,,3,SUR,0.0,
TQBR,2020-01-13,ÔמסÀדנמ אמ,PHOR,7553,292399673.0,2427.0,2422.0,2460.0,2452.0,2444.0,2452.0,119650,2444.0,2444.0,2452.0,292399673.0,292399673.0,292399673.0,,3,SUR,1.41,
TQBR,2020-01-14,ÔמסÀדנמ אמ,PHOR,6429,307064732.0,2457.0,2456.0,2496.0,2476.0,2478.0,2476.0,123919,2478.0,2478.0,2476.0,307064732.0,307064732.0,307064732.0,,3,SUR,0.98,
TQBR,2020-01-15,ÔמסÀדנמ אמ,PHOR,6015,228509657.0,2480.0,2455.0,2487.0,2475.0,2475.0,2475.0,92322,2475.0,2475.0,2475.0,228509657.0,228509657.0,228509657.0,,3,SUR,-0.04,
TQBR,2020-01-16,ÔמסÀדנמ אמ,PHOR,6054,273900803.0,2485.0,2462.0,2499.0,2483.0,2484.0,2483.0,110267,2484.0,2484.0,2483.0,273900803.0,273900803.0,273900803.0,,3,SUR,0.32,
TQBR,2020-01-17,ÔמסÀדנמ אמ,PHOR,5696,264608723.0,2498.0,2479.0,2499.0,2487.0,2487.0,2487.0,106415,2487.0,2487.0,2487.0,264608723.0,264608723.0,264608723.0,,3,SUR,0.16,
TQBR,2020-01-20,ÔמסÀדנמ אמ,PHOR,8684,477723575.0,2492.0,2486.0,2513.0,2490.0,2498.0,2490.0,191241,2498.0,2498.0,2490.0,477723575.0,477723575.0,477723575.0,,3,SUR,0.12,
TQBR,2020-01-21,ÔמסÀדנמ אמ,PHOR,4738,180068999.0,2498.0,2475.0,2498.0,2487.0,2481.0,2487.0,72566,2481.0,2481.0,2487.0,180068999.0,180068999.0,180068999.0,,3,SUR,-0.12,
TQBR,2020-01-22,ÔמסÀדנמ אמ,PHOR,5555,210617818.0,2494.0,2463.0,2494.0,2463.0,2472.0,2463.0,85205,2472.0,2472.0,2463.0,210617818.0,210617818.0,210617818.0,,3,SUR,-0.97,
TQBR,2020-01-23,ÔמסÀדנמ אמ,PHOR,6212,277631428.0,2451.0,2441.0,2465.0,2447.0,2450.0,2447.0,113306,2450.0,2450.0,2447.0,277631428.0,277631428.0,277631428.0,,3,SUR,-0.65,
TQBR,2020-01-24,ÔמסÀדנמ אמ,PHOR,6242,275286094.0,2456.0,2447.0,2468.0,2452.0,2455.0,2452.0,112127,2455.0,2455.0,2452.0,275286094.0,275286094.0,275286094.0,,3,SUR,0.2,
TQBR,2020-01-27,ÔמסÀדנמ אמ,PHOR,8274,341006640.0,2452.0,2425.0,2465.0,2426.0,2445.0,2426.0,139488,2445.0,2445.0,2426.0,341006640.0,341006640.0,341006640.0,,3,SUR,-1.06,
TQBR,2020-01-28,ÔמסÀדנמ אמ,PHOR,11839,421451222.0,2428.0,2407.0,2450.0,2417.0,2423.0,2417.0,173967,2423.0,2423.0,2417.0,421451222.0,421451222.0,421451222.0,,3,SUR,-0.37,
TQBR,2020-01-29,ÔמסÀדנמ אמ,PHOR,9912,421312337.0,2428.0,2422.0,2457.0,2452.0,2442.0,2452.0,172536,2442.0,2442.0,2452.0,421312337.0,421312337.0,421312337.0,,3,SUR,1.45,
TQBR,2020-01-30,ÔמסÀדנמ אמ,PHOR,8245,450985696.0,2451.0,2445.0,2475.0,2470.0,2463.0,2470.0,183139,2463.0,2463.0,2470.0,450985696.0,450985696.0,450985696.0,,3,SUR,0.73,
TQBR,2020-01-31,ÔמסÀדנמ אמ,PHOR,9648,576422974.0,2476.0,2459.0,2482.0,2469.0,2472.0,2469.0,233136,2472.0,2472.0,2469.0,576422974.0,576422974.0,576422974.0,,3,SUR,-0.04,
TQBR,2020-02-03,ÔמסÀדנמ אמ,PHOR,8342,385123328.0,2421.0,2404.0,2433.0,2425.0,2422.0,2425.0,159014,2422.0,2422.0,2425.0,385123328.0,385123328.0,385123328.0,,3,SUR,-1.78,
TQBR,2020-02-04,ÔמסÀדנמ אמ,PHOR,4955,209589090.0,2430.0,2417.0,2450.0,2444.0,2438.0,2444.0,85972,2438.0,2438.0,2444.0,209589090.0,209589090.0,209589090.0,,3,SUR,0.78,
TQBR,2020-02-05,ÔמסÀדנמ אמ,PHOR,6196,194618296.0,2437.0,2426.0,2459.0,2432.0,2438.0,2432.0,79817,2438.0,2438.0,2432.0,194618296.0,194618296.0,194618296.0,,3,SUR,-0.49,
TQBR,2020-02-06,ÔמסÀדנמ אמ,PHOR,5070,185745426.0,2443.0,2418.0,2445.0,2420.0,2430.0,2420.0,76447,2430.0,2430.0,2420.0,185745426.0,185745426.0,185745426.0,,3,SUR,-0.49,
TQBR,2020-02-07,ÔמסÀדנמ אמ,PHOR,3446,152450877.0,2423.0,2415.0,2445.0,2439.0,2429.0,2439.0,62751,2429.0,2429.0,2439.0,152450877.0,152450877.0,152450877.0,,3,SUR,0.79,
TQBR,2020-02-10,ÔמסÀדנמ אמ,PHOR,3118,150006145.0,2439.0,2426.0,2444.0,2440.0,2436.0,2440.0,61578,2436.0,2436.0,2440.0,150006145.0,150006145.0,150006145.0,,3,SUR,0.04,
TQBR,2020-02-11,ÔמסÀדנמ אמ,PHOR,3325,222833836.0,2445.0,2435.0,2453.0,2439.0,2446.0,2439.0,91111,2446.0,2446.0,2439.0,222833836.0,222833836.0,222833836.0,,3,SUR,-0.04,
TQBR,2020-02-12,ÔמסÀדנמ אמ,PHOR,4801,231648550.0,2433.0,2424.0,2448.0,2431.0,2433.0,2431.0,95205,2433.0,2433.0,2431.0,231648550.0,231648550.0,231648550.0,,3,SUR,-0.33,
TQBR,2020-02-13,ÔמסÀדנמ אמ,PHOR,8133,351768826.0,2430.0,2414.0,2434.0,2418.0,2421.0,2418.0,145328,2421.0,2421.0,2418.0,351768826.0,351768826.0,351768826.0,,3,SUR,-0.53,
TQBR,2020-02-14,ÔמסÀדנמ אמ,PHOR,5841,257111508.0,2428.0,2409.0,2428.0,2418.0,2416.0,2418.0,106424,2416.0,2416.0,2418.0,257111508.0,257111508.0,257111508.0,,3,SUR,0.0,
TQBR,2020-02-17,ÔמסÀדנמ אמ,PHOR,3360,125053140.0,2422.0,2416.0,2430.0,2423.0,2425.0,2423.0,51573,2425.0,2425.0,2423.0,125053140.0,125053140.0,125053140.0,,3,SUR,0.21,
TQBR,2020-02-18,ÔמסÀדנמ אמ,PHOR,7014,373581680.0,2422.0,2414.0,2429.0,2427.0,2423.0,2427.0,154191,2423.0,2423.0,2427.0,373581680.0,373581680.0,373581680.0,,3,SUR,0.17,
TQBR,2020-02-19,ÔמסÀדנמ אמ,PHOR,3435,179318423.0,2417.0,2417.0,2446.0,2427.0,2434.0,2427.0,73668,2434.0,2434.0,2427.0,179318423.0,179318423.0,179318423.0,,3,SUR,0.0,
TQBR,2020-02-20,ÔמסÀדנמ אמ,PHOR,4814,262622893.0,2435.0,2431.0,2450.0,2433.0,2440.0,2433.0,107634,2440.0,2440.0,2433.0,262622893.0,262622893.0,262622893.0,,3,SUR,0.25,
TQBR,2020-02-21,ÔמסÀדנמ אמ,PHOR,14141,715530040.0,2405.0,2350.0,2424.0,2418.0,2404.0,2418.0,297586,2404.0,2404.0,2418.0,715530040.0,715530040.0,715530040.0,,3,SUR,-0.62,
TQBR,2020-02-25,ÔמסÀדנמ אמ,PHOR,6787,408966866.0,2397.0,2385.0,2405.0,2395.0,2395.0,2395.0,170787,2395.0,2395.0,2395.0,408966866.0,408966866.0,408966866.0,,3,SUR,-0.95,
TQBR,2020-02-26,ÔמסÀדנמ אמ,PHOR,7106,363547913.0,2382.0,2367.0,2417.0,2396.0,2389.0,2396.0,152206,2389.0,2389.0,2396.0,363547913.0,363547913.0,363547913.0,,3,SUR,0.04,
TQBR,2020-02-27,ÔמסÀדנמ אמ,PHOR,6272,284103311.0,2371.0,2350.0,2408.0,2356.0,2386.0,2356.0,119048,2386.0,2386.0,2356.0,284103311.0,284103311.0,284103311.0,,3,SUR,-1.67,
TQBR,2020-02-28,ÔמסÀדנמ אמ,PHOR,10476,365664936.0,2349.0,2255.0,2350.0,2317.0,2297.0,2317.0,159195,2297.0,2297.0,2317.0,365664936.0,365664936.0,365664936.0,,3,SUR,-1.66,
TQBR,2020-03-02,ÔמסÀדנמ אמ,PHOR,13127,351914977.0,2322.0,2251.0,2325.0,2257.0,2279.0,2257.0,154182,2282.0,2282.0,2257.0,351914977.0,351914977.0,351914977.0,,3,SUR,-2.59,
TQBR,2020-03-03,ÔמסÀדנמ אמ,PHOR,6326,190226700.0,2289.0,2262.0,2306.0,2262.0,2284.0,2262.0,83288,2284.0,2284.0,2262.0,190226700.0,190226700.0,190226700.0,,3,SUR,0.22,
TQBR,2020-03-04,ÔמסÀדנמ אמ,PHOR,7788,257861383.0,2258.0,2232.0,2300.0,2292.0,2273.0,2292.0,113465,2273.0,2273.0,2292.0,257861383.0,257861383.0,257861383.0,,3,SUR,1.33,
TQBR,2020-03-05,ÔמסÀדנמ אמ,PHOR,7483,388954857.0,2301.0,2220.0,2495.0,2325.0,2309.0,2325.0,168433,2309.0,2309.0,2325.0,388954857.0,388954857.0,388954857.0,,3,SUR,1.44,
TQBR,2020-03-06,ÔמסÀדנמ אמ,PHOR,6077,254304220.0,2292.0,2265.0,2310.0,2267.0,2283.0,2267.0,111376,2283.0,2283.0,2267.0,254304220.0,254304220.0,254304220.0,,3,SUR,-2.49,
TQBR,2020-03-10,ÔמסÀדנמ אמ,PHOR,17599,850871060.0,2221.0,2206.0,2425.0,2347.0,2367.0,2347.0,359411,2367.0,2367.0,2347.0,850871060.0,850871060.0,850871060.0,,3,SUR,3.53,
TQBR,2020-03-11,ÔמסÀדנמ אמ,PHOR,6547,320918676.0,2390.0,2306.0,2394.0,2325.0,2334.0,2325.0,137408,2336.0,2336.0,2325.0,320918676.0,320918676.0,320918676.0,,3,SUR,-0.94,
TQBR,2020-03-12,ÔמסÀדנמ אמ,PHOR,12699,630254862.0,2296.0,2166.0,2334.0,2172.0,2245.0,2172.0,280874,2244.0,2244.0,2172.0,630254862.0,630254862.0,630254862.0,,3,SUR,-6.58,
TQBR,2020-03-13,ÔמסÀדנמ אמ,PHOR,14852,629539188.0,2200.0,2072.0,2249.0,2099.0,2137.0,2099.0,294092,2141.0,2141.0,2099.0,629539188.0,629539188.0,629539188.0,,3,SUR,-3.36,
TQBR,2020-03-16,ÔמסÀדנמ אמ,PHOR,9545,400546447.0,2120.0,2013.0,2169.0,2156.0,2078.0,2156.0,192751,2078.0,2078.0,2156.0,400546447.0,400546447.0,400546447.0,,3,SUR,2.72,
TQBR,2020-03-17,ÔמסÀדנמ אמ,PHOR,7454,339011449.0,2124.0,2084.0,2249.0,2236.0,2165.0,2236.0,156566,2165.0,2165.0,2236.0,339011449.0,339011449.0,339011449.0,,3,SUR,3.71,
TQBR,2020-03-18,ÔמסÀדנמ אמ,PHOR,8838,414908011.0,2206.0,2149.0,2303.0,2284.0,2230.0,2284.0,186021,2230.0,2230.0,2284.0,414908011.0,414908011.0,414908011.0,,3,SUR,2.15,
TQBR,2020-03-19,ÔמסÀדנמ אמ,PHOR,17817,480739416.0,2261.0,2200.0,2359.0,2314.0,2307.0,2314.0,208360,2307.0,2307.0,2314.0,480739416.0,480739416.0,480739416.0,,3,SUR,1.31,
TQBR,2020-03-20,ÔמסÀדנמ אמ,PHOR,5910,377355764.0,2315.0,2302.0,2406.0,2311.0,2334.0,2311.0,161674,2334.0,2334.0,2311.0,377355764.0,377355764.0,377355764.0,,3,SUR,-0.13,
TQBR,2020-03-23,ÔמסÀדנמ אמ,PHOR,5033,226895993.0,2300.0,2225.0,2375.0,2360.0,2327.0,2360.0,97497,2327.0,2327.0,2360.0,226895993.0,226895993.0,226895993.0,,3,SUR,2.12,
TQBR,2020-03-24,ÔמסÀדנמ אמ,PHOR,5545,283908303.0,2364.0,2360.0,2425.0,2419.0,2399.0,2419.0,118334,2399.0,2399.0,2419.0,283908303.0,283908303.0,283908303.0,,3,SUR,2.5,
TQBR,2020-03-25,ÔמסÀדנמ אמ,PHOR,7431,307912533.0,2422.0,2355.0,2439.0,2407.0,2399.0,2407.0,128369,2399.0,2399.0,2407.0,307912533.0,307912533.0,307912533.0,,3,SUR,-0.5,
TQBR,2020-03-26,ÔמסÀדנמ אמ,PHOR,5601,246109363.0,2392.0,2362.0,2449.0,2449.0,2420.0,2449.0,101711,2420.0,2420.0,2449.0,246109363.0,246109363.0,246109363.0,,3,SUR,1.74,
TQBR,2020-03-27,ÔמסÀדנמ אמ,PHOR,4356,242040639.0,2435.0,2361.0,2435.0,2408.0,2397.0,2408.0,100962,2397.0,2397.0,2408.0,242040639.0,242040639.0,242040639.0,,3,SUR,-1.67,
TQBR,2020-03-30,ÔמסÀדנמ אמ,PHOR,6239,367902006.0,2395.0,2380.0,2473.0,2473.0,2442.0,2473.0,150661,2442.0,2442.0,2473.0,367902006.0,367902006.0,367902006.0,,3,SUR,2.7,
TQBR,2020-03-31,ÔמסÀדנמ אמ,PHOR,6229,305804408.0,2470.0,2442.0,2498.0,2480.0,2472.0,2480.0,123702,2472.0,2472.0,2480.0,305804408.0,305804408.0,305804408.0,,3,SUR,0.28,
TQBR,2020-04-01,ÔמסÀדנמ אמ,PHOR,4419,183783814.0,2470.0,2414.0,2470.0,2431.0,2437.0,2431.0,75414,2437.0,2437.0,2431.0,183783814.0,183783814.0,183783814.0,,3,SUR,-1.98,
TQBR,2020-04-02,ÔמסÀדנמ אמ,PHOR,5226,201999084.0,2455.0,2439.0,2487.0,2439.0,2461.0,2439.0,82093,2461.0,2461.0,2439.0,201999084.0,201999084.0,201999084.0,,3,SUR,0.33,
TQBR,2020-04-03,ÔמסÀדנמ אמ,PHOR,4565,180365144.0,2472.0,2425.0,2482.0,2430.0,2449.0,2430.0,73644,2449.0,2449.0,2430.0,180365144.0,180365144.0,180365144.0,,3,SUR,-0.37,
TQBR,2020-04-06,ÔמסÀדנמ אמ,PHOR,5047,211061890.0,2455.0,2434.0,2474.0,2443.0,2452.0,2443.0,86093,2452.0,2452.0,2443.0,211061890.0,211061890.0,211061890.0,,3,SUR,0.53,
TQBR,2020-04-07,ÔמסÀדנמ אמ,PHOR,4640,209714059.0,2455.0,2447.0,2488.0,2480.0,2473.0,2480.0,84792,2473.0,2473.0,2480.0,209714059.0,209714059.0,209714059.0,,3,SUR,1.51,
TQBR,2020-04-08,ÔמסÀדנמ אמ,PHOR,10258,409293147.0,2462.0,2458.0,2563.0,2560.0,2512.0,2560.0,162952,2512.0,2512.0,2560.0,409293147.0,409293147.0,409293147.0,,3,SUR,3.23,
TQBR,2020-04-09,ÔמסÀדנמ אמ,PHOR,7580,391939379.0,2579.0,2515.0,2594.0,2575.0,2560.0,2575.0,153117,2560.0,2560.0,2575.0,391939379.0,391939379.0,391939379.0,,3,SUR,0.59,
TQBR,2020-04-10,ÔמסÀדנמ אמ,PHOR,3029,99513222.0,2599.0,2536.0,2599.0,2542.0,2552.0,2542.0,38995,2552.0,2552.0,2542.0,99513222.0,99513222.0,99513222.0,,3,SUR,-1.28,
TQBR,2020-04-13,ÔמסÀדנמ אמ,PHOR,3380,117634113.0,2547.0,2518.0,2558.0,2547.0,2542.0,2547.0,46279,2542.0,2542.0,2547.0,117634113.0,117634113.0,117634113.0,,3,SUR,0.2,
TQBR,2020-04-14,ÔמסÀדנמ אמ,PHOR,6251,230952904.0,2552.0,2548.0,2620.0,2587.0,2593.0,2587.0,89074,2593.0,2593.0,2587.0,230952904.0,230952904.0,230952904.0,,3,SUR,1.57,
TQBR,2020-04-15,ÔמסÀדנמ אמ,PHOR,6563,324400017.0,2595.0,2561.0,2645.0,2615.0,2595.0,2615.0,125024,2595.0,2595.0,2615.0,324400017.0,324400017.0,324400017.0,,3,SUR,1.08,
TQBR,2020-04-16,ÔמסÀדנמ אמ,PHOR,5767,260967649.0,2625.0,2575.0,2632.0,2600.0,2599.0,2600.0,100424,2599.0,2599.0,2600.0,260967649.0,260967649.0,260967649.0,,3,SUR,-0.57,
TQBR,2020-04-17,ÔמסÀדנמ אמ,PHOR,4168,165515400.0,2609.0,2600.0,2654.0,2627.0,2636.0,2627.0,62793,2636.0,2636.0,2627.0,165515400.0,165515400.0,165515400.0,,3,SUR,1.04,
TQBR,2020-04-20,ÔמסÀדנמ אמ,PHOR,5585,284417657.0,2640.0,2612.0,2671.0,2644.0,2637.0,2644.0,107846,2637.0,2637.0,2644.0,284417657.0,284417657.0,284417657.0,,3,SUR,0.65,
TQBR,2020-04-21,ÔמסÀדנמ אמ,PHOR,7597,390264095.0,2640.0,2598.0,2692.0,2692.0,2657.0,2692.0,146886,2657.0,2657.0,2692.0,390264095.0,390264095.0,390264095.0,,3,SUR,1.82,
TQBR,2020-04-22,ÔמסÀדנמ אמ,PHOR,6799,322794812.0,2708.0,2698.0,2765.0,2765.0,2734.0,2765.0,118058,2734.0,2734.0,2765.0,322794812.0,322794812.0,322794812.0,,3,SUR,2.71,
TQBR,2020-04-23,ÔמסÀדנמ אמ,PHOR,7457,295325946.0,2765.0,2702.0,2765.0,2705.0,2727.0,2705.0,108305,2727.0,2727.0,2705.0,295325946.0,295325946.0,295325946.0,,3,SUR,-2.17,
TQBR,2020-04-24,ÔמסÀדנמ אמ,PHOR,4736,156821197.0,2705.0,2656.0,2730.0,2719.0,2695.0,2719.0,58188,2695.0,2695.0,2719.0,156821197.0,156821197.0,156821197.0,,3,SUR,0.52,
TQBR,2020-04-27,ÔמסÀדנמ אמ,PHOR,4223,171480807.0,2719.0,2719.0,2750.0,2735.0,2737.0,2735.0,62642,2737.0,2737.0,2735.0,171480807.0,171480807.0,171480807.0,,3,SUR,0.59,
TQBR,2020-04-28,ÔמסÀדנמ אמ,PHOR,6273,301779499.0,2730.0,2730.0,2800.0,2790.0,2774.0,2790.0,108788,2774.0,2774.0,2790.0,301779499.0,301779499.0,301779499.0,,3,SUR,2.01,
TQBR,2020-04-29,ÔמסÀדנמ אמ,PHOR,3909,232675390.0,2794.0,2749.0,2794.0,2761.0,2767.0,2761.0,84064,2768.0,2768.0,2761.0,232675390.0,232675390.0,232675390.0,,3,SUR,-1.04,
TQBR,2020-04-30,ÔמסÀדנמ אמ,PHOR,6117,273847159.0,2746.0,2693.0,2774.0,2701.0,2726.0,2701.0,100473,2726.0,2726.0,2701.0,273847159.0,273847159.0,273847159.0,,3,SUR,-2.17,
TQBR,2020-05-04,ÔמסÀדנמ אמ,PHOR,5246,213947967.0,2700.0,2640.0,2765.0,2765.0,2713.0,2765.0,78849,2713.0,2713.0,2765.0,213947967.0,213947967.0,213947967.0,,3,SUR,2.37,
TQBR,2020-05-05,ÔמסÀדנמ אמ,PHOR,4103,154360296.0,2765.0,2712.0,2793.0,2742.0,2739.0,2742.0,56347,2739.0,2739.0,2742.0,154360296.0,154360296.0,154360296.0,,3,SUR,-0.83,
TQBR,2020-05-06,ÔמסÀדנמ אמ,PHOR,3599,165569176.0,2740.0,2710.0,2780.0,2757.0,2757.0,2757.0,60053,2757.0,2757.0,2757.0,165569176.0,165569176.0,165569176.0,,3,SUR,0.55,
TQBR,2020-05-07,ÔמסÀדנמ אמ,PHOR,4055,145817423.0,2756.0,2723.0,2775.0,2725.0,2744.0,2725.0,53139,2744.0,2744.0,2725.0,145817423.0,145817423.0,145817423.0,,3,SUR,-1.16,
TQBR,2020-05-08,ÔמסÀדנמ אמ,PHOR,2069,61543918.0,2725.0,2717.0,2748.0,2730.0,2732.0,2730.0,22528,2732.0,2732.0,2730.0,61543918.0,61543918.0,61543918.0,,3,SUR,0.18,
TQBR,2020-05-12,ÔמסÀדנמ אמ,PHOR,3142,85018881.0,2730.0,2720.0,2765.0,2745.0,2741.0,2745.0,31014,2741.0,2741.0,2745.0,85018881.0,85018881.0,85018881.0,,3,SUR,0.55,
TQBR,2020-05-13,ÔמסÀדנמ אמ,PHOR,3696,128945310.0,2735.0,2723.0,2773.0,2752.0,2754.0,2752.0,46816,2754.0,2754.0,2752.0,128945310.0,128945310.0,128945310.0,,3,SUR,0.26,
TQBR,2020-05-14,ÔמסÀדנמ אמ,PHOR,4811,321712346.0,2777.0,2718.0,2784.0,2733.0,2747.0,2733.0,117116,2747.0,2747.0,2733.0,321712346.0,321712346.0,321712346.0,,3,SUR,-0.69,
TQBR,2020-05-15,ÔמסÀדנמ אמ,PHOR,4086,158455057.0,2733.0,2724.0,2768.0,2756.0,2743.0,2756.0,57762,2743.0,2743.0,2756.0,158455057.0,158455057.0,158455057.0,,3,SUR,0.84,
TQBR,2020-05-18,ÔמסÀדנמ אמ,PHOR,4851,256267543.0,2772.0,2722.0,2773.0,2734.0,2741.0,2734.0,93479,2741.0,2741.0,2734.0,256267543.0,256267543.0,256267543.0,,3,SUR,-0.8,
TQBR,2020-05-19,ÔמסÀדנמ אמ,PHOR,4156,183621219.0,2734.0,2707.0,2744.0,2744.0,2732.0,2744.0,67213,2732.0,2732.0,2744.0,183621219.0,183621219.0,183621219.0,,3,SUR,0.37,
TQBR,2020-05-20,ÔמסÀדנמ אמ,PHOR,5903,250574921.0,2746.0,2721.0,2798.0,2774.0,2767.0,2774.0,90569,2767.0,2767.0,2774.0,250574921.0,250574921.0,250574921.0,,3,SUR,1.09,
TQBR,2020-05-21,ÔמסÀדנמ אמ,PHOR,4641,213977848.0,2774.0,2736.0,2783.0,2738.0,2756.0,2738.0,77634,2756.0,2756.0,2738.0,213977848.0,213977848.0,213977848.0,,3,SUR,-1.3,
TQBR,2020-05-22,ÔמסÀדנמ אמ,PHOR,2779,122680535.0,2750.0,2738.0,2796.0,2789.0,2778.0,2789.0,44161,2778.0,2778.0,2789.0,122680535.0,122680535.0,122680535.0,,3,SUR,1.86,
TQBR,2020-05-25,ÔמסÀדנמ אמ,PHOR,4389,163365822.0,2789.0,2760.0,2813.0,2796.0,2788.0,2796.0,58604,2788.0,2788.0,2796.0,163365822.0,163365822.0,163365822.0,,3,SUR,0.25,
TQBR,2020-05-26,ÔמסÀדנמ אמ,PHOR,4215,221321282.0,2795.0,2783.0,2825.0,2800.0,2802.0,2800.0,78984,2802.0,2802.0,2800.0,221321282.0,221321282.0,221321282.0,,3,SUR,0.14,
TQBR,2020-05-27,ÔמסÀדנמ אמ,PHOR,4117,167275118.0,2801.0,2797.0,2833.0,2812.0,2815.0,2812.0,59433,2815.0,2815.0,2812.0,167275118.0,167275118.0,167275118.0,,3,SUR,0.43,
TQBR,2020-05-28,ÔמסÀדנמ אמ,PHOR,5689,344952893.0,2805.0,2805.0,2880.0,2875.0,2863.0,2875.0,120497,2863.0,2863.0,2875.0,344952893.0,344952893.0,344952893.0,,3,SUR,2.24,
TQBR,2020-05-29,ÔמסÀדנמ אמ,PHOR,5826,409588314.0,2860.0,2785.0,2893.0,2788.0,2829.0,2788.0,144775,2829.0,2829.0,2788.0,409588314.0,409588314.0,409588314.0,,3,SUR,-3.03,
TQBR,2020-06-01,ÔמסÀדנמ אמ,PHOR,5948,278776070.0,2786.0,2724.0,2819.0,2802.0,2784.0,2802.0,100129,2784.0,2784.0,2802.0,278776070.0,278776070.0,278776070.0,,3,SUR,0.5,
TQBR,2020-06-02,ÔמסÀדנמ אמ,PHOR,2652,147673245.0,2816.0,2787.0,2830.0,2819.0,2809.0,2819.0,52576,2809.0,2809.0,2819.0,147673245.0,147673245.0,147673245.0,,3,SUR,0.61,
TQBR,2020-06-03,ÔמסÀדנמ אמ,PHOR,3691,200051710.0,2819.0,2778.0,2844.0,2839.0,2808.0,2839.0,71253,2808.0,2808.0,2839.0,200051710.0,200051710.0,200051710.0,,3,SUR,0.71,
TQBR,2020-06-04,ÔמסÀדנמ אמ,PHOR,3946,231050999.0,2837.0,2782.0,2857.0,2816.0,2807.0,2816.0,82315,2807.0,2807.0,2816.0,231050999.0,231050999.0,231050999.0,,3,SUR,-0.81,
TQBR,2020-06-05,ÔמסÀדנמ אמ,PHOR,5371,374833631.0,2816.0,2782.0,2839.0,2818.0,2804.0,2818.0,133655,2804.0,2804.0,2818.0,374833631.0,374833631.0,374833631.0,,3,SUR,0.07,
TQBR,2020-06-08,ÔמסÀדנמ אמ,PHOR,4038,186041490.0,2814.0,2764.0,2824.0,2785.0,2790.0,2785.0,66683,2790.0,2790.0,2785.0,186041490.0,186041490.0,186041490.0,,3,SUR,-1.17,
TQBR,2020-06-09,ÔמסÀדנמ אמ,PHOR,2361,107729666.0,2800.0,2783.0,2810.0,2801.0,2800.0,2801.0,38477,2800.0,2800.0,2801.0,107729666.0,107729666.0,107729666.0,,3,SUR,0.57,
TQBR,2020-06-10,ÔמסÀדנמ אמ,PHOR,2617,103130030.0,2801.0,2786.0,2826.0,2824.0,2807.0,2824.0,36738,2807.0,2807.0,2824.0,103130030.0,103130030.0,103130030.0,,3,SUR,0.82,
TQBR,2020-06-11,ÔמסÀדנמ אמ,PHOR,3101,125021261.0,2795.0,2748.0,2795.0,2789.0,2779.0,2789.0,44990,2779.0,2779.0,2789.0,125021261.0,125021261.0,125021261.0,,3,SUR,-1.24,
TQBR,2020-06-15,ÔמסÀדנמ אמ,PHOR,4808,273418372.0,2775.0,2724.0,2799.0,2753.0,2758.0,2753.0,99132,2758.0,2758.0,2753.0,273418372.0,273418372.0,273418372.0,,3,SUR,-1.29,
TQBR,2020-06-16,ÔמסÀדנמ אמ,PHOR,3066,137567516.0,2795.0,2740.0,2795.0,2747.0,2764.0,2747.0,49767,2764.0,2764.0,2747.0,137567516.0,137567516.0,137567516.0,,3,SUR,-0.22,
TQBR,2020-06-17,ÔמסÀדנמ אמ,PHOR,14100,322105971.0,2747.0,2680.0,2768.0,2701.0,2709.0,2701.0,118920,2709.0,2709.0,2701.0,322105971.0,322105971.0,322105971.0,,3,SUR,-1.67,
TQBR,2020-06-18,ÔמסÀדנמ אמ,PHOR,10826,354264869.0,2705.0,2627.0,2705.0,2653.0,2652.0,2653.0,133581,2652.0,2652.0,2653.0,354264869.0,354264869.0,354264869.0,,3,SUR,-1.78,
TQBR,2020-06-19,ÔמסÀדנמ אמ,PHOR,4755,365381931.0,2670.0,2645.0,2686.0,2686.0,2676.0,2686.0,136560,2676.0,2676.0,2686.0,365381931.0,365381931.0,365381931.0,,3,SUR,1.24,
TQBR,2020-06-22,ÔמסÀדנמ אמ,PHOR,4767,171508312.0,2688.0,2646.0,2688.0,2677.0,2667.0,2677.0,64319,2667.0,2667.0,2677.0,171508312.0,171508312.0,171508312.0,0.0,3,SUR,-0.34,
TQBR,2020-06-23,ÔמסÀדנמ אמ,PHOR,6147,230366186.0,2682.0,2631.0,2687.0,2662.0,2651.0,2662.0,86898,2651.0,2651.0,2662.0,230366186.0,230366186.0,230366186.0,0.0,3,SUR,-0.56,
TQBR,2020-06-25,ÔמסÀדנמ אמ,PHOR,8593,343714728.0,2647.0,2598.0,2652.0,2630.0,2629.0,2630.0,130745,2629.0,2629.0,2630.0,343714728.0,343714728.0,343714728.0,0.0,3,SUR,-1.2,
TQBR,2020-06-26,ÔמסÀדנמ אמ,PHOR,4744,161533826.0,2651.0,2602.0,2651.0,2604.0,2619.0,2604.0,61671,2619.0,2619.0,2604.0,161533826.0,161533826.0,161533826.0,0.0,3,SUR,-0.99,
TQBR,2020-06-29,ÔמסÀדנמ אמ,PHOR,5624,167107145.0,2608.0,2602.0,2629.0,2603.0,2612.0,2603.0,63976,2612.0,2612.0,2603.0,167107145.0,167107145.0,167107145.0,0.0,3,SUR,-0.04,
TQBR,2020-06-30,ÔמסÀדנמ אמ,PHOR,2729,103726998.0,2608.0,2608.0,2647.0,2643.0,2635.0,2643.0,39359,2635.0,2635.0,2643.0,103726998.0,103726998.0,103726998.0,0.0,3,SUR,1.54,
TQBR,2020-07-02,ÔמסÀדנמ אמ,PHOR,5036,214747469.0,2650.0,2606.0,2651.0,2626.0,2632.0,2626.0,81586,2632.0,2632.0,2626.0,214747469.0,214747469.0,214747469.0,0.0,3,SUR,-0.64,
TQBR,2020-07-03,ÔמסÀדנמ אמ,PHOR,5983,175039798.0,2576.0,2559.0,2600.0,2590.0,2583.0,2590.0,67771,2583.0,2583.0,2590.0,175039798.0,175039798.0,175039798.0,0.0,3,SUR,-1.37,
TQBR,2020-07-06,ÔמסÀדנמ אמ,PHOR,4199,147933482.0,2601.0,2592.0,2629.0,2621.0,2614.0,2621.0,56603,2614.0,2614.0,2621.0,147933482.0,147933482.0,147933482.0,0.0,3,SUR,1.2,
TQBR,2020-07-07,ÔמסÀדנמ אמ,PHOR,4455,101495788.0,2604.0,2593.0,2629.0,2616.0,2605.0,2616.0,38960,2605.0,2605.0,2616.0,101495788.0,101495788.0,101495788.0,0.0,3,SUR,-0.19,
TQBR,2020-07-08,ÔמסÀדנמ אמ,PHOR,2822,85190699.0,2613.0,2601.0,2627.0,2620.0,2614.0,2620.0,32586,2614.0,2614.0,2620.0,85190699.0,85190699.0,85190699.0,0.0,3,SUR,0.15,
TQBR,2020-07-09,ÔמסÀדנמ אמ,PHOR,2837,88806534.0,2616.0,2593.0,2619.0,2594.0,2602.0,2594.0,34128,2602.0,2602.0,2594.0,88806534.0,88806534.0,88806534.0,0.0,3,SUR,-0.99,
TQBR,2020-07-10,ÔמסÀדנמ אמ,PHOR,2965,82674167.0,2591.0,2562.0,2598.0,2563.0,2575.0,2563.0,32106,2575.0,2575.0,2563.0,82674167.0,82674167.0,82674167.0,0.0,3,SUR,-1.2,
TQBR,2020-07-13,ÔמסÀדנמ אמ,PHOR,4225,126894841.0,2589.0,2543.0,2589.0,2550.0,2560.0,2550.0,49560,2560.0,2560.0,2550.0,126894841.0,126894841.0,126894841.0,0.0,3,SUR,-0.51,
TQBR,2020-07-14,ÔמסÀדנמ אמ,PHOR,4589,189582084.0,2526.0,2518.0,2614.0,2614.0,2563.0,2614.0,73977,2563.0,2563.0,2614.0,189582084.0,189582084.0,189582084.0,0.0,3,SUR,2.51,
TQBR,2020-07-15,ÔמסÀדנמ אמ,PHOR,2762,129944355.0,2604.0,2595.0,2632.0,2604.0,2613.0,2604.0,49725,2613.0,2613.0,2604.0,129944355.0,129944355.0,129944355.0,0.0,3,SUR,-0.38,
TQBR,2020-07-16,ÔמסÀדנמ אמ,PHOR,2061,68885463.0,2613.0,2597.0,2620.0,2612.0,2611.0,2612.0,26385,2611.0,2611.0,2612.0,68885463.0,68885463.0,68885463.0,0.0,3,SUR,0.31,
TQBR,2020-07-17,ÔמסÀדנמ אמ,PHOR,2633,89370332.0,2619.0,2583.0,2627.0,2599.0,2599.0,2599.0,34385,2599.0,2599.0,2599.0,89370332.0,89370332.0,89370332.0,0.0,3,SUR,-0.5,
TQBR,2020-07-20,ÔמסÀדנמ אמ,PHOR,2887,91266991.0,2600.0,2586.0,2618.0,2608.0,2601.0,2608.0,35092,2601.0,2601.0,2608.0,91266991.0,91266991.0,91266991.0,0.0,3,SUR,0.35,
TQBR,2020-07-21,ÔמסÀדנמ אמ,PHOR,4028,138017773.0,2610.0,2586.0,2630.0,2592.0,2607.0,2592.0,52936,2607.0,2607.0,2592.0,138017773.0,138017773.0,138017773.0,0.0,3,SUR,-0.61,
TQBR,2020-07-22,ÔמסÀדנמ אמ,PHOR,4153,137067379.0,2599.0,2566.0,2601.0,2577.0,2579.0,2577.0,53150,2579.0,2579.0,2577.0,137067379.0,137067379.0,137067379.0,0.0,3,SUR,-0.58,
TQBR,2020-07-23,ÔמסÀדנמ אמ,PHOR,3075,133098844.0,2579.0,2576.0,2615.0,2599.0,2600.0,2599.0,51198,2600.0,2600.0,2599.0,133098844.0,133098844.0,133098844.0,0.0,3,SUR,0.85,
TQBR,2020-07-24,ÔמסÀדנמ אמ,PHOR,3147,136189043.0,2600.0,2571.0,2615.0,2613.0,2599.0,2613.0,52403,2599.0,2599.0,2613.0,136189043.0,136189043.0,136189043.0,0.0,3,SUR,0.54,
TQBR,2020-07-27,ÔמסÀדנמ אמ,PHOR,4247,225083870.0,2615.0,2604.0,2642.0,2620.0,2626.0,2620.0,85717,2626.0,2626.0,2620.0,225083870.0,225083870.0,225083870.0,0.0,3,SUR,0.27,
TQBR,2020-07-28,ÔמסÀדנמ אמ,PHOR,2935,167066305.0,2625.0,2610.0,2652.0,2652.0,2635.0,2652.0,63394,2635.0,2635.0,2652.0,167066305.0,167066305.0,167066305.0,0.0,3,SUR,1.22,
TQBR,2020-07-29,ÔמסÀדנמ אמ,PHOR,4184,261834712.0,2652.0,2629.0,2696.0,2696.0,2668.0,2696.0,98129,2668.0,2668.0,2696.0,261834712.0,261834712.0,261834712.0,0.0,3,SUR,1.66,
TQBR,2020-07-30,ÔמסÀדנמ אמ,PHOR,3726,212682277.0,2700.0,2656.0,2709.0,2673.0,2672.0,2673.0,79593,2672.0,2672.0,2673.0,212682277.0,212682277.0,212682277.0,0.0,3,SUR,-0.85,
TQBR,2020-07-31,ÔמסÀדנמ אמ,PHOR,2446,119832375.0,2700.0,2670.0,2700.0,2689.0,2680.0,2689.0,44709,2680.0,2680.0,2689.0,119832375.0,119832375.0,119832375.0,0.0,3,SUR,0.6,
TQBR,2020-08-03,ÔמסÀדנמ אמ,PHOR,4171,150012298.0,2689.0,2643.0,2699.0,2647.0,2670.0,2650.0,56175,2672.0,2672.0,2647.0,138119065.0,138119065.0,138119065.0,0.0,3,SUR,-1.45,
TQBR,2020-08-04,ÔמסÀדנמ אמ,PHOR,4460,206700898.0,2652.0,2638.0,2730.0,2730.0,2689.0,2728.0,76862,2688.0,2688.0,2730.0,199329091.0,199329091.0,199329091.0,0.0,3,SUR,2.94,
TQBR,2020-08-05,ÔמסÀדנמ אמ,PHOR,3461,136163242.0,2728.0,2703.0,2737.0,2722.0,2718.0,2721.0,50091,2718.0,2718.0,2722.0,130317773.0,130317773.0,130317773.0,0.0,3,SUR,-0.26,
TQBR,2020-08-06,ÔמסÀדנמ אמ,PHOR,3296,158505841.0,2713.0,2685.0,2721.0,2694.0,2704.0,2704.0,58627,2704.0,2704.0,2694.0,154927174.0,154927174.0,154927174.0,0.0,3,SUR,-0.62,
TQBR,2020-08-07,ÔמסÀדנמ אמ,PHOR,2822,92628195.0,2704.0,2676.0,2718.0,2680.0,2688.0,2696.0,34463,2687.0,2687.0,2680.0,86973683.0,86973683.0,86973683.0,0.0,3,SUR,-0.3,
TQBR,2020-08-10,ÔמסÀדנמ אמ,PHOR,3117,96691501.0,2696.0,2683.0,2718.0,2700.0,2700.0,2700.0,35813,2700.0,2700.0,2700.0,86658906.0,86658906.0,86658906.0,0.0,3,SUR,0.15,
TQBR,2020-08-11,ÔמסÀדנמ אמ,PHOR,4364,177804729.0,2700.0,2700.0,2736.0,2735.0,2724.0,2705.0,65282,2724.0,2724.0,2735.0,169952047.0,169952047.0,169952047.0,0.0,3,SUR,0.19,
TQBR,2020-08-12,ÔמסÀדנמ אמ,PHOR,3261,411883929.0,2734.0,2711.0,2767.0,2757.0,2747.0,2750.0,149962,2746.0,2746.0,2757.0,405177116.0,405177116.0,405177116.0,0.0,3,SUR,1.66,
TQBR,2020-08-13,ÔמסÀדנמ אמ,PHOR,5595,308460632.0,2758.0,2741.0,2825.0,2801.0,2802.0,2802.0,110084,2802.0,2802.0,2801.0,302436132.0,302436132.0,302436132.0,0.0,3,SUR,1.89,
TQBR,2020-08-14,ÔמסÀדנמ אמ,PHOR,2471,119438986.0,2816.0,2770.0,2819.0,2800.0,2796.0,2802.0,42716,2796.0,2796.0,2800.0,116516523.0,116516523.0,116516523.0,0.0,3,SUR,0.0,
TQBR,2020-08-17,ÔמסÀדנמ אמ,PHOR,4924,342999673.0,2823.0,2765.0,2824.0,2810.0,2793.0,2808.0,122797,2793.0,2793.0,2810.0,338448796.0,338448796.0,338448796.0,0.0,3,SUR,0.21,
TQBR,2020-08-18,ÔמסÀדנמ אמ,PHOR,3456,265956480.0,2810.0,2786.0,2820.0,2790.0,2801.0,2792.0,94938,2801.0,2801.0,2790.0,258466936.0,258466936.0,258466936.0,0.0,3,SUR,-0.57,
TQBR,2020-08-19,ÔמסÀדנמ אמ,PHOR,3338,199706821.0,2811.0,2788.0,2839.0,2820.0,2809.0,2805.0,71094,2808.0,2808.0,2820.0,189499956.0,189499956.0,189499956.0,0.0,3,SUR,0.47,
TQBR,2020-08-20,ÔמסÀדנמ אמ,PHOR,3181,100829114.0,2813.0,2781.0,2824.0,2785.0,2802.0,2797.0,35990,2802.0,2802.0,2785.0,97007770.0,97007770.0,97007770.0,0.0,3,SUR,-0.29,
TQBR,2020-08-21,ÔמסÀדנמ אמ,PHOR,3272,144772068.0,2793.0,2752.0,2815.0,2786.0,2774.0,2776.0,52192,2774.0,2774.0,2786.0,139116662.0,139116662.0,139116662.0,0.0,3,SUR,-0.75,
TQBR,2020-08-24,ÔמסÀדנמ אמ,PHOR,3990,134086287.0,2788.0,2752.0,2800.0,2775.0,2772.0,2776.0,48372,2772.0,2772.0,2775.0,129552343.0,129552343.0,129552343.0,0.0,3,SUR,0.0,
TQBR,2020-08-25,ÔמסÀדנמ אמ,PHOR,2401,128099600.0,2757.0,2743.0,2784.0,2766.0,2763.0,2769.0,46360,2763.0,2763.0,2766.0,126291184.0,126291184.0,126291184.0,0.0,3,SUR,-0.25,
TQBR,2020-08-26,ÔמסÀדנמ אמ,PHOR,3678,164802043.0,2766.0,2765.0,2802.0,2770.0,2781.0,2797.0,59265,2780.0,2780.0,2770.0,153641694.0,153641694.0,153641694.0,0.0,3,SUR,1.01,
TQBR,2020-08-27,ÔמסÀדנמ אמ,PHOR,5681,274447031.0,2813.0,2745.0,2813.0,2769.0,2768.0,2761.0,99145,2768.0,2768.0,2769.0,265329796.0,265329796.0,265329796.0,0.0,3,SUR,-1.29,
TQBR,2020-08-28,ÔמסÀדנמ אמ,PHOR,6162,313189957.0,2770.0,2701.0,2770.0,2716.0,2734.0,2718.0,114570,2734.0,2734.0,2716.0,305848840.0,305848840.0,305848840.0,0.0,3,SUR,-1.56,
TQBR,2020-08-31,ÔמסÀדנמ אמ,PHOR,7773,595946333.0,2731.0,2719.0,2807.0,2770.0,2783.0,2765.0,214117,2784.0,2784.0,2770.0,572224031.0,572224031.0,572224031.0,0.0,3,SUR,1.73,
TQBR,2020-09-01,ÔמסÀדנמ אמ,PHOR,4945,253820413.0,2791.0,2713.0,2793.0,2716.0,2731.0,2734.0,92927,2732.0,2732.0,2716.0,246397505.0,246397505.0,246397505.0,0.0,3,SUR,-1.12,
TQBR,2020-09-02,ÔמסÀדנמ אמ,PHOR,5084,201757940.0,2741.0,2701.0,2768.0,2762.0,2739.0,2750.0,73667,2738.0,2738.0,2762.0,193666569.0,193666569.0,193666569.0,0.0,3,SUR,0.59,
TQBR,2020-09-03,ÔמסÀדנמ אמ,PHOR,3405,108078756.0,2755.0,2724.0,2765.0,2749.0,2747.0,2749.0,39341,2747.0,2747.0,2749.0,103888257.0,103888257.0,103888257.0,0.0,3,SUR,-0.04,
TQBR,2020-09-04,ÔמסÀדנמ אמ,PHOR,3231,161328614.0,2749.0,2735.0,2780.0,2766.0,2767.0,2779.0,58299,2767.0,2767.0,2766.0,155613870.0,155613870.0,155613870.0,0.0,3,SUR,1.09,
TQBR,2020-09-07,ÔמסÀדנמ אמ,PHOR,3464,158169275.0,2765.0,2671.0,2815.0,2802.0,2793.0,2799.0,56632,2799.0,2799.0,2802.0,136290227.0,136290227.0,136290227.0,0.0,3,SUR,0.72,
TQBR,2020-09-08,ÔמסÀדנמ אמ,PHOR,4062,169112095.0,2805.0,2730.0,2805.0,2756.0,2764.0,2760.0,61184,2764.0,2764.0,2756.0,161412221.0,161412221.0,161412221.0,0.0,3,SUR,-1.39,
TQBR,2020-09-09,ÔמסÀדנמ אמ,PHOR,4023,172057632.0,2759.0,2741.0,2792.0,2741.0,2767.0,2757.0,62188,2767.0,2767.0,2741.0,168593769.0,168593769.0,168593769.0,0.0,3,SUR,-0.11,
TQBR,2020-09-10,ÔמסÀדנמ אמ,PHOR,3219,105762895.0,2756.0,2725.0,2773.0,2739.0,2743.0,2741.0,38554,2743.0,2743.0,2739.0,99517223.0,99517223.0,99517223.0,0.0,3,SUR,-0.58,
TQBR,2020-09-11,ÔמסÀדנמ אמ,PHOR,2647,141948416.0,2760.0,2716.0,2760.0,2735.0,2727.0,2736.0,52020,2729.0,2729.0,2735.0,139608151.0,139608151.0,139608151.0,0.0,3,SUR,-0.18,
TQBR,2020-09-14,ÔמסÀדנמ אמ,PHOR,2574,79088673.0,2760.0,2731.0,2762.0,2746.0,2747.0,2746.0,28791,2747.0,2747.0,2746.0,77172323.0,77172323.0,77172323.0,0.0,3,SUR,0.37,
TQBR,2020-09-15,ÔמסÀדנמ אמ,PHOR,5613,300209059.0,2751.0,2734.0,2773.0,2759.0,2754.0,2770.0,109006,2754.0,2754.0,2759.0,296420611.0,296420611.0,296420611.0,0.0,3,SUR,0.87,
TQBR,2020-09-16,ÔמסÀדנמ אמ,PHOR,4460,216037972.0,2745.0,2720.0,2753.0,2720.0,2736.0,2727.0,78955,2736.0,2736.0,2720.0,208529165.0,208529165.0,208529165.0,0.0,3,SUR,-1.55,
TQBR,2020-09-17,ÔמסÀדנמ אמ,PHOR,5126,196334946.0,2718.0,2704.0,2742.0,2728.0,2724.0,2728.0,72085,2723.0,2723.0,2728.0,189291433.0,189291433.0,189291433.0,0.0,3,SUR,0.04,
TQBR,2020-09-18,ÔמסÀדנמ אמ,PHOR,4327,363824339.0,2735.0,2715.0,2788.0,2788.0,2765.0,2760.0,131604,2765.0,2765.0,2788.0,343269780.0,343269780.0,343269780.0,0.0,3,SUR,1.17,
TQBR,2020-09-21,ÔמסÀדנמ אמ,PHOR,4555,219068724.0,2769.0,2706.0,2770.0,2714.0,2732.0,2720.0,80189,2733.0,2733.0,2714.0,209339176.0,209339176.0,209339176.0,0.0,3,SUR,-1.45,
TQBR,2020-09-22,ÔמסÀדנמ אמ,PHOR,5209,230015433.0,2719.0,2671.0,2725.0,2671.0,2697.0,2684.0,85282,2698.0,2698.0,2671.0,217825604.0,217825604.0,217825604.0,0.0,3,SUR,-1.32,
TQBR,2020-09-23,ÔמסÀדנמ אמ,PHOR,5445,275664968.0,2698.0,2679.0,2745.0,2695.0,2715.0,2702.0,101541,2716.0,2716.0,2695.0,258596937.0,258596937.0,258596937.0,0.0,3,SUR,0.67,
TQBR,2020-09-24,ÔמסÀדנמ אמ,PHOR,2801,115137759.0,2696.0,2689.0,2748.0,2740.0,2724.0,2730.0,42275,2723.0,2723.0,2740.0,109259189.0,109259189.0,109259189.0,0.0,3,SUR,1.04,
TQBR,2020-09-25,ÔמסÀדנמ אמ,PHOR,1705,58242031.0,2746.0,2716.0,2749.0,2745.0,2733.0,2746.0,21307,2733.0,2733.0,2745.0,53990889.0,53990889.0,53990889.0,0.0,3,SUR,0.59,
TQBR,2020-09-28,ÔמסÀדנמ אמ,PHOR,4330,179405518.0,2746.0,2745.0,2829.0,2821.0,2796.0,2817.0,64156,2794.0,2794.0,2821.0,163992878.0,163992878.0,163992878.0,0.0,3,SUR,2.59,
TQBR,2020-09-29,ÔמסÀדנמ אמ,PHOR,5369,258224049.0,2795.0,2795.0,2868.0,2866.0,2847.0,2857.0,90696,2846.0,2846.0,2866.0,234171837.0,234171837.0,234171837.0,0.0,3,SUR,1.42,
TQBR,2020-09-30,ÔמסÀדנמ אמ,PHOR,3933,205862029.0,2862.0,2845.0,2887.0,2864.0,2867.0,2858.0,71800,2868.0,2868.0,2864.0,191751220.0,191751220.0,191751220.0,0.0,3,SUR,0.04,
TQBR,2020-10-01,ÔמסÀדנמ אמ,PHOR,3007,158580049.0,2855.0,2821.0,2878.0,2824.0,2841.0,2827.0,55823,2841.0,2841.0,2824.0,155031141.0,155031141.0,155031141.0,0.0,3,SUR,-1.08,
TQBR,2020-10-02,ÔמסÀדנמ אמ,PHOR,3921,153203555.0,2823.0,2801.0,2881.0,2856.0,2847.0,2859.0,53816,2846.0,2846.0,2856.0,146970654.0,146970654.0,146970654.0,0.0,3,SUR,1.13,
TQBR,2020-10-05,ÔמסÀדנמ אמ,PHOR,2573,89917696.0,2877.0,2837.0,2879.0,2864.0,2858.0,2864.0,31461,2858.0,2858.0,2864.0,86101947.0,86101947.0,86101947.0,0.0,3,SUR,0.17,
TQBR,2020-10-06,ÔמסÀדנמ אמ,PHOR,4757,185603034.0,2873.0,2852.0,2908.0,2880.0,2891.0,2877.0,64280,2889.0,2889.0,2880.0,158146196.0,158146196.0,158146196.0,0.0,3,SUR,0.45,
TQBR,2020-10-07,ÔמסÀדנמ אמ,PHOR,4154,182957148.0,2882.0,2840.0,2915.0,2869.0,2879.0,2853.0,63544,2881.0,2881.0,2869.0,172421605.0,172421605.0,172421605.0,0.0,3,SUR,-0.83,
TQBR,2020-10-08,ÔמסÀדנמ אמ,PHOR,1599,52432165.0,2869.0,2855.0,2880.0,2866.0,2867.0,2866.0,18291,2867.0,2867.0,2866.0,49057516.0,49057516.0,49057516.0,0.0,3,SUR,0.46,
TQBR,2020-10-09,ÔמסÀדנמ אמ,PHOR,3133,114293441.0,2867.0,2828.0,2873.0,2850.0,2848.0,2850.0,40133,2847.0,2847.0,2850.0,106044427.0,106044427.0,106044427.0,0.0,3,SUR,-0.56,
TQBR,2020-10-12,ÔמסÀדנמ אמ,PHOR,2577,83026552.0,2850.0,2845.0,2872.0,2854.0,2860.0,2858.0,29031,2861.0,2861.0,2854.0,71323482.0,71323482.0,71323482.0,0.0,3,SUR,0.28,
TQBR,2020-10-13,ÔמסÀדנמ אמ,PHOR,3736,136052640.0,2854.0,2820.0,2870.0,2853.0,2843.0,2831.0,47848,2848.0,2848.0,2853.0,106595091.0,106595091.0,106595091.0,0.0,3,SUR,-0.94,
TQBR,2020-10-14,ÔמסÀדנמ אמ,PHOR,2576,128720297.0,2829.0,2804.0,2856.0,2853.0,2830.0,2843.0,45478,2830.0,2830.0,2853.0,123708697.0,123708697.0,123708697.0,0.0,3,SUR,0.42,
TQBR,2020-10-15,ÔמסÀדנמ אמ,PHOR,2825,98462312.0,2854.0,2776.0,2854.0,2801.0,2811.0,2790.0,35032,2812.0,2812.0,2801.0,91805405.0,91805405.0,91805405.0,0.0,3,SUR,-1.86,
TQBR,2020-10-16,ÔמסÀדנמ אמ,PHOR,2775,99776587.0,2800.0,2773.0,2849.0,2829.0,2812.0,2829.0,35486,2811.0,2811.0,2829.0,95099464.0,95099464.0,95099464.0,0.0,3,SUR,1.4,
TQBR,2020-10-19,ÔמסÀדנמ אמ,PHOR,2064,54137961.0,2838.0,2787.0,2848.0,2794.0,2805.0,2806.0,19302,2808.0,2808.0,2794.0,42934078.0,42934078.0,42934078.0,0.0,3,SUR,-0.81,
TQBR,2020-10-20,ÔמסÀדנמ אמ,PHOR,5201,170271457.0,2790.0,2778.0,2831.0,2803.0,2805.0,2798.0,60700,2805.0,2805.0,2803.0,164879168.0,164879168.0,164879168.0,0.0,3,SUR,-0.29,
TQBR,2020-10-21,ÔמסÀדנמ אמ,PHOR,4362,186567019.0,2815.0,2755.0,2815.0,2773.0,2778.0,2773.0,67167,2778.0,2778.0,2773.0,174389155.0,174389155.0,174389155.0,0.0,3,SUR,-0.89,
TQBR,2020-10-22,ÔמסÀדנמ אמ,PHOR,3892,157179113.0,2775.0,2733.0,2788.0,2750.0,2758.0,2755.0,56994,2759.0,2759.0,2750.0,143742473.0,143742473.0,143742473.0,0.0,3,SUR,-0.65,
TQBR,2020-10-23,ÔמסÀדנמ אמ,PHOR,3283,137773675.0,2751.0,2744.0,2802.0,2789.0,2779.0,2799.0,49569,2779.0,2779.0,2789.0,134704440.0,134704440.0,134704440.0,0.0,3,SUR,1.6,
TQBR,2020-10-26,ÔמסÀדנמ אמ,PHOR,2835,89158796.0,2785.0,2752.0,2814.0,2783.0,2789.0,2770.0,31968,2793.0,2793.0,2783.0,75609103.0,75609103.0,75609103.0,0.0,3,SUR,-1.04,
TQBR,2020-10-27,ÔמסÀדנמ אמ,PHOR,2108,73457640.0,2776.0,2766.0,2806.0,2804.0,2789.0,2792.0,26342,2788.0,2788.0,2804.0,64783074.0,64783074.0,64783074.0,0.0,3,SUR,0.79,
TQBR,2020-10-28,ÔמסÀדנמ אמ,PHOR,6438,242927346.0,2799.0,2782.0,2850.0,2845.0,2815.0,2847.0,86292,2813.0,2813.0,2845.0,224949451.0,224949451.0,224949451.0,0.0,3,SUR,1.97,
TQBR,2020-10-29,ÔמסÀדנמ אמ,PHOR,4456,183697899.0,2850.0,2792.0,2860.0,2802.0,2818.0,2796.0,65179,2820.0,2820.0,2802.0,170666734.0,170666734.0,170666734.0,0.0,3,SUR,-1.79,
TQBR,2020-10-30,ÔמסÀדנמ אמ,PHOR,5497,241275283.0,2800.0,2726.0,2823.0,2820.0,2778.0,2800.0,86854,2776.0,2776.0,2820.0,222418703.0,222418703.0,222418703.0,0.0,3,SUR,0.14,
TQBR,2020-11-02,ÔמסÀדנמ אמ,PHOR,4205,191396009.0,2801.0,2771.0,2841.0,2816.0,2813.0,2820.0,68038,2812.0,2812.0,2816.0,178165029.0,178165029.0,178165029.0,0.0,3,SUR,0.71,
TQBR,2020-11-03,ÔמסÀדנמ אמ,PHOR,3672,127895373.0,2836.0,2796.0,2844.0,2812.0,2821.0,2828.0,45334,2822.0,2822.0,2812.0,113025387.0,113025387.0,113025387.0,0.0,3,SUR,0.28,
TQBR,2020-11-05,ÔמסÀדנמ אמ,PHOR,4525,177115556.0,2835.0,2800.0,2852.0,2823.0,2823.0,2829.0,62738,2823.0,2823.0,2823.0,170272669.0,170272669.0,170272669.0,0.0,3,SUR,0.04,
TQBR,2020-11-06,ÔמסÀדנמ אמ,PHOR,10813,500309497.0,2840.0,2838.0,2986.0,2974.0,2926.0,2969.0,171002,2923.0,2923.0,2974.0,467931430.0,467931430.0,467931430.0,0.0,3,SUR,4.95,
TQBR,2020-11-09,ÔמסÀדנמ אמ,PHOR,12580,687985879.0,2987.0,2944.0,3015.0,2990.0,2987.0,2968.0,230343,2987.0,2987.0,2990.0,662384101.0,662384101.0,662384101.0,0.0,3,SUR,-0.03,
TQBR,2020-11-10,ÔמסÀדנמ אמ,PHOR,6235,343349898.0,2979.0,2962.0,3032.0,2989.0,3001.0,3025.0,114413,3000.0,3000.0,2989.0,319120238.0,319120238.0,319120238.0,0.0,3,SUR,1.92,
TQBR,2020-11-11,ÔמסÀדנמ אמ,PHOR,5649,292102354.0,3015.0,2950.0,3064.0,3036.0,3015.0,3012.0,96896,3014.0,3014.0,3036.0,274030297.0,274030297.0,274030297.0,0.0,3,SUR,-0.43,
TQBR,2020-11-12,ÔמסÀדנמ אמ,PHOR,3962,135218739.0,3028.0,3007.0,3046.0,3025.0,3026.0,3009.0,44687,3027.0,3027.0,3025.0,123670907.0,123670907.0,123670907.0,0.0,3,SUR,-0.1,
TQBR,2020-11-13,ÔמסÀדנמ אמ,PHOR,3566,121054431.0,3025.0,2992.0,3035.0,3020.0,3015.0,3025.0,40156,3014.0,3014.0,3020.0,106914111.0,106914111.0,106914111.0,0.0,3,SUR,0.53,
TQBR,2020-11-16,ÔמסÀדנמ אמ,PHOR,7567,446709356.0,3035.0,3016.0,3124.0,3088.0,3078.0,3087.0,145111,3077.0,3077.0,3088.0,425045021.0,425045021.0,425045021.0,0.0,3,SUR,2.05,
TQBR,2020-11-17,ÔמסÀדנמ אמ,PHOR,3607,223043245.0,3101.0,3063.0,3110.0,3084.0,3086.0,3103.0,72271,3086.0,3086.0,3084.0,216910826.0,216910826.0,216910826.0,0.0,3,SUR,0.52,
TQBR,2020-11-18,ÔמסÀדנמ אמ,PHOR,4017,167016553.0,3096.0,3085.0,3126.0,3100.0,3107.0,3106.0,53755,3107.0,3107.0,3100.0,157705859.0,157705859.0,157705859.0,0.0,3,SUR,0.1,
TQBR,2020-11-19,ÔמסÀדנמ אמ,PHOR,3620,183232520.0,3100.0,3069.0,3135.0,3082.0,3104.0,3078.0,59035,3105.0,3105.0,3082.0,168877612.0,168877612.0,168877612.0,0.0,3,SUR,-0.9,
TQBR,2020-11-20,ÔמסÀדנמ אמ,PHOR,2385,81032903.0,3071.0,3059.0,3108.0,3098.0,3086.0,3098.0,26260,3085.0,3085.0,3098.0,76562985.0,76562985.0,76562985.0,0.0,3,SUR,0.65,
TQBR,2020-11-23,ÔמסÀדנמ אמ,PHOR,3997,145006038.0,3106.0,3061.0,3118.0,3065.0,3084.0,3090.0,47020,3084.0,3084.0,3065.0,132715900.0,132715900.0,132715900.0,0.0,3,SUR,-0.26,
TQBR,2020-11-24,ÔמסÀדנמ אמ,PHOR,3856,164621413.0,3066.0,3045.0,3100.0,3072.0,3070.0,3086.0,53629,3069.0,3069.0,3072.0,151266314.0,151266314.0,151266314.0,0.0,3,SUR,-0.13,
TQBR,2020-11-25,ÔמסÀדנמ אמ,PHOR,6152,255973372.0,3063.0,3022.0,3072.0,3048.0,3044.0,3049.0,84089,3044.0,3044.0,3048.0,250503049.0,250503049.0,250503049.0,0.0,3,SUR,-1.2,
TQBR,2020-11-26,ÔמסÀדנמ אמ,PHOR,4933,186564878.0,3043.0,3032.0,3068.0,3039.0,3045.0,3049.0,61274,3045.0,3045.0,3039.0,169865472.0,169865472.0,169865472.0,0.0,3,SUR,0.0,
TQBR,2020-11-27,ÔמסÀדנמ אמ,PHOR,5552,233874623.0,3036.0,3030.0,3068.0,3033.0,3043.0,3039.0,76856,3044.0,3044.0,3033.0,213012994.0,213012994.0,213012994.0,0.0,3,SUR,-0.33,
TQBR,2020-11-30,ÔמסÀדנמ אמ,PHOR,10543,663169679.0,3039.0,2988.0,3067.0,2999.0,3013.0,3007.0,220080,3014.0,3014.0,2999.0,625321479.0,625321479.0,625321479.0,0.0,3,SUR,-1.05,
TQBR,2020-12-01,ÔמסÀדנמ אמ,PHOR,4871,265841175.0,3027.0,3009.0,3086.0,3083.0,3049.0,3083.0,87177,3047.0,3047.0,3083.0,245860802.0,245860802.0,245860802.0,0.0,3,SUR,2.53,
TQBR,2020-12-02,ÔמסÀדנמ אמ,PHOR,4398,297400573.0,3093.0,3057.0,3098.0,3092.0,3076.0,3080.0,96671,3076.0,3076.0,3092.0,282648258.0,282648258.0,282648258.0,0.0,3,SUR,-0.1,
TQBR,2020-12-03,ÔמסÀדנמ אמ,PHOR,4787,370013408.0,3080.0,3050.0,3098.0,3051.0,3075.0,3055.0,120392,3074.0,3074.0,3051.0,356380598.0,356380598.0,356380598.0,0.0,3,SUR,-0.81,
TQBR,2020-12-04,ÔמסÀדנמ אמ,PHOR,4696,211110910.0,3074.0,3022.0,3074.0,3034.0,3041.0,3045.0,69414,3042.0,3042.0,3034.0,190162050.0,190162050.0,190162050.0,0.0,3,SUR,-0.33,
TQBR,2020-12-07,ÔמסÀדנמ אמ,PHOR,5519,235392969.0,3050.0,3041.0,3089.0,3088.0,3062.0,3071.0,76867,3061.0,3061.0,3088.0,215097873.0,215097873.0,215097873.0,0.0,3,SUR,0.85,
TQBR,2020-12-08,ÔמסÀדנמ אמ,PHOR,5293,249990446.0,3090.0,3034.0,3090.0,3052.0,3058.0,3070.0,81756,3058.0,3058.0,3052.0,231219243.0,231219243.0,231219243.0,0.0,3,SUR,-0.03,
TQBR,2020-12-09,ÔמסÀדנמ אמ,PHOR,4144,205793156.0,3068.0,3046.0,3085.0,3061.0,3065.0,3072.0,67144,3064.0,3064.0,3061.0,187394589.0,187394589.0,187394589.0,0.0,3,SUR,0.07,
TQBR,2020-12-10,ÔמסÀדנמ אמ,PHOR,5305,244675702.0,3085.0,3050.0,3103.0,3050.0,3072.0,3071.0,79635,3073.0,3073.0,3050.0,220975981.0,220975981.0,220975981.0,0.0,3,SUR,-0.03,
TQBR,2020-12-11,ÔמסÀדנמ אמ,PHOR,5976,229377957.0,3075.0,3033.0,3075.0,3053.0,3055.0,3065.0,75072,3056.0,3056.0,3053.0,206739061.0,206739061.0,206739061.0,0.0,3,SUR,-0.2,
TQBR,2020-12-14,ÔמסÀדנמ אמ,PHOR,7350,322862595.0,3069.0,3046.0,3085.0,3058.0,3059.0,3058.0,105552,3059.0,3059.0,3058.0,304637143.0,304637143.0,304637143.0,0.0,3,SUR,-0.23,
TQBR,2020-12-15,ÔמסÀדנמ אמ,PHOR,8984,470460849.0,3087.0,3064.0,3150.0,3087.0,3086.0,3130.0,152461,3083.0,3083.0,3087.0,418920431.0,418920431.0,418920431.0,0.0,3,SUR,2.35,
TQBR,2020-12-16,ÔמסÀדנמ אמ,PHOR,7681,406711364.0,3131.0,3091.0,3140.0,3119.0,3119.0,3128.0,130410,3119.0,3119.0,3119.0,375270583.0,375270583.0,375270583.0,0.0,3,SUR,-0.06,
TQBR,2020-12-17,ÔמסÀדנמ אמ,PHOR,9569,343333715.0,3120.0,3109.0,3144.0,3119.0,3128.0,3136.0,109763,3128.0,3128.0,3119.0,323635928.0,323635928.0,323635928.0,0.0,3,SUR,0.26,
TQBR,2020-12-18,ÔמסÀדנמ אמ,PHOR,6684,440062965.0,3140.0,3110.0,3184.0,3162.0,3156.0,3180.0,139448,3155.0,3155.0,3162.0,407533697.0,407533697.0,407533697.0,0.0,3,SUR,1.4,
TQBR,2020-12-21,ÔמסÀדנמ אמ,PHOR,9610,404921855.0,3180.0,3143.0,3211.0,3173.0,3176.0,3186.0,127509,3175.0,3175.0,3173.0,372753178.0,372753178.0,372753178.0,0.0,3,SUR,0.19,
TQBR,2020-12-22,ÔמסÀדנמ אמ,PHOR,7832,420436180.0,3188.0,3185.0,3251.0,3219.0,3216.0,3251.0,130732,3213.0,3213.0,3219.0,348552936.0,348552936.0,348552936.0,0.0,3,SUR,2.04,
TQBR,2020-12-23,ÔמסÀדנמ אמ,PHOR,10236,710148972.0,3250.0,3230.0,3271.0,3258.0,3254.0,3269.0,218213,3253.0,3253.0,3258.0,562848752.0,562848752.0,562848752.0,0.0,3,SUR,0.55,
TQBR,2020-12-24,ÔמסÀדנמ אמ,PHOR,14016,598561632.0,3153.0,3115.0,3155.0,3126.0,3133.0,3132.0,191042,3134.0,3134.0,3126.0,561245335.0,561245335.0,561245335.0,0.0,3,SUR,-4.19,
TQBR,2020-12-25,ÔמסÀדנמ אמ,PHOR,5894,144759128.0,3121.0,3092.0,3132.0,3116.0,3109.0,3111.0,46564,3107.0,3107.0,3116.0,123170625.0,123170625.0,123170625.0,0.0,3,SUR,-0.67,
TQBR,2020-12-28,ÔמסÀדנמ אמ,PHOR,7609,383546142.0,3121.0,3080.0,3128.0,3087.0,3099.0,3097.0,123762,3099.0,3099.0,3087.0,352837731.0,352837731.0,352837731.0,0.0,3,SUR,-0.45,
TQBR,2020-12-29,ÔמסÀדנמ אמ,PHOR,6763,309306306.0,3100.0,3089.0,3151.0,3140.0,3124.0,3150.0,99016,3122.0,3122.0,3140.0,279689766.0,279689766.0,279689766.0,0.0,3,SUR,1.71,
TQBR,2020-12-30,ÔמסÀדנמ אמ,PHOR,6068,339409265.0,3147.0,3124.0,3180.0,3133.0,3156.0,3136.0,107528,3157.0,3157.0,3133.0,325131337.0,325131337.0,325131337.0,0.0,3,SUR,-0.44,
TQBR,2021-01-04,ÔמסÀדנמ אמ,PHOR,6322,315532688.0,3136.0,3131.0,3214.0,3209.0,3176.0,3187.0,99354,3174.0,3174.0,3209.0,282245993.0,282245993.0,282245993.0,0.0,3,SUR,1.63,
TQBR,2021-01-05,ÔמסÀדנמ אמ,PHOR,12530,760512441.0,3199.0,3186.0,3370.0,3360.0,3305.0,3360.0,230125,3303.0,3303.0,3360.0,728064681.0,728064681.0,728064681.0,0.0,3,SUR,5.43,
TQBR,2021-01-06,ÔמסÀדנמ אמ,PHOR,8789,400380101.0,3372.0,3282.0,3374.0,3324.0,3315.0,3311.0,120763,3314.0,3314.0,3324.0,353421457.0,353421457.0,353421457.0,0.0,3,SUR,-1.46,
TQBR,2021-01-08,ÔמסÀדנמ אמ,PHOR,8702,458080749.0,3350.0,3331.0,3390.0,3370.0,3369.0,3374.0,135964,3367.0,3367.0,3370.0,362587200.0,362587200.0,362587200.0,0.0,3,SUR,1.9,
TQBR,2021-01-11,ÔמסÀדנמ אמ,PHOR,7384,331645878.0,3370.0,3334.0,3422.0,3403.0,3396.0,3401.0,97644,3396.0,3396.0,3403.0,244988239.0,244988239.0,244988239.0,0.0,3,SUR,0.8,
TQBR,2021-01-12,ÔמסÀדנמ אמ,PHOR,6735,371827784.0,3414.0,3316.0,3421.0,3330.0,3363.0,3345.0,110580,3365.0,3365.0,3330.0,346489133.0,346489133.0,346489133.0,0.0,3,SUR,-1.65,
TQBR,2021-01-13,ÔמסÀדנמ אמ,PHOR,5389,460551765.0,3340.0,3331.0,3402.0,3388.0,3366.0,3385.0,136669,3369.0,3369.0,3388.0,443666006.0,443666006.0,443666006.0,0.0,3,SUR,1.2,
TQBR,2021-01-14,ÔמסÀדנמ אמ,PHOR,6530,345522411.0,3372.0,3337.0,3407.0,3354.0,3362.0,3358.0,102779,3361.0,3361.0,3354.0,310603562.0,310603562.0,310603562.0,0.0,3,SUR,-0.8,
TQBR,2021-01-15,ÔמסÀדנמ אמ,PHOR,6825,338906955.0,3379.0,3354.0,3425.0,3403.0,3386.0,3375.0,100087,3386.0,3386.0,3403.0,298120704.0,298120704.0,298120704.0,0.0,3,SUR,0.51,
TQBR,2021-01-18,ÔמסÀדנמ אמ,PHOR,9436,680862354.0,3420.0,3367.0,3484.0,3474.0,3453.0,3476.0,197170,3452.0,3452.0,3474.0,643533477.0,643533477.0,643533477.0,0.0,3,SUR,2.99,
TQBR,2021-01-19,ÔמסÀדנמ אמ,PHOR,9341,575203527.0,3496.0,3395.0,3533.0,3430.0,3469.0,3424.0,165827,3477.0,3477.0,3430.0,503954912.0,503954912.0,503954912.0,0.0,3,SUR,-1.5,
TQBR,2021-01-20,ÔמסÀדנמ אמ,PHOR,6030,394970846.0,3422.0,3394.0,3451.0,3411.0,3415.0,3402.0,115646,3417.0,3417.0,3411.0,339717648.0,339717648.0,339717648.0,0.0,3,SUR,-0.64,
TQBR,2021-01-21,ÔמסÀדנמ אמ,PHOR,14731,1072576545.0,3412.0,3372.0,3470.0,3470.0,3434.0,3453.0,312289,3434.0,3434.0,3470.0,1030210434.0,1030210434.0,1030210434.0,0.0,3,SUR,1.5,
TQBR,2021-01-22,ÔמסÀדנמ אמ,PHOR,7769,462039674.0,3460.0,3432.0,3493.0,3485.0,3456.0,3480.0,133701,3454.0,3454.0,3485.0,422222941.0,422222941.0,422222941.0,0.0,3,SUR,0.78,
TQBR,2021-01-25,ÔמסÀדנמ אמ,PHOR,12987,940216088.0,3495.0,3460.0,3645.0,3644.0,3576.0,3641.0,262928,3571.0,3571.0,3644.0,849051489.0,849051489.0,849051489.0,0.0,3,SUR,4.63,
TQBR,2021-01-26,ÔמסÀדנמ אמ,PHOR,9310,663299769.0,3605.0,3605.0,3738.0,3684.0,3672.0,3697.0,180645,3671.0,3671.0,3684.0,624062610.0,624062610.0,624062610.0,0.0,3,SUR,1.54,
TQBR,2021-01-27,ÔמסÀדנמ אמ,PHOR,7917,503376824.0,3688.0,3585.0,3698.0,3631.0,3658.0,3623.0,137628,3662.0,3662.0,3631.0,450779086.0,450779086.0,450779086.0,0.0,3,SUR,-2.0,
TQBR,2021-01-28,ÔמסÀדנמ אמ,PHOR,15084,775132681.0,3600.0,3586.0,3704.0,3683.0,3655.0,3682.0,212018,3654.0,3654.0,3683.0,730199411.0,730199411.0,730199411.0,0.0,3,SUR,1.63,
TQBR,2021-01-29,ÔמסÀדנמ אמ,PHOR,13129,964080422.0,3690.0,3612.0,3745.0,3655.0,3666.0,3644.0,262960,3669.0,3669.0,3655.0,894353963.0,894353963.0,894353963.0,0.0,3,SUR,-1.03,
TQBR,2021-02-01,ÔמסÀדנמ אמ,PHOR,8832,547608447.0,3624.0,3593.0,3654.0,3637.0,3624.0,3641.0,151104,3623.0,3623.0,3637.0,509030522.0,509030522.0,509030522.0,0.0,3,SUR,-0.08,
TQBR,2021-02-02,ÔמסÀדנמ אמ,PHOR,8523,692980972.0,3637.0,3607.0,3684.0,3628.0,3629.0,3629.0,190586,3637.0,3637.0,3628.0,656457335.0,656457335.0,656457335.0,0.0,3,SUR,-0.33,
TQBR,2021-02-03,ÔמסÀדנמ אמ,PHOR,4480,302570642.0,3625.0,3625.0,3680.0,3663.0,3653.0,3662.0,82819,3653.0,3653.0,3663.0,290358687.0,290358687.0,290358687.0,0.0,3,SUR,0.91,
TQBR,2021-02-04,ÔמסÀדנמ אמ,PHOR,4236,230396883.0,3663.0,3652.0,3708.0,3708.0,3679.0,3699.0,62630,3677.0,3677.0,3708.0,211316326.0,211316326.0,211316326.0,0.0,3,SUR,1.01,
TQBR,2021-02-05,ÔמסÀדנמ אמ,PHOR,6723,404286981.0,3725.0,3665.0,3725.0,3695.0,3686.0,3700.0,109674,3686.0,3686.0,3695.0,387432700.0,387432700.0,387432700.0,0.0,3,SUR,0.03,
TQBR,2021-02-08,ÔמסÀדנמ אמ,PHOR,7291,383914434.0,3726.0,3650.0,3726.0,3661.0,3671.0,3667.0,104574,3672.0,3672.0,3661.0,354430854.0,354430854.0,354430854.0,0.0,3,SUR,-0.89,
TQBR,2021-02-09,ÔמסÀדנמ אמ,PHOR,7988,477015794.0,3661.0,3611.0,3661.0,3642.0,3633.0,3652.0,131286,3633.0,3633.0,3642.0,461842991.0,461842991.0,461842991.0,0.0,3,SUR,-0.41,
TQBR,2021-02-10,ÔמסÀדנמ אמ,PHOR,5238,340376019.0,3644.0,3583.0,3662.0,3624.0,3623.0,3621.0,93938,3624.0,3624.0,3624.0,314974037.0,314974037.0,314974037.0,0.0,3,SUR,-0.85,
TQBR,2021-02-11,ÔמסÀדנמ אמ,PHOR,4088,277766292.0,3644.0,3618.0,3694.0,3668.0,3665.0,3669.0,75779,3665.0,3665.0,3668.0,253684937.0,253684937.0,253684937.0,0.0,3,SUR,1.33,
TQBR,2021-02-12,ÔמסÀדנמ אמ,PHOR,5608,311128883.0,3680.0,3617.0,3700.0,3671.0,3668.0,3698.0,84818,3666.0,3666.0,3671.0,280751076.0,280751076.0,280751076.0,0.0,3,SUR,0.79,
TQBR,2021-02-15,ÔמסÀדנמ אמ,PHOR,5626,349886372.0,3699.0,3695.0,3768.0,3714.0,3727.0,3738.0,93873,3727.0,3727.0,3714.0,315897788.0,315897788.0,315897788.0,0.0,3,SUR,1.08,
TQBR,2021-02-16,ÔמסÀדנמ אמ,PHOR,5255,414582647.0,3740.0,3704.0,3791.0,3776.0,3749.0,3776.0,110584,3747.0,3747.0,3776.0,376784289.0,376784289.0,376784289.0,0.0,3,SUR,1.02,
TQBR,2021-02-17,ÔמסÀדנמ אמ,PHOR,6238,412706088.0,3760.0,3719.0,3832.0,3765.0,3781.0,3779.0,109165,3782.0,3782.0,3765.0,379458575.0,379458575.0,379458575.0,0.0,3,SUR,0.08,
TQBR,2021-02-18,ÔמסÀדנמ אמ,PHOR,6823,571303171.0,3771.0,3670.0,3800.0,3740.0,3753.0,3733.0,152242,3756.0,3756.0,3740.0,523706276.0,523706276.0,523706276.0,0.0,3,SUR,-1.22,
TQBR,2021-02-19,ÔמסÀדנמ אמ,PHOR,7167,595051069.0,3725.0,3654.0,3842.0,3813.0,3758.0,3842.0,158347,3754.0,3754.0,3813.0,558728400.0,558728400.0,558728400.0,0.0,3,SUR,2.92,
TQBR,2021-02-20,ÔמסÀדנמ אמ,PHOR,5234,255522694.0,3814.0,3813.0,3944.0,3877.0,3895.0,3893.0,65602,3895.0,3895.0,3877.0,241506181.0,241506181.0,241506181.0,0.0,3,SUR,1.33,
TQBR,2021-02-22,ÔמסÀדנמ אמ,PHOR,6393,345338535.0,3866.0,3860.0,3948.0,3915.0,3916.0,3903.0,88176,3919.0,3919.0,3915.0,296427259.0,296427259.0,296427259.0,0.0,3,SUR,0.26,
TQBR,2021-02-24,ÔמסÀדנמ אמ,PHOR,7735,442759288.0,3880.0,3878.0,3958.0,3939.0,3926.0,3929.0,112773,3926.0,3926.0,3939.0,407491426.0,407491426.0,407491426.0,0.0,3,SUR,0.67,
TQBR,2021-02-25,ÔמסÀדנמ אמ,PHOR,8187,639162480.0,3940.0,3914.0,3980.0,3952.0,3948.0,3957.0,161886,3947.0,3947.0,3952.0,588786588.0,588786588.0,588786588.0,0.0,3,SUR,0.71,
TQBR,2021-02-26,ÔמסÀדנמ אמ,PHOR,10989,852273930.0,3950.0,3931.0,4059.0,4050.0,4020.0,4048.0,212012,4020.0,4020.0,4050.0,821096336.0,821096336.0,821096336.0,0.0,3,SUR,2.3,
TQBR,2021-03-01,ÔמסÀדנמ אמ,PHOR,7691,451664274.0,4060.0,3963.0,4060.0,4018.0,4001.0,4034.0,112884,4000.0,4000.0,4018.0,431316832.0,431316832.0,431316832.0,0.0,3,SUR,-0.35,
TQBR,2021-03-02,ÔמסÀדנמ אמ,PHOR,6982,515160342.0,4017.0,4002.0,4082.0,4080.0,4057.0,4069.0,126974,4057.0,4057.0,4080.0,498547078.0,498547078.0,498547078.0,0.0,3,SUR,0.87,
TQBR,2021-03-03,ÔמסÀדנמ אמ,PHOR,11517,611275504.0,4080.0,4077.0,4208.0,4196.0,4156.0,4181.0,147094,4152.0,4152.0,4196.0,554106623.0,554106623.0,554106623.0,0.0,3,SUR,2.75,
TQBR,2021-03-04,ÔמסÀדנמ אמ,PHOR,14937,939544368.0,4171.0,4010.0,4269.0,4085.0,4120.0,4020.0,228022,4125.0,4125.0,4085.0,813501796.0,813501796.0,813501796.0,0.0,3,SUR,-3.85,
TQBR,2021-03-05,ÔמסÀדנמ אמ,PHOR,6915,509346262.0,4063.0,4011.0,4114.0,4090.0,4072.0,4105.0,125092,4072.0,4072.0,4090.0,466504143.0,466504143.0,466504143.0,0.0,3,SUR,2.11,
TQBR,2021-03-09,ÔמסÀדנמ אמ,PHOR,7971,527807713.0,4114.0,4003.0,4163.0,4020.0,4039.0,4060.0,130679,4038.0,4038.0,4020.0,491045968.0,491045968.0,491045968.0,0.0,3,SUR,-1.1,
TQBR,2021-03-10,ÔמסÀדנמ אמ,PHOR,8291,457034989.0,4060.0,3918.0,4085.0,3970.0,3988.0,3980.0,114597,3990.0,3990.0,3970.0,416843744.0,416843744.0,416843744.0,0.0,3,SUR,-1.97,
TQBR,2021-03-11,ÔמסÀדנמ אמ,PHOR,6443,436487602.0,3980.0,3941.0,4038.0,3971.0,3977.0,3961.0,109757,3977.0,3977.0,3971.0,405948837.0,405948837.0,405948837.0,0.0,3,SUR,-0.48,
TQBR,2021-03-12,ÔמסÀדנמ אמ,PHOR,9537,657007588.0,3970.0,3881.0,3998.0,3923.0,3921.0,3957.0,167576,3918.0,3918.0,3923.0,595870277.0,595870277.0,595870277.0,0.0,3,SUR,-0.1,
TQBR,2021-03-15,ÔמסÀדנמ אמ,PHOR,7829,681950781.0,3923.0,3908.0,3980.0,3928.0,3931.0,3947.0,173465,3931.0,3931.0,3928.0,660653732.0,660653732.0,660653732.0,0.0,3,SUR,-0.25,
TQBR,2021-03-16,ÔמסÀדנמ אמ,PHOR,4593,258218521.0,3947.0,3905.0,3969.0,3918.0,3928.0,3911.0,65745,3928.0,3928.0,3918.0,238670082.0,238670082.0,238670082.0,0.0,3,SUR,-0.91,
TQBR,2021-03-17,ÔמסÀדנמ אמ,PHOR,7537,610181631.0,3930.0,3911.0,4016.0,3979.0,3954.0,3985.0,154311,3950.0,3950.0,3979.0,532575811.0,532575811.0,532575811.0,0.0,3,SUR,1.89,
TQBR,2021-03-18,ÔמסÀדנמ אמ,PHOR,9491,651137403.0,4000.0,3933.0,4018.0,3980.0,3971.0,3947.0,163962,3972.0,3972.0,3980.0,622022992.0,622022992.0,622022992.0,0.0,3,SUR,-0.95,
TQBR,2021-03-19,ÔמסÀדנמ אמ,PHOR,4932,403750031.0,3973.0,3912.0,3989.0,3940.0,3953.0,3945.0,102178,3953.0,3953.0,3940.0,376359686.0,376359686.0,376359686.0,0.0,3,SUR,-0.05,
TQBR,2021-03-22,ÔמסÀדנמ אמ,PHOR,4832,255913461.0,3949.0,3930.0,3976.0,3951.0,3954.0,3945.0,64718,3954.0,3954.0,3951.0,242836794.0,242836794.0,242836794.0,0.0,3,SUR,0.0,
TQBR,2021-03-23,ÔמסÀדנמ אמ,PHOR,10485,827387326.0,3956.0,3914.0,4120.0,4076.0,4051.0,4066.0,204230,4050.0,4050.0,4076.0,792166661.0,792166661.0,792166661.0,0.0,3,SUR,3.07,
TQBR,2021-03-24,ÔמסÀדנמ אמ,PHOR,7760,628391609.0,4094.0,4010.0,4117.0,4117.0,4055.0,4097.0,154822,4057.0,4057.0,4117.0,592586586.0,592586586.0,592586586.0,0.0,3,SUR,0.76,
TQBR,2021-03-25,ÔמסÀדנמ אמ,PHOR,3851,308251777.0,4106.0,4033.0,4111.0,4104.0,4071.0,4081.0,75727,4070.0,4070.0,4104.0,294184003.0,294184003.0,294184003.0,0.0,3,SUR,-0.39,
TQBR,2021-03-26,ÔמסÀדנמ אמ,PHOR,4135,288168077.0,4086.0,4040.0,4115.0,4070.0,4077.0,4098.0,70706,4074.0,4074.0,4070.0,250137346.0,250137346.0,250137346.0,0.0,3,SUR,0.42,
TQBR,2021-03-29,ÔמסÀדנמ אמ,PHOR,3669,252030414.0,4105.0,4075.0,4132.0,4095.0,4096.0,4104.0,61535,4093.0,4093.0,4095.0,221534435.0,221534435.0,221534435.0,0.0,3,SUR,0.15,
TQBR,2021-03-30,ÔמסÀדנמ אמ,PHOR,3379,193710146.0,4102.0,4079.0,4113.0,4102.0,4096.0,4079.0,47292,4097.0,4097.0,4102.0,179831592.0,179831592.0,179831592.0,0.0,3,SUR,-0.61,
TQBR,2021-03-31,ÔמסÀדנמ אמ,PHOR,4940,333007351.0,4079.0,4029.0,4099.0,4047.0,4058.0,4073.0,82069,4057.0,4057.0,4047.0,323037709.0,323037709.0,323037709.0,0.0,3,SUR,-0.15,
TQBR,2021-04-01,ÔמסÀדנמ אמ,PHOR,6230,486508564.0,4036.0,4036.0,4145.0,4120.0,4119.0,4128.0,118123,4119.0,4119.0,4120.0,471303047.0,471303047.0,471303047.0,0.0,3,SUR,1.35,
TQBR,2021-04-02,ÔמסÀדנמ אמ,PHOR,5313,250639800.0,4129.0,4126.0,4240.0,4205.0,4195.0,4240.0,59754,4192.0,4192.0,4205.0,231426520.0,231426520.0,231426520.0,0.0,3,SUR,2.71,
TQBR,2021-04-05,ÔמסÀדנמ אמ,PHOR,4817,250629998.0,4237.0,4150.0,4237.0,4194.0,4204.0,4163.0,59641,4207.0,4207.0,4194.0,218285386.0,218285386.0,218285386.0,0.0,3,SUR,-1.82,
TQBR,2021-04-06,ÔמסÀדנמ אמ,PHOR,4042,234648072.0,4179.0,4120.0,4192.0,4168.0,4151.0,4149.0,56527,4151.0,4151.0,4168.0,217750503.0,217750503.0,217750503.0,0.0,3,SUR,-0.34,
TQBR,2021-04-07,ÔמסÀדנמ אמ,PHOR,8003,1076047130.0,4149.0,4149.0,4270.0,4184.0,4220.0,4183.0,255019,4220.0,4220.0,4184.0,1055397341.0,1055397341.0,1055397341.0,0.0,3,SUR,0.82,
TQBR,2021-04-08,ÔמסÀדנמ אמ,PHOR,8665,809372571.0,4214.0,4186.0,4380.0,4353.0,4282.0,4360.0,188869,4280.0,4280.0,4353.0,752980989.0,752980989.0,752980989.0,0.0,3,SUR,4.23,
TQBR,2021-04-09,ÔמסÀדנמ אמ,PHOR,8108,563958758.0,4345.0,4328.0,4409.0,4340.0,4377.0,4352.0,128839,4378.0,4378.0,4340.0,537785750.0,537785750.0,537785750.0,0.0,3,SUR,-0.18,
TQBR,2021-04-12,ÔמסÀדנמ אמ,PHOR,6799,503672110.0,4354.0,4307.0,4393.0,4380.0,4351.0,4369.0,115766,4350.0,4350.0,4380.0,491281795.0,491281795.0,491281795.0,0.0,3,SUR,0.39,
TQBR,2021-04-13,ÔמסÀדנמ אמ,PHOR,6867,711721239.0,4369.0,4352.0,4475.0,4416.0,4397.0,4390.0,161860,4397.0,4397.0,4416.0,673764184.0,673764184.0,673764184.0,0.0,3,SUR,0.48,
TQBR,2021-04-14,ÔמסÀדנמ אמ,PHOR,6501,629256365.0,4422.0,4302.0,4432.0,4367.0,4362.0,4376.0,144273,4361.0,4361.0,4367.0,607740736.0,607740736.0,607740736.0,0.0,3,SUR,-0.32,
TQBR,2021-04-15,ÔמסÀדנמ אמ,PHOR,5480,431163389.0,4385.0,4385.0,4445.0,4399.0,4413.0,4430.0,97693,4413.0,4413.0,4399.0,401198292.0,401198292.0,401198292.0,0.0,3,SUR,1.23,
TQBR,2021-04-16,ÔמסÀדנמ אמ,PHOR,7876,505230555.0,4470.0,4355.0,4470.0,4396.0,4382.0,4390.0,115284,4382.0,4382.0,4396.0,475684498.0,475684498.0,475684498.0,0.0,3,SUR,-0.9,
TQBR,2021-04-19,ÔמסÀדנמ אמ,PHOR,5833,415794349.0,4390.0,4356.0,4498.0,4466.0,4453.0,4471.0,93366,4451.0,4451.0,4466.0,381297843.0,381297843.0,381297843.0,0.0,3,SUR,1.85,
TQBR,2021-04-20,ÔמסÀדנמ אמ,PHOR,9080,649241136.0,4487.0,3894.0,4549.0,4500.0,4476.0,4485.0,145058,4511.0,4511.0,4500.0,488904251.0,488904251.0,488904251.0,0.0,3,SUR,0.31,
TQBR,2021-04-21,ÔמסÀדנמ אמ,PHOR,5050,336845292.0,4496.0,4473.0,4555.0,4495.0,4517.0,4507.0,74570,4518.0,4518.0,4495.0,315184627.0,315184627.0,315184627.0,0.0,3,SUR,0.49,
TQBR,2021-04-22,ÔמסÀדנמ אמ,PHOR,7044,453405480.0,4540.0,4412.0,4540.0,4438.0,4445.0,4433.0,102004,4445.0,4445.0,4438.0,418784559.0,418784559.0,418784559.0,0.0,3,SUR,-1.64,
TQBR,2021-04-23,ÔמסÀדנמ אמ,PHOR,5058,351572146.0,4451.0,4369.0,4451.0,4391.0,4403.0,4412.0,79842,4403.0,4403.0,4391.0,327285242.0,327285242.0,327285242.0,0.0,3,SUR,-0.47,
TQBR,2021-04-26,ÔמסÀדנמ אמ,PHOR,4301,244578427.0,4445.0,4385.0,4463.0,4385.0,4407.0,4395.0,55497,4408.0,4408.0,4385.0,225844370.0,225844370.0,225844370.0,0.0,3,SUR,-0.39,
TQBR,2021-04-27,ÔמסÀדנמ אמ,PHOR,5937,296720623.0,4384.0,4325.0,4415.0,4345.0,4374.0,4331.0,67834,4377.0,4377.0,4345.0,277888742.0,277888742.0,277888742.0,0.0,3,SUR,-1.46,
TQBR,2021-04-28,ÔמסÀדנמ אמ,PHOR,8274,597929443.0,4331.0,4264.0,4389.0,4345.0,4322.0,4343.0,138364,4320.0,4320.0,4345.0,574425296.0,574425296.0,574425296.0,0.0,3,SUR,0.28,
TQBR,2021-04-29,ÔמסÀדנמ אמ,PHOR,5647,368344882.0,4376.0,4303.0,4377.0,4358.0,4344.0,4353.0,84804,4344.0,4344.0,4358.0,347243787.0,347243787.0,347243787.0,0.0,3,SUR,0.23,
TQBR,2021-04-30,ÔמסÀדנמ אמ,PHOR,6255,513702241.0,4362.0,4338.0,4413.0,4367.0,4380.0,4360.0,117335,4380.0,4380.0,4367.0,477020977.0,477020977.0,477020977.0,0.0,3,SUR,0.16,
TQBR,2021-05-04,ÔמסÀדנמ אמ,PHOR,6843,596525260.0,4364.0,4346.0,4410.0,4363.0,4375.0,4376.0,136378,4374.0,4374.0,4363.0,577145178.0,577145178.0,577145178.0,0.0,3,SUR,0.37,
TQBR,2021-05-05,ÔמסÀדנמ אמ,PHOR,6556,500396105.0,4392.0,4319.0,4399.0,4320.0,4347.0,4354.0,115123,4347.0,4347.0,4320.0,480689246.0,480689246.0,480689246.0,0.0,3,SUR,-0.5,
TQBR,2021-05-06,ÔמסÀדנמ אמ,PHOR,5215,376687909.0,4371.0,4323.0,4397.0,4374.0,4369.0,4384.0,86219,4369.0,4369.0,4374.0,368918103.0,368918103.0,368918103.0,0.0,3,SUR,0.69,
TQBR,2021-05-07,ÔמסÀדנמ אמ,PHOR,3317,211102848.0,4384.0,4348.0,4398.0,4375.0,4371.0,4375.0,48296,4371.0,4371.0,4375.0,193473008.0,193473008.0,193473008.0,0.0,3,SUR,-0.21,
TQBR,2021-05-10,ÔמסÀדנמ אמ,PHOR,5620,269935413.0,4375.0,4252.0,4395.0,4300.0,4336.0,4304.0,62259,4340.0,4340.0,4300.0,236622196.0,236622196.0,236622196.0,0.0,3,SUR,-1.62,
TQBR,2021-05-11,ÔמסÀדנמ אמ,PHOR,4877,340459211.0,4300.0,4280.0,4387.0,4367.0,4335.0,4361.0,78533,4332.0,4332.0,4367.0,310072814.0,310072814.0,310072814.0,0.0,3,SUR,1.32,
TQBR,2021-05-12,ÔמסÀדנמ אמ,PHOR,5076,266760374.0,4365.0,4317.0,4387.0,4325.0,4349.0,4332.0,61343,4350.0,4350.0,4325.0,250684297.0,250684297.0,250684297.0,0.0,3,SUR,-0.66,
TQBR,2021-05-13,ÔמסÀדנמ אמ,PHOR,4418,265227453.0,4345.0,4279.0,4364.0,4338.0,4316.0,4331.0,61453,4315.0,4315.0,4338.0,256978029.0,256978029.0,256978029.0,0.0,3,SUR,-0.02,
TQBR,2021-05-14,ÔמסÀדנמ אמ,PHOR,3459,120525280.0,4340.0,4278.0,4362.0,4289.0,4315.0,4294.0,27933,4317.0,4317.0,4289.0,108945992.0,108945992.0,108945992.0,0.0,3,SUR,-0.85,
TQBR,2021-05-17,ÔמסÀדנמ אמ,PHOR,3888,254844888.0,4283.0,4263.0,4352.0,4319.0,4302.0,4345.0,59245,4300.0,4300.0,4319.0,237147244.0,237147244.0,237147244.0,0.0,3,SUR,1.19,
TQBR,2021-05-18,ÔמסÀדנמ אמ,PHOR,8577,622497060.0,4318.0,4302.0,4538.0,4510.0,4484.0,4517.0,138918,4478.0,4478.0,4510.0,577755124.0,577755124.0,577755124.0,0.0,3,SUR,3.96,
TQBR,2021-05-19,ÔמסÀדנמ אמ,PHOR,6530,619664378.0,4550.0,4381.0,4589.0,4401.0,4452.0,4424.0,139182,4454.0,4454.0,4401.0,590660599.0,590660599.0,590660599.0,0.0,3,SUR,-2.06,
TQBR,2021-05-20,ÔמסÀדנמ אמ,PHOR,6087,532067908.0,4424.0,4402.0,4581.0,4547.0,4499.0,4572.0,118281,4493.0,4493.0,4547.0,493263661.0,493263661.0,493263661.0,0.0,3,SUR,3.35,
TQBR,2021-05-21,ÔמסÀדנמ אמ,PHOR,5998,513863343.0,4575.0,4515.0,4655.0,4557.0,4581.0,4551.0,112216,4580.0,4580.0,4557.0,494165567.0,494165567.0,494165567.0,0.0,3,SUR,-0.46,
TQBR,2021-05-24,ÔמסÀדנמ אמ,PHOR,4240,299287996.0,4551.0,4526.0,4618.0,4552.0,4579.0,4566.0,65362,4580.0,4580.0,4552.0,281761759.0,281761759.0,281761759.0,0.0,3,SUR,0.33,
TQBR,2021-05-25,ÔמסÀדנמ אמ,PHOR,5189,378538495.0,4589.0,4564.0,4652.0,4639.0,4611.0,4641.0,82098,4608.0,4608.0,4639.0,334678808.0,334678808.0,334678808.0,0.0,3,SUR,1.64,
TQBR,2021-05-26,ÔמסÀדנמ אמ,PHOR,6692,374286823.0,4654.0,4550.0,4695.0,4557.0,4605.0,4576.0,81271,4608.0,4608.0,4557.0,352741948.0,352741948.0,352741948.0,0.0,3,SUR,-1.4,
TQBR,2021-05-27,ÔמסÀדנמ אמ,PHOR,12883,686352649.0,4576.0,4405.0,4577.0,4499.0,4455.0,4501.0,154075,4453.0,4453.0,4499.0,663100405.0,663100405.0,663100405.0,0.0,3,SUR,-1.64,
TQBR,2021-05-28,ÔמסÀדנמ אמ,PHOR,6723,441337516.0,4501.0,4501.0,4665.0,4654.0,4593.0,4658.0,96086,4589.0,4589.0,4654.0,410124583.0,410124583.0,410124583.0,0.0,3,SUR,3.49,
TQBR,2021-05-31,ÔמסÀדנמ אמ,PHOR,7007,471749597.0,4693.0,4639.0,4750.0,4651.0,4700.0,4668.0,100367,4702.0,4702.0,4651.0,449534971.0,449534971.0,449534971.0,0.0,3,SUR,0.21,
TQBR,2021-06-01,ÔמסÀדנמ אמ,PHOR,4888,339455132.0,4700.0,4652.0,4722.0,4677.0,4689.0,4693.0,72401,4689.0,4689.0,4677.0,326265423.0,326265423.0,326265423.0,0.0,3,SUR,0.54,
TQBR,2021-06-02,ÔמסÀדנמ אמ,PHOR,5010,361204245.0,4698.0,4670.0,4724.0,4698.0,4698.0,4723.0,76880,4697.0,4697.0,4698.0,335440436.0,335440436.0,335440436.0,0.0,3,SUR,0.64,
TQBR,2021-06-03,ÔמסÀדנמ אמ,PHOR,7114,584168456.0,4720.0,4672.0,4781.0,4695.0,4730.0,4717.0,123513,4733.0,4733.0,4695.0,522919097.0,522919097.0,522919097.0,0.0,3,SUR,-0.13,
TQBR,2021-06-04,ÔמסÀדנמ אמ,PHOR,4634,294093490.0,4662.0,4650.0,4747.0,4728.0,4701.0,4743.0,62580,4698.0,4698.0,4728.0,283581788.0,283581788.0,283581788.0,0.0,3,SUR,0.55,
TQBR,2021-06-07,ÔמסÀדנמ אמ,PHOR,5070,342311131.0,4750.0,4740.0,4816.0,4743.0,4814.0,4764.0,71751,4771.0,4771.0,4743.0,321658348.0,321658348.0,321658348.0,0.0,3,SUR,0.44,
TQBR,2021-06-08,ÔמסÀדנמ אמ,PHOR,9576,795876219.0,4764.0,4753.0,4988.0,4960.0,4891.0,4962.0,162740,4885.0,4885.0,4960.0,742505674.0,742505674.0,742505674.0,0.0,3,SUR,4.16,
TQBR,2021-06-09,ÔמסÀדנמ אמ,PHOR,7742,791653111.0,4998.0,4886.0,4998.0,4917.0,4931.0,4937.0,160533,4932.0,4932.0,4917.0,740062816.0,740062816.0,740062816.0,0.0,3,SUR,-0.5,
TQBR,2021-06-10,ÔמסÀדנמ אמ,PHOR,7860,659914153.0,4937.0,4858.0,4970.0,4970.0,4910.0,4947.0,134408,4908.0,4908.0,4970.0,631844550.0,631844550.0,631844550.0,0.0,3,SUR,0.2,
TQBR,2021-06-11,ÔמסÀדנמ אמ,PHOR,6718,501210039.0,4919.0,4919.0,5040.0,4988.0,4980.0,5014.0,100653,4977.0,4977.0,4988.0,460362163.0,460362163.0,460362163.0,0.0,3,SUR,1.35,
TQBR,2021-06-14,ÔמסÀדנמ אמ,PHOR,6261,441975526.0,4999.0,4997.0,5120.0,5090.0,5087.0,5103.0,86887,5084.0,5084.0,5090.0,389222569.0,389222569.0,389222569.0,0.0,3,SUR,1.78,
TQBR,2021-06-15,ÔמסÀדנמ אמ,PHOR,13707,952058498.0,5139.0,4890.0,5164.0,4906.0,5008.0,4940.0,190103,5015.0,5015.0,4906.0,870624788.0,870624788.0,870624788.0,0.0,3,SUR,-3.19,
TQBR,2021-06-16,ÔמסÀדנמ אמ,PHOR,9813,947715280.0,4930.0,4875.0,5052.0,4961.0,4961.0,5015.0,191044,4956.0,4956.0,4961.0,847265275.0,847265275.0,847265275.0,0.0,3,SUR,1.52,
TQBR,2021-06-17,ÔמסÀדנמ אמ,PHOR,11366,865860609.0,5007.0,4806.0,5018.0,4830.0,4910.0,4842.0,176358,4915.0,4915.0,4830.0,796633415.0,796633415.0,796633415.0,0.0,3,SUR,-3.45,
TQBR,2021-06-18,ÔמסÀדנמ אמ,PHOR,6989,573157921.0,4842.0,4780.0,4879.0,4853.0,4829.0,4845.0,118680,4827.0,4827.0,4853.0,541180298.0,541180298.0,541180298.0,0.0,3,SUR,0.06,
TQBR,2021-06-21,ÔמסÀדנמ אמ,PHOR,6890,518760974.0,4855.0,4842.0,4975.0,4916.0,4906.0,4929.0,105756,4905.0,4905.0,4916.0,498336287.0,498336287.0,498336287.0,0.0,3,SUR,1.73,
TQBR,2021-06-22,ÔמסÀדנמ אמ,PHOR,5561,482379323.0,4929.0,4913.0,4971.0,4930.0,4940.0,4939.0,97656,4940.0,4940.0,4930.0,466071241.0,466071241.0,466071241.0,0.0,3,SUR,0.2,
TQBR,2021-06-23,ÔמסÀדנמ אמ,PHOR,5518,374857361.0,4958.0,4934.0,5000.0,4952.0,4963.0,4980.0,75523,4963.0,4963.0,4952.0,357109652.0,357109652.0,357109652.0,0.0,3,SUR,0.83,
TQBR,2021-06-24,ÔמסÀדנמ אמ,PHOR,7703,483066038.0,4984.0,4803.0,5007.0,4820.0,4870.0,4873.0,99195,4872.0,4872.0,4820.0,394257265.0,394257265.0,394257265.0,0.0,3,SUR,-2.15,
TQBR,2021-06-25,ÔמסÀדנמ אמ,PHOR,6163,409454289.0,4896.0,4768.0,4896.0,4816.0,4806.0,4820.0,85196,4805.0,4805.0,4816.0,374752966.0,374752966.0,374752966.0,0.0,3,SUR,-1.09,
TQBR,2021-06-28,ÔמסÀדנמ אמ,PHOR,5674,400106057.0,4830.0,4778.0,4873.0,4809.0,4805.0,4810.0,83269,4805.0,4805.0,4809.0,382773518.0,382773518.0,382773518.0,0.0,3,SUR,-0.21,
TQBR,2021-06-29,ÔמסÀדנמ אמ,PHOR,8680,482419880.0,4825.0,4674.0,4834.0,4700.0,4729.0,4717.0,102198,4721.0,4721.0,4700.0,465321666.0,465321666.0,465321666.0,0.0,3,SUR,-1.93,
TQBR,2021-06-30,ÔמסÀדנמ אמ,PHOR,8150,636581991.0,4710.0,4685.0,4796.0,4773.0,4742.0,4784.0,134437,4733.0,4733.0,4773.0,609052371.0,609052371.0,609052371.0,0.0,3,SUR,1.42,
TQBR,2021-07-01,ÔמסÀדנמ אמ,PHOR,8007,780989994.0,4800.0,4789.0,4896.0,4868.0,4866.0,4890.0,160694,4860.0,4860.0,4868.0,709229813.0,709229813.0,709229813.0,0.0,3,SUR,2.22,
TQBR,2021-07-02,ÔמסÀדנמ אמ,PHOR,8242,539928965.0,4812.0,4690.0,4818.0,4715.0,4753.0,4730.0,113599,4754.0,4754.0,4715.0,512955847.0,512955847.0,512955847.0,0.0,3,SUR,-3.27,
TQBR,2021-07-05,ÔמסÀדנמ אמ,PHOR,8481,1041318562.0,4730.0,4693.0,4834.0,4820.0,4771.0,4819.0,218243,4770.0,4770.0,4820.0,1020209896.0,1020209896.0,1020209896.0,0.0,3,SUR,1.88,
TQBR,2021-07-06,ÔמסÀדנמ אמ,PHOR,4443,320037293.0,4825.0,4774.0,4852.0,4815.0,4820.0,4799.0,66399,4820.0,4820.0,4815.0,310860258.0,310860258.0,310860258.0,0.0,3,SUR,-0.42,
TQBR,2021-07-07,ÔמסÀדנמ אמ,PHOR,5210,265032947.0,4812.0,4796.0,4859.0,4835.0,4830.0,4826.0,54869,4830.0,4830.0,4835.0,253221658.0,253221658.0,253221658.0,0.0,3,SUR,0.56,
TQBR,2021-07-08,ÔמסÀדנמ אמ,PHOR,5652,568952998.0,4846.0,4775.0,4852.0,4820.0,4820.0,4799.0,118039,4821.0,4821.0,4820.0,551631584.0,551631584.0,551631584.0,0.0,3,SUR,-0.56,
TQBR,2021-07-09,ÔמסÀדנמ אמ,PHOR,4785,506036974.0,4799.0,4767.0,4830.0,4799.0,4793.0,4797.0,105571,4793.0,4793.0,4799.0,499140941.0,499140941.0,499140941.0,0.0,3,SUR,-0.04,
TQBR,2021-07-12,ÔמסÀדנמ אמ,PHOR,3893,307252664.0,4800.0,4726.0,4818.0,4799.0,4782.0,4789.0,64256,4785.0,4785.0,4799.0,261293462.0,261293462.0,261293462.0,0.0,3,SUR,-0.17,
TQBR,2021-07-13,ÔמסÀדנמ אמ,PHOR,3637,364304475.0,4763.0,4751.0,4811.0,4800.0,4782.0,4794.0,76179,4782.0,4782.0,4800.0,347140420.0,347140420.0,347140420.0,0.0,3,SUR,0.1,
TQBR,2021-07-14,ÔמסÀדנמ אמ,PHOR,4552,385982905.0,4795.0,4757.0,4844.0,4820.0,4793.0,4802.0,80537,4791.0,4791.0,4820.0,358304902.0,358304902.0,358304902.0,0.0,3,SUR,0.17,
TQBR,2021-07-15,ÔמסÀדנמ אמ,PHOR,3266,224798886.0,4820.0,4772.0,4844.0,4790.0,4803.0,4792.0,46803,4803.0,4803.0,4790.0,217815104.0,217815104.0,217815104.0,0.0,3,SUR,-0.21,
TQBR,2021-07-16,ÔמסÀדנמ אמ,PHOR,4497,266314772.0,4820.0,4706.0,4841.0,4731.0,4758.0,4711.0,55970,4762.0,4762.0,4731.0,246348932.0,246348932.0,246348932.0,0.0,3,SUR,-1.69,
TQBR,2021-07-19,ÔמסÀדנמ אמ,PHOR,7120,372163383.0,4711.0,4470.0,4759.0,4710.0,4700.0,4638.0,79179,4728.0,4728.0,4710.0,272911987.0,272911987.0,272911987.0,0.0,3,SUR,-1.55,
TQBR,2021-07-20,ÔמסÀדנמ אמ,PHOR,3651,243142587.0,4670.0,4632.0,4695.0,4688.0,4656.0,4672.0,52223,4655.0,4655.0,4688.0,230076133.0,230076133.0,230076133.0,0.0,3,SUR,0.73,
TQBR,2021-07-21,ÔמסÀדנמ אמ,PHOR,3382,139834371.0,4680.0,4664.0,4750.0,4723.0,4710.0,4709.0,29691,4710.0,4710.0,4723.0,118785169.0,118785169.0,118785169.0,0.0,3,SUR,0.79,
TQBR,2021-07-22,ÔמסÀדנמ אמ,PHOR,3461,157099723.0,4749.0,4665.0,4749.0,4710.0,4688.0,4706.0,33508,4688.0,4688.0,4710.0,152685358.0,152685358.0,152685358.0,0.0,3,SUR,-0.06,
TQBR,2021-07-23,ÔמסÀדנמ אמ,PHOR,3732,160054608.0,4701.0,4640.0,4722.0,4680.0,4679.0,4687.0,34205,4680.0,4680.0,4680.0,141968393.0,141968393.0,141968393.0,0.0,3,SUR,-0.4,
TQBR,2021-07-26,ÔמסÀדנמ אמ,PHOR,3004,151954768.0,4680.0,4660.0,4708.0,4686.0,4688.0,4703.0,32413,4687.0,4687.0,4686.0,138112337.0,138112337.0,138112337.0,0.0,3,SUR,0.34,
TQBR,2021-07-27,ÔמסÀדנמ אמ,PHOR,4711,206952277.0,4686.0,4610.0,4712.0,4621.0,4649.0,4637.0,44520,4651.0,4651.0,4621.0,182115920.0,182115920.0,182115920.0,0.0,3,SUR,-1.4,
TQBR,2021-07-28,ÔמסÀדנמ אמ,PHOR,3742,269971754.0,4660.0,4606.0,4697.0,4667.0,4668.0,4665.0,57829,4669.0,4669.0,4667.0,241631945.0,241631945.0,241631945.0,0.0,3,SUR,0.6,
TQBR,2021-07-29,ÔמסÀדנמ אמ,PHOR,4830,272220413.0,4675.0,4637.0,4743.0,4699.0,4707.0,4718.0,57831,4707.0,4707.0,4699.0,260464723.0,260464723.0,260464723.0,0.0,3,SUR,1.14,
TQBR,2021-07-30,ÔמסÀדנמ אמ,PHOR,8322,613883161.0,4709.0,4603.0,4734.0,4603.0,4642.0,4637.0,132253,4643.0,4643.0,4603.0,584319915.0,584319915.0,584319915.0,0.0,3,SUR,-1.72,
TQBR,2021-08-02,ÔמסÀדנמ אמ,PHOR,10407,554906314.0,4637.0,4522.0,4655.0,4550.0,4573.0,4561.0,121328,4574.0,4574.0,4550.0,527782861.0,527782861.0,527782861.0,0.0,3,SUR,-1.64,
TQBR,2021-08-03,ÔמסÀדנמ אמ,PHOR,5706,377325804.0,4582.0,4538.0,4641.0,4613.0,4580.0,4632.0,82386,4576.0,4576.0,4613.0,343856331.0,343856331.0,343856331.0,0.0,3,SUR,1.56,
TQBR,2021-08-04,ÔמסÀדנמ אמ,PHOR,6212,367722483.0,4645.0,4603.0,4689.0,4614.0,4637.0,4611.0,79297,4638.0,4638.0,4614.0,355383251.0,355383251.0,355383251.0,0.0,3,SUR,-0.45,
TQBR,2021-08-05,ÔמסÀדנמ אמ,PHOR,5867,391363788.0,4597.0,4546.0,4608.0,4571.0,4573.0,4605.0,85589,4572.0,4572.0,4571.0,370064435.0,370064435.0,370064435.0,0.0,3,SUR,-0.13,
TQBR,2021-08-06,ÔמסÀדנמ אמ,PHOR,6735,351637448.0,4605.0,4555.0,4629.0,4573.0,4584.0,4616.0,76708,4579.0,4579.0,4573.0,300096123.0,300096123.0,300096123.0,0.0,3,SUR,0.24,
TQBR,2021-08-09,ÔמסÀדנמ אמ,PHOR,9912,795623435.0,4610.0,4598.0,4798.0,4765.0,4719.0,4771.0,168545,4718.0,4718.0,4765.0,755860250.0,755860250.0,755860250.0,0.0,3,SUR,3.36,
TQBR,2021-08-10,ÔמסÀדנמ אמ,PHOR,7140,440251693.0,4785.0,4712.0,4785.0,4723.0,4737.0,4752.0,92943,4736.0,4736.0,4723.0,415352060.0,415352060.0,415352060.0,0.0,3,SUR,-0.4,
TQBR,2021-08-11,ÔמסÀדנמ אמ,PHOR,4660,344792457.0,4741.0,4721.0,4774.0,4732.0,4748.0,4734.0,72615,4748.0,4748.0,4732.0,325601021.0,325601021.0,325601021.0,0.0,3,SUR,-0.38,
TQBR,2021-08-12,ÔמסÀדנמ אמ,PHOR,4895,307492168.0,4762.0,4706.0,4765.0,4718.0,4737.0,4741.0,64908,4737.0,4737.0,4718.0,296459923.0,296459923.0,296459923.0,0.0,3,SUR,0.15,
TQBR,2021-08-13,ÔמסÀדנמ אמ,PHOR,4352,205362812.0,4741.0,4681.0,4741.0,4703.0,4708.0,4721.0,43616,4708.0,4708.0,4703.0,192976361.0,192976361.0,192976361.0,0.0,3,SUR,-0.42,
TQBR,2021-08-16,ÔמסÀדנמ אמ,PHOR,5304,299987937.0,4710.0,4659.0,4753.0,4690.0,4698.0,4715.0,63852,4698.0,4698.0,4690.0,287859410.0,287859410.0,287859410.0,0.0,3,SUR,-0.13,
TQBR,2021-08-17,ÔמסÀדנמ אמ,PHOR,6843,373062429.0,4713.0,4624.0,4730.0,4635.0,4658.0,4627.0,80087,4661.0,4661.0,4635.0,340081820.0,340081820.0,340081820.0,0.0,3,SUR,-1.87,
TQBR,2021-08-18,ÔמסÀדנמ אמ,PHOR,7970,382795557.0,4620.0,4566.0,4645.0,4600.0,4594.0,4599.0,83326,4593.0,4593.0,4600.0,355285205.0,355285205.0,355285205.0,0.0,3,SUR,-0.61,
TQBR,2021-08-19,ÔמסÀדנמ אמ,PHOR,7173,492174937.0,4601.0,4545.0,4677.0,4633.0,4617.0,4623.0,106598,4616.0,4616.0,4633.0,474425990.0,474425990.0,474425990.0,0.0,3,SUR,0.52,
TQBR,2021-08-20,ÔמסÀדנמ אמ,PHOR,6428,429692423.0,4616.0,4532.0,4624.0,4580.0,4584.0,4585.0,93743,4584.0,4584.0,4580.0,418211677.0,418211677.0,418211677.0,0.0,3,SUR,-0.82,
TQBR,2021-08-23,ÔמסÀדנמ אמ,PHOR,4826,319181840.0,4614.0,4563.0,4614.0,4581.0,4579.0,4590.0,69701,4579.0,4579.0,4581.0,298028248.0,298028248.0,298028248.0,0.0,3,SUR,0.11,
TQBR,2021-08-24,ÔמסÀדנמ אמ,PHOR,5836,297782634.0,4611.0,4560.0,4620.0,4600.0,4588.0,4613.0,64901,4587.0,4587.0,4600.0,285586723.0,285586723.0,285586723.0,0.0,3,SUR,0.5,
TQBR,2021-08-25,ÔמסÀדנמ אמ,PHOR,3511,158914177.0,4617.0,4595.0,4674.0,4650.0,4629.0,4643.0,34327,4625.0,4625.0,4650.0,134553974.0,134553974.0,134553974.0,0.0,3,SUR,0.65,
TQBR,2021-08-26,ÔמסÀדנמ אמ,PHOR,3289,151207704.0,4663.0,4609.0,4686.0,4632.0,4649.0,4639.0,32525,4650.0,4650.0,4632.0,143656437.0,143656437.0,143656437.0,0.0,3,SUR,-0.09,
TQBR,2021-08-27,ÔמסÀדנמ אמ,PHOR,4163,234475525.0,4632.0,4598.0,4667.0,4654.0,4631.0,4650.0,50631,4629.0,4629.0,4654.0,210771644.0,210771644.0,210771644.0,0.0,3,SUR,0.24,
TQBR,2021-08-30,ÔמסÀדנמ אמ,PHOR,6091,380687950.0,4660.0,4660.0,4739.0,4722.0,4713.0,4700.0,80773,4715.0,4715.0,4722.0,307041605.0,307041605.0,307041605.0,0.0,3,SUR,1.08,
TQBR,2021-08-31,ÔמסÀדנמ אמ,PHOR,14225,1497972686.0,4726.0,4701.0,4910.0,4865.0,4834.0,4874.0,309897,4833.0,4833.0,4865.0,1450650296.0,1450650296.0,1450650296.0,0.0,3,SUR,3.7,
TQBR,2021-09-01,ÔמסÀדנמ אמ,PHOR,11918,810842475.0,4884.0,4679.0,4887.0,4730.0,4742.0,4755.0,170993,4741.0,4741.0,4730.0,741852290.0,741852290.0,741852290.0,0.0,3,SUR,-2.44,
TQBR,2021-09-02,ÔמסÀדנמ אמ,PHOR,15863,683874871.0,4755.0,4642.0,4765.0,4687.0,4669.0,4677.0,146438,4670.0,4670.0,4687.0,650139462.0,650139462.0,650139462.0,0.0,3,SUR,-1.64,
TQBR,2021-09-03,ÔמסÀדנמ אמ,PHOR,8596,752233982.0,4694.0,4653.0,4753.0,4723.0,4717.0,4724.0,159554,4714.0,4714.0,4723.0,724615516.0,724615516.0,724615516.0,0.0,3,SUR,1.0,
TQBR,2021-09-06,ÔמסÀדנמ אמ,PHOR,10987,820704180.0,4741.0,4733.0,4843.0,4833.0,4795.0,4801.0,171148,4794.0,4794.0,4833.0,786484546.0,786484546.0,786484546.0,0.0,3,SUR,1.63,
TQBR,2021-09-07,ÔמסÀדנמ אמ,PHOR,7857,589921370.0,4837.0,4816.0,4929.0,4923.0,4878.0,4902.0,120933,4876.0,4876.0,4923.0,548239201.0,548239201.0,548239201.0,0.0,3,SUR,2.1,
TQBR,2021-09-08,ÔמסÀדנמ אמ,PHOR,9591,763255931.0,4910.0,4758.0,4970.0,4946.0,4899.0,4937.0,155789,4896.0,4896.0,4946.0,710134891.0,710134891.0,710134891.0,0.0,3,SUR,0.71,
TQBR,2021-09-09,ÔמסÀדנמ אמ,PHOR,7616,486939876.0,4966.0,4819.0,4966.0,4834.0,4859.0,4826.0,100214,4860.0,4860.0,4834.0,463709019.0,463709019.0,463709019.0,0.0,3,SUR,-2.25,
TQBR,2021-09-10,ÔמסÀדנמ אמ,PHOR,6412,424832478.0,4827.0,4767.0,4841.0,4807.0,4801.0,4825.0,88482,4799.0,4799.0,4807.0,393124466.0,393124466.0,393124466.0,0.0,3,SUR,-0.02,
TQBR,2021-09-13,ÔמסÀדנמ אמ,PHOR,6468,367717440.0,4840.0,4802.0,4910.0,4891.0,4860.0,4907.0,75665,4857.0,4857.0,4891.0,336252715.0,336252715.0,336252715.0,0.0,3,SUR,1.7,
TQBR,2021-09-14,ÔמסÀדנמ אמ,PHOR,19459,1454706727.0,4925.0,4911.0,5190.0,5137.0,5071.0,5140.0,286882,5066.0,5066.0,5137.0,1321796050.0,1321796050.0,1321796050.0,0.0,3,SUR,4.75,
TQBR,2021-09-15,ÔמסÀדנמ אמ,PHOR,12889,1031288415.0,5149.0,4964.0,5174.0,5009.0,5042.0,5051.0,204522,5043.0,5043.0,5009.0,998142725.0,998142725.0,998142725.0,0.0,3,SUR,-1.73,
TQBR,2021-09-16,ÔמסÀדנמ אמ,PHOR,10825,770240129.0,5012.0,5012.0,5139.0,5125.0,5106.0,5112.0,150843,5107.0,5107.0,5125.0,739466062.0,739466062.0,739466062.0,0.0,3,SUR,1.21,
TQBR,2021-09-17,ÔמסÀדנמ אמ,PHOR,13281,764659448.0,5118.0,4910.0,5118.0,4950.0,4973.0,4937.0,153753,4974.0,4974.0,4950.0,705936085.0,705936085.0,705936085.0,0.0,3,SUR,-3.42,
TQBR,2021-09-20,ÔמסÀדנמ אמ,PHOR,13059,903576626.0,4949.0,4830.0,4990.0,4938.0,4911.0,4910.0,184002,4910.0,4910.0,4938.0,811550771.0,811550771.0,811550771.0,0.0,3,SUR,-0.55,
TQBR,2021-09-21,ÔמסÀדנמ אמ,PHOR,10327,778617855.0,4985.0,4927.0,5069.0,5034.0,5015.0,5015.0,155253,5016.0,5016.0,5034.0,704114210.0,704114210.0,704114210.0,0.0,3,SUR,2.14,
TQBR,2021-09-22,ÔמסÀדנמ אמ,PHOR,11167,890283589.0,5069.0,5024.0,5159.0,5140.0,5097.0,5145.0,174673,5093.0,5093.0,5140.0,780059582.0,780059582.0,780059582.0,0.0,3,SUR,2.59,
TQBR,2021-09-23,ÔמסÀדנמ אמ,PHOR,11879,845048072.0,4970.0,4956.0,5043.0,4985.0,4996.0,4997.0,169140,4996.0,4996.0,4985.0,791567639.0,791567639.0,791567639.0,0.0,3,SUR,-2.88,
TQBR,2021-09-24,ÔמסÀדנמ אמ,PHOR,5483,414185192.0,4996.0,4951.0,5050.0,5030.0,5007.0,5048.0,82726,5004.0,5004.0,5030.0,382747823.0,382747823.0,382747823.0,0.0,3,SUR,1.02,
TQBR,2021-09-27,ÔמסÀדנמ אמ,PHOR,4950,359794509.0,5061.0,4975.0,5075.0,5016.0,5017.0,5019.0,71712,5017.0,5017.0,5016.0,339977389.0,339977389.0,339977389.0,0.0,3,SUR,-0.57,
TQBR,2021-09-28,ÔמסÀדנמ אמ,PHOR,11342,935391234.0,5019.0,4982.0,5183.0,5099.0,5109.0,5130.0,183164,5106.0,5106.0,5099.0,875934058.0,875934058.0,875934058.0,0.0,3,SUR,2.21,
TQBR,2021-09-29,ÔמסÀדנמ אמ,PHOR,6794,622845063.0,5198.0,5042.0,5240.0,5048.0,5107.0,5059.0,121941,5110.0,5110.0,5048.0,595089164.0,595089164.0,595089164.0,0.0,3,SUR,-1.38,
TQBR,2021-09-30,ÔמסÀדנמ אמ,PHOR,6604,523580590.0,5058.0,5013.0,5128.0,5119.0,5089.0,5111.0,102911,5087.0,5087.0,5119.0,491003378.0,491003378.0,491003378.0,0.0,3,SUR,1.03,
TQBR,2021-10-01,ÔמסÀדנמ אמ,PHOR,3991,316768559.0,5063.0,5034.0,5126.0,5117.0,5095.0,5115.0,62178,5094.0,5094.0,5117.0,300666599.0,300666599.0,300666599.0,0.0,3,SUR,0.08,
TQBR,2021-10-04,ÔמסÀדנמ אמ,PHOR,5892,351576507.0,5100.0,5015.0,5150.0,5032.0,5076.0,5026.0,69281,5079.0,5079.0,5032.0,323403321.0,323403321.0,323403321.0,0.0,3,SUR,-1.74,
TQBR,2021-10-05,ÔמסÀדנמ אמ,PHOR,6622,506055588.0,5025.0,5005.0,5090.0,5040.0,5044.0,5057.0,100331,5043.0,5043.0,5040.0,481107120.0,481107120.0,481107120.0,0.0,3,SUR,0.62,
TQBR,2021-10-06,ÔמסÀדנמ אמ,PHOR,17852,1613974802.0,5050.0,5043.0,5368.0,5315.0,5249.0,5334.0,307454,5245.0,5245.0,5315.0,1494140973.0,1494140973.0,1494140973.0,0.0,3,SUR,5.48,
TQBR,2021-10-07,ÔמסÀדנמ אמ,PHOR,14943,1332585453.0,5379.0,5271.0,5588.0,5528.0,5488.0,5549.0,242814,5486.0,5486.0,5528.0,1246078113.0,1246078113.0,1246078113.0,0.0,3,SUR,4.03,
TQBR,2021-10-08,ÔמסÀדנמ אמ,PHOR,16423,1565587213.0,5570.0,5541.0,5837.0,5696.0,5724.0,5737.0,273498,5726.0,5726.0,5696.0,1494941888.0,1494941888.0,1494941888.0,0.0,3,SUR,3.39,
TQBR,2021-10-11,ÔמסÀדנמ אמ,PHOR,14354,1192060523.0,5818.0,5651.0,5867.0,5695.0,5753.0,5701.0,207218,5755.0,5755.0,5695.0,1141965341.0,1141965341.0,1141965341.0,0.0,3,SUR,-0.63,
TQBR,2021-10-12,ÔמסÀדנמ אמ,PHOR,9471,587867741.0,5701.0,5562.0,5749.0,5593.0,5616.0,5589.0,104671,5618.0,5618.0,5593.0,548842031.0,548842031.0,548842031.0,0.0,3,SUR,-1.96,
TQBR,2021-10-13,ÔמסÀדנמ אמ,PHOR,14802,1282034279.0,5580.0,5355.0,5625.0,5511.0,5523.0,5542.0,232130,5523.0,5523.0,5511.0,1232452620.0,1232452620.0,1232452620.0,0.0,3,SUR,-0.84,
TQBR,2021-10-14,ÔמסÀדנמ אמ,PHOR,11062,799386425.0,5590.0,5523.0,5759.0,5706.0,5676.0,5735.0,140802,5675.0,5675.0,5706.0,753009707.0,753009707.0,753009707.0,0.0,3,SUR,3.48,
TQBR,2021-10-15,ÔמסÀדנמ אמ,PHOR,17070,1095729200.0,5694.0,5694.0,5946.0,5883.0,5851.0,5932.0,187302,5840.0,5840.0,5883.0,956971426.0,956971426.0,956971426.0,0.0,3,SUR,3.44,
TQBR,2021-10-18,ÔמסÀדנמ אמ,PHOR,13053,1024364066.0,5936.0,5658.0,6076.0,6010.0,5976.0,6016.0,171413,5982.0,5982.0,6010.0,896575985.0,896575985.0,896575985.0,0.0,3,SUR,1.42,
TQBR,2021-10-19,ÔמסÀדנמ אמ,PHOR,11470,1028049304.0,6007.0,5922.0,6130.0,5978.0,6020.0,6019.0,170781,6021.0,6021.0,5978.0,975484196.0,975484196.0,975484196.0,0.0,3,SUR,0.05,
TQBR,2021-10-20,ÔמסÀדנמ אמ,PHOR,10024,699921119.0,5961.0,5835.0,6067.0,5868.0,5908.0,5887.0,118463,5910.0,5910.0,5868.0,619422176.0,619422176.0,619422176.0,0.0,3,SUR,-2.19,
TQBR,2021-10-21,ÔמסÀדנמ אמ,PHOR,9909,600959548.0,5886.0,5800.0,5990.0,5812.0,5896.0,5871.0,101932,5900.0,5900.0,5812.0,559046027.0,559046027.0,559046027.0,0.0,3,SUR,-0.27,
TQBR,2021-10-22,ÔמסÀדנמ אמ,PHOR,10567,813928905.0,5840.0,5686.0,5918.0,5714.0,5798.0,5702.0,140381,5804.0,5804.0,5714.0,762555719.0,762555719.0,762555719.0,0.0,3,SUR,-2.88,
TQBR,2021-10-25,ÔמסÀדנמ אמ,PHOR,8642,573283654.0,5711.0,5703.0,5860.0,5820.0,5804.0,5853.0,98772,5800.0,5800.0,5820.0,519555639.0,519555639.0,519555639.0,0.0,3,SUR,2.65,
TQBR,2021-10-26,ÔמסÀדנמ אמ,PHOR,6843,532151618.0,5873.0,5765.0,5885.0,5814.0,5817.0,5798.0,91480,5818.0,5818.0,5814.0,491533584.0,491533584.0,491533584.0,0.0,3,SUR,-0.94,
TQBR,2021-10-27,ÔמסÀדנמ אמ,PHOR,8001,515037652.0,5798.0,5634.0,5825.0,5689.0,5710.0,5702.0,90200,5710.0,5710.0,5689.0,486453139.0,486453139.0,486453139.0,0.0,3,SUR,-1.66,
TQBR,2021-10-28,ÔמסÀדנמ אמ,PHOR,13648,1250593012.0,5696.0,5552.0,5798.0,5772.0,5646.0,5762.0,221509,5635.0,5635.0,5772.0,1149316616.0,1149316616.0,1149316616.0,0.0,3,SUR,1.05,
TQBR,2021-10-29,ÔמסÀדנמ אמ,PHOR,19005,1945557251.0,5762.0,5488.0,5796.0,5602.0,5598.0,5602.0,347542,5598.0,5598.0,5602.0,1898039437.0,1898039437.0,1898039437.0,0.0,3,SUR,-2.78,
TQBR,2021-11-01,ÔמסÀדנמ אמ,PHOR,10908,962546118.0,5600.0,5474.0,5697.0,5676.0,5620.0,5658.0,171256,5617.0,5617.0,5676.0,870552386.0,870552386.0,870552386.0,0.0,3,SUR,1.0,
TQBR,2021-11-02,ÔמסÀדנמ אמ,PHOR,8256,657699828.0,5680.0,5613.0,5739.0,5663.0,5665.0,5662.0,116104,5665.0,5665.0,5663.0,622733637.0,622733637.0,622733637.0,0.0,3,SUR,0.07,
TQBR,2021-11-03,ÔמסÀדנמ אמ,PHOR,25744,2556637136.0,5679.0,5425.0,5737.0,5558.0,5548.0,5619.0,460851,5544.0,5544.0,5558.0,2386272406.0,2386272406.0,2386272406.0,0.0,3,SUR,-0.76,
TQBR,2021-11-05,ÔמסÀדנמ אמ,PHOR,16992,1576923331.0,5619.0,5592.0,5857.0,5829.0,5749.0,5820.0,274317,5741.0,5741.0,5829.0,1393459854.0,1393459854.0,1393459854.0,0.0,3,SUR,3.58,
TQBR,2021-11-08,ÔמסÀדנמ אמ,PHOR,14005,1192083491.0,5854.0,5702.0,5976.0,5845.0,5844.0,5816.0,203991,5844.0,5844.0,5845.0,1134934544.0,1134934544.0,1134934544.0,0.0,3,SUR,-0.07,
TQBR,2021-11-09,ÔמסÀדנמ אמ,PHOR,10217,1025508165.0,5835.0,5789.0,5967.0,5920.0,5887.0,5915.0,174188,5885.0,5885.0,5920.0,949854917.0,949854917.0,949854917.0,0.0,3,SUR,1.7,
TQBR,2021-11-10,ÔמסÀדנמ אמ,PHOR,12469,1136877586.0,5949.0,5740.0,6005.0,5844.0,5850.0,5790.0,194338,5857.0,5857.0,5844.0,988662581.0,988662581.0,988662581.0,0.0,3,SUR,-2.11,
TQBR,2021-11-11,ÔמסÀדנמ אמ,PHOR,7144,436174914.0,5800.0,5776.0,5847.0,5813.0,5806.0,5810.0,75124,5803.0,5803.0,5813.0,362208924.0,362208924.0,362208924.0,0.0,3,SUR,0.35,
TQBR,2021-11-12,ÔמסÀדנמ אמ,PHOR,12513,912558050.0,5802.0,5566.0,5826.0,5694.0,5688.0,5685.0,160443,5687.0,5687.0,5694.0,828133592.0,828133592.0,828133592.0,0.0,3,SUR,-2.15,
TQBR,2021-11-15,ÔמסÀדנמ אמ,PHOR,10483,860986249.0,5700.0,5634.0,5876.0,5853.0,5763.0,5797.0,149408,5756.0,5756.0,5853.0,744106196.0,744106196.0,744106196.0,0.0,3,SUR,1.97,
TQBR,2021-11-16,ÔמסÀדנמ אמ,PHOR,8500,617724116.0,5800.0,5760.0,5878.0,5797.0,5822.0,5795.0,106102,5824.0,5824.0,5797.0,574990791.0,574990791.0,574990791.0,0.0,3,SUR,-0.03,
TQBR,2021-11-17,ÔמסÀדנמ אמ,PHOR,10042,698846615.0,5927.0,5789.0,5927.0,5817.0,5839.0,5821.0,119677,5841.0,5841.0,5817.0,634068621.0,634068621.0,634068621.0,0.0,3,SUR,0.45,
TQBR,2021-11-18,ÔמסÀדנמ אמ,PHOR,7127,509054603.0,5830.0,5780.0,5865.0,5798.0,5812.0,5798.0,87589,5813.0,5813.0,5798.0,464687696.0,464687696.0,464687696.0,0.0,3,SUR,-0.4,
TQBR,2021-11-19,ÔמסÀדנמ אמ,PHOR,8172,584388237.0,5797.0,5686.0,5840.0,5734.0,5758.0,5746.0,101497,5759.0,5759.0,5734.0,529146775.0,529146775.0,529146775.0,0.0,3,SUR,-0.9,
TQBR,2021-11-22,ÔמסÀדנמ אמ,PHOR,17392,1385317000.0,5746.0,5488.0,5880.0,5558.0,5648.0,5539.0,245252,5664.0,5664.0,5558.0,1190442306.0,1190442306.0,1190442306.0,0.0,3,SUR,-3.6,
TQBR,2021-11-23,ÔמסÀדנמ אמ,PHOR,15313,1226534908.0,5512.0,5324.0,5760.0,5700.0,5613.0,5732.0,218521,5606.0,5606.0,5700.0,1149105181.0,1149105181.0,1149105181.0,0.0,3,SUR,3.48,
TQBR,2021-11-24,ÔמסÀדנמ אמ,PHOR,10527,930814036.0,5749.0,5630.0,5861.0,5835.0,5779.0,5840.0,161081,5775.0,5775.0,5835.0,870170264.0,870170264.0,870170264.0,0.0,3,SUR,1.88,
TQBR,2021-11-25,ÔמסÀדנמ אמ,PHOR,8373,797217904.0,5870.0,5754.0,5927.0,5805.0,5846.0,5820.0,136377,5847.0,5847.0,5805.0,761407589.0,761407589.0,761407589.0,0.0,3,SUR,-0.34,
TQBR,2021-11-26,ÔמסÀדנמ אמ,PHOR,11402,1008904290.0,5718.0,5580.0,5758.0,5673.0,5653.0,5630.0,178478,5653.0,5653.0,5673.0,929716708.0,929716708.0,929716708.0,0.0,3,SUR,-3.26,
TQBR,2021-11-29,ÔמסÀדנמ אמ,PHOR,8750,622823061.0,5655.0,5600.0,5786.0,5654.0,5663.0,5647.0,109990,5664.0,5664.0,5654.0,571985467.0,571985467.0,571985467.0,0.0,3,SUR,0.3,
TQBR,2021-11-30,ÔמסÀדנמ אמ,PHOR,9495,886900247.0,5575.0,5534.0,5730.0,5673.0,5648.0,5670.0,157031,5651.0,5651.0,5673.0,784667560.0,784667560.0,784667560.0,0.0,3,SUR,0.41,
TQBR,2021-12-01,ÔמסÀדנמ אמ,PHOR,15914,1506932862.0,5699.0,5508.0,5751.0,5520.0,5567.0,5513.0,270671,5571.0,5571.0,5520.0,1393192032.0,1393192032.0,1393192032.0,0.0,3,SUR,-2.77,
TQBR,2021-12-02,ÔמסÀדנמ אמ,PHOR,13190,1063355929.0,5520.0,5450.0,5596.0,5572.0,5550.0,5574.0,191605,5549.0,5549.0,5572.0,968823673.0,968823673.0,968823673.0,0.0,3,SUR,1.11,
TQBR,2021-12-03,ÔמסÀדנמ אמ,PHOR,6771,614941006.0,5578.0,5500.0,5600.0,5536.0,5551.0,5537.0,110787,5554.0,5554.0,5536.0,557497563.0,557497563.0,557497563.0,0.0,3,SUR,-0.66,
TQBR,2021-12-06,ÔמסÀדנמ אמ,PHOR,8785,649650566.0,5538.0,5401.0,5610.0,5490.0,5505.0,5519.0,118012,5504.0,5504.0,5490.0,584054116.0,584054116.0,584054116.0,0.0,3,SUR,-0.33,
TQBR,2021-12-07,ÔמסÀדנמ אמ,PHOR,9846,761579127.0,5500.0,5488.0,5641.0,5574.0,5575.0,5611.0,136608,5572.0,5572.0,5574.0,639381966.0,639381966.0,639381966.0,0.0,3,SUR,1.67,
TQBR,2021-12-08,ÔמסÀדנמ אמ,PHOR,12279,1059924703.0,5648.0,5506.0,5699.0,5524.0,5604.0,5551.0,189142,5605.0,5605.0,5524.0,1010090395.0,1010090395.0,1010090395.0,0.0,3,SUR,-1.07,
TQBR,2021-12-09,ÔמסÀדנמ אמ,PHOR,6311,455369290.0,5550.0,5533.0,5650.0,5624.0,5600.0,5640.0,81309,5597.0,5597.0,5624.0,395745299.0,395745299.0,395745299.0,0.0,3,SUR,1.6,
TQBR,2021-12-10,ÔמסÀדנמ אמ,PHOR,5777,422147513.0,5643.0,5553.0,5696.0,5566.0,5611.0,5595.0,75242,5613.0,5613.0,5566.0,353005422.0,353005422.0,353005422.0,0.0,3,SUR,-0.8,
TQBR,2021-12-13,ÔמסÀדנמ אמ,PHOR,14597,1245772232.0,5587.0,5444.0,5698.0,5480.0,5553.0,5506.0,224359,5556.0,5556.0,5480.0,1082353934.0,1082353934.0,1082353934.0,0.0,3,SUR,-1.59,
TQBR,2021-12-14,ÔמסÀדנמ אמ,PHOR,17338,1414317870.0,5505.0,5000.0,5627.0,5580.0,5554.0,5595.0,254666,5582.0,5582.0,5580.0,1215805832.0,1215805832.0,1215805832.0,0.0,3,SUR,1.62,
TQBR,2021-12-15,ÔמסÀדנמ אמ,PHOR,12887,1342638631.0,5574.0,5531.0,5783.0,5690.0,5686.0,5760.0,236132,5685.0,5685.0,5690.0,1207964725.0,1207964725.0,1207964725.0,0.0,3,SUR,2.95,
TQBR,2021-12-16,ÔמסÀדנמ אמ,PHOR,23714,2154114885.0,5747.0,5696.0,5942.0,5907.0,5852.0,5895.0,368102,5855.0,5855.0,5907.0,1911539062.0,1911539062.0,1911539062.0,0.0,3,SUR,2.34,
TQBR,2021-12-17,ÔמסÀדנמ אמ,PHOR,19836,3424262974.0,5680.0,5600.0,5740.0,5627.0,5652.0,5682.0,605887,5651.0,5651.0,5627.0,3124550723.0,3124550723.0,3124550723.0,0.0,3,SUR,-3.61,
TQBR,2021-12-20,ÔמסÀדנמ אמ,PHOR,12700,927625789.0,5678.0,5361.0,5678.0,5570.0,5514.0,5580.0,168233,5504.0,5504.0,5570.0,826528037.0,826528037.0,826528037.0,0.0,3,SUR,-1.8,
TQBR,2021-12-21,ÔמסÀדנמ אמ,PHOR,11628,1110235579.0,5579.0,5434.0,5612.0,5519.0,5516.0,5527.0,201264,5507.0,5507.0,5519.0,917790009.0,917790009.0,917790009.0,0.0,3,SUR,-0.95,
TQBR,2021-12-22,ÔמסÀדנמ אמ,PHOR,7674,646003677.0,5524.0,5503.0,5590.0,5543.0,5552.0,5516.0,116356,5555.0,5555.0,5543.0,539136174.0,539136174.0,539136174.0,0.0,3,SUR,-0.2,
TQBR,2021-12-23,ÔמסÀדנמ אמ,PHOR,7701,486589688.0,5567.0,5503.0,5590.0,5552.0,5532.0,5519.0,87952,5530.0,5530.0,5552.0,411935704.0,411935704.0,411935704.0,0.0,3,SUR,0.05,
TQBR,2021-12-24,ÔמסÀדנמ אמ,PHOR,6858,490806983.0,5530.0,5471.0,5640.0,5575.0,5554.0,5619.0,88370,5554.0,5554.0,5575.0,393714220.0,393714220.0,393714220.0,0.0,3,SUR,1.81,
TQBR,2021-12-27,ÔמסÀדנמ אמ,PHOR,7403,524025715.0,5620.0,5596.0,5779.0,5722.0,5691.0,5767.0,92074,5682.0,5682.0,5722.0,420879458.0,420879458.0,420879458.0,0.0,3,SUR,2.63,
TQBR,2021-12-28,ÔמסÀדנמ אמ,PHOR,7794,801719063.0,5766.0,5650.0,5864.0,5864.0,5775.0,5798.0,138836,5774.0,5774.0,5864.0,674436051.0,674436051.0,674436051.0,0.0,3,SUR,0.54,
TQBR,2021-12-29,ÔמסÀדנמ אמ,PHOR,7629,792609387.0,5843.0,5769.0,5889.0,5854.0,5843.0,5866.0,135654,5844.0,5844.0,5854.0,692633579.0,692633579.0,692633579.0,0.0,3,SUR,1.17,
TQBR,2021-12-30,ÔמסÀדנמ אמ,PHOR,6515,537401371.0,5872.0,5792.0,5896.0,5833.0,5857.0,5863.0,91747,5858.0,5858.0,5833.0,483103600.0,483103600.0,483103600.0,0.0,3,SUR,-0.05,
TQBR,2022-01-03,ÔמסÀדנמ אמ,PHOR,5388,353090202.0,5863.0,5823.0,5945.0,5892.0,5899.0,5936.0,59855,5901.0,5901.0,5892.0,270007066.0,270007066.0,270007066.0,0.0,3,SUR,1.25,
TQBR,2022-01-04,ÔמסÀדנמ אמ,PHOR,5850,354552246.0,5896.0,5856.0,5950.0,5939.0,5913.0,5910.0,59964,5911.0,5911.0,5939.0,302956336.0,302956336.0,302956336.0,0.0,3,SUR,-0.44,
TQBR,2022-01-05,ÔמסÀדנמ אמ,PHOR,9688,626750761.0,5909.0,5621.0,5932.0,5850.0,5807.0,5697.0,107926,5865.0,5865.0,5850.0,324970841.0,324970841.0,324970841.0,0.0,3,SUR,-3.6,
TQBR,2022-01-06,ÔמסÀדנמ אמ,PHOR,9578,704783080.0,5645.0,5622.0,5864.0,5703.0,5726.0,5735.0,123092,5735.0,5735.0,5703.0,559123202.0,559123202.0,559123202.0,0.0,3,SUR,0.67,
TQBR,2022-01-07,ÔמסÀדנמ אמ,PHOR,0,0.0,,,,5735.0,,,0,5735.0,5703.0,5735.0,559123202.0,747093.0,559123202.0,0.0,3,SUR,,
TQBR,2022-01-10,ÔמסÀדנמ אמ,PHOR,7227,467681326.0,5715.0,5695.0,5807.0,5739.0,5750.0,5761.0,81332,5749.0,5749.0,5739.0,382100243.0,382100243.0,382100243.0,0.0,3,SUR,0.45,
TQBR,2022-01-11,ÔמסÀדנמ אמ,PHOR,6495,422963144.0,5774.0,5742.0,5873.0,5837.0,5823.0,5811.0,72639,5825.0,5825.0,5837.0,332570770.0,332570770.0,332570770.0,0.0,3,SUR,0.87,
TQBR,2022-01-12,ÔמסÀדנמ אמ,PHOR,8972,544749824.0,5837.0,5777.0,5897.0,5797.0,5838.0,5824.0,93305,5843.0,5843.0,5797.0,463701090.0,463701090.0,463701090.0,0.0,3,SUR,0.22,
TQBR,2022-01-13,ÔמסÀדנמ אמ,PHOR,10929,700754009.0,5830.0,5714.0,5853.0,5767.0,5778.0,5797.0,121273,5771.0,5771.0,5767.0,533695869.0,533695869.0,533695869.0,0.0,3,SUR,-0.46,
TQBR,2022-01-14,ÔמסÀדנמ אמ,PHOR,19048,1445316289.0,5780.0,5571.0,5846.0,5806.0,5706.0,5771.0,253300,5695.0,5695.0,5806.0,1248826832.0,1248826832.0,1248826832.0,0.0,3,SUR,-0.45,
TQBR,2022-01-17,ÔמסÀדנמ אמ,PHOR,12280,1254286801.0,5772.0,5682.0,5884.0,5838.0,5817.0,5825.0,215618,5825.0,5825.0,5838.0,1067398003.0,1067398003.0,1067398003.0,0.0,3,SUR,0.94,
TQBR,2022-01-18,ÔמסÀדנמ אמ,PHOR,19298,1635939144.0,5840.0,5600.0,5857.0,5637.0,5702.0,5679.0,286894,5697.0,5697.0,5637.0,1412342421.0,1412342421.0,1412342421.0,0.0,3,SUR,-2.51,
TQBR,2022-01-19,ÔמסÀדנמ אמ,PHOR,18095,1579755609.0,5626.0,5562.0,5820.0,5709.0,5697.0,5725.0,277292,5711.0,5711.0,5709.0,1111104555.0,1111104555.0,1111104555.0,0.0,3,SUR,0.81,
TQBR,2022-01-20,ÔמסÀדנמ אמ,PHOR,11916,941609251.0,5725.0,5621.0,5780.0,5694.0,5688.0,5652.0,165533,5682.0,5682.0,5694.0,736537700.0,736537700.0,736537700.0,0.0,3,SUR,-1.28,
TQBR,2022-01-21,ÔמסÀדנמ אמ,PHOR,25782,1641191941.0,5644.0,5375.0,5674.0,5460.0,5503.0,5399.0,298261,5498.0,5498.0,5460.0,1341397388.0,1341397388.0,1341397388.0,0.0,3,SUR,-4.48,
TQBR,2022-01-24,ÔמסÀדנמ אמ,PHOR,30723,2142607137.0,5404.0,5050.0,5439.0,5277.0,5248.0,5330.0,408267,5236.0,5236.0,5277.0,1757470029.0,1757470029.0,1757470029.0,0.0,3,SUR,-1.28,
TQBR,2022-01-25,ÔמסÀדנמ אמ,PHOR,12870,943398716.0,5372.0,5218.0,5430.0,5275.0,5309.0,5415.0,177704,5294.0,5294.0,5275.0,582405534.0,582405534.0,582405534.0,0.0,3,SUR,1.59,
TQBR,2022-01-26,ÔמסÀדנמ אמ,PHOR,16442,1114125203.0,5430.0,5281.0,5624.0,5448.0,5485.0,5357.0,203134,5504.0,5504.0,5448.0,818888341.0,818888341.0,818888341.0,0.0,3,SUR,-1.07,
TQBR,2022-01-27,ÔמסÀדנמ אמ,PHOR,15895,1032837108.0,5360.0,5315.0,5566.0,5408.0,5465.0,5445.0,188992,5472.0,5472.0,5408.0,890331260.0,890331260.0,890331260.0,0.0,3,SUR,1.64,
TQBR,2022-01-28,ÔמסÀדנמ אמ,PHOR,10547,683485224.0,5489.0,5439.0,5591.0,5519.0,5510.0,5480.0,124041,5507.0,5507.0,5519.0,539898172.0,539898172.0,539898172.0,0.0,3,SUR,0.64,
TQBR,2022-01-31,ÔמסÀדנמ אמ,PHOR,13519,889255845.0,5467.0,5412.0,5605.0,5441.0,5503.0,5481.0,161599,5501.0,5501.0,5441.0,779979039.0,779979039.0,779979039.0,0.0,3,SUR,0.02,
TQBR,2022-02-01,ÔמסÀדנמ אמ,PHOR,8121,414077111.0,5500.0,5457.0,5545.0,5501.0,5507.0,5512.0,75196,5510.0,5510.0,5501.0,313129390.0,313129390.0,313129390.0,0.0,3,SUR,0.57,
TQBR,2022-02-02,ÔמסÀדנמ אמ,PHOR,14172,731445657.0,5524.0,5365.0,5552.0,5390.0,5429.0,5417.0,134718,5428.0,5428.0,5390.0,654237155.0,654237155.0,654237155.0,0.0,3,SUR,-1.72,
TQBR,2022-02-03,ÔמסÀדנמ אמ,PHOR,12229,705725356.0,5415.0,5240.0,5422.0,5315.0,5350.0,5331.0,131918,5353.0,5353.0,5315.0,594961095.0,594961095.0,594961095.0,0.0,3,SUR,-1.59,
TQBR,2022-02-04,ÔמסÀדנמ אמ,PHOR,11911,556438769.0,5323.0,5227.0,5402.0,5259.0,5291.0,5268.0,105164,5292.0,5292.0,5259.0,434914507.0,434914507.0,434914507.0,0.0,3,SUR,-1.18,
TQBR,2022-02-07,ÔמסÀדנמ אמ,PHOR,9897,598622380.0,5275.0,5219.0,5464.0,5393.0,5340.0,5445.0,112099,5335.0,5335.0,5393.0,496920292.0,496920292.0,496920292.0,0.0,3,SUR,3.36,
TQBR,2022-02-08,ÔמסÀדנמ אמ,PHOR,14620,1105131560.0,5445.0,5438.0,5648.0,5567.0,5575.0,5567.0,198241,5582.0,5582.0,5567.0,903994212.0,903994212.0,903994212.0,0.0,3,SUR,2.24,
TQBR,2022-02-09,ÔמסÀדנמ אמ,PHOR,19294,1407037437.0,5610.0,5584.0,5885.0,5799.0,5754.0,5836.0,244551,5751.0,5751.0,5799.0,1175584659.0,1175584659.0,1175584659.0,0.0,3,SUR,4.83,
TQBR,2022-02-10,ÔמסÀדנמ אמ,PHOR,25257,1759664574.0,5884.0,5820.0,6014.0,5954.0,5910.0,5859.0,297740,5899.0,5899.0,5954.0,1270254342.0,1270254342.0,1270254342.0,0.0,3,SUR,0.39,
TQBR,2022-02-11,ÔמסÀדנמ אמ,PHOR,21151,1485789856.0,5859.0,5691.0,5968.0,5936.0,5861.0,5747.0,253496,5889.0,5889.0,5936.0,911626478.0,911626478.0,911626478.0,0.0,3,SUR,-1.91,
TQBR,2022-02-14,ÔמסÀדנמ אמ,PHOR,20322,1527762617.0,5700.0,5650.0,5980.0,5955.0,5888.0,5950.0,259484,5907.0,5907.0,5955.0,1142130717.0,1142130717.0,1142130717.0,0.0,3,SUR,3.53,
TQBR,2022-02-15,ÔמסÀדנמ אמ,PHOR,14859,1141288402.0,5911.0,5906.0,6120.0,6050.0,6012.0,6114.0,189829,6012.0,6012.0,6050.0,951328217.0,951328217.0,951328217.0,0.0,3,SUR,2.76,
TQBR,2022-02-16,ÔמסÀדנמ אמ,PHOR,16119,1394367976.0,6120.0,6057.0,6249.0,6170.0,6166.0,6170.0,226148,6161.0,6161.0,6170.0,1069952368.0,1069952368.0,1069952368.0,0.0,3,SUR,0.92,
TQBR,2022-02-17,ÔמסÀדנמ אמ,PHOR,18046,1277949099.0,6150.0,5880.0,6210.0,5926.0,6031.0,5953.0,211887,6027.0,6027.0,5926.0,987922078.0,987922078.0,987922078.0,0.0,3,SUR,-3.52,
TQBR,2022-02-18,ÔמסÀדנמ אמ,PHOR,17151,1570461285.0,6015.0,5782.0,6068.0,5870.0,5917.0,5850.0,265418,5916.0,5916.0,5870.0,1283941503.0,1283941503.0,1283941503.0,0.0,3,SUR,-1.73,
TQBR,2022-02-21,ÔמסÀדנמ אמ,PHOR,43162,3119340818.0,5759.0,5309.0,5988.0,5530.0,5691.0,5536.0,548098,5732.0,5732.0,5530.0,2378786156.0,2378786156.0,2378786156.0,0.0,3,SUR,-5.37,
TQBR,2022-02-22,ÔמסÀדנמ אמ,PHOR,48057,3019112327.0,5512.0,5052.0,5770.0,5580.0,5424.0,5680.0,556635,5394.0,5394.0,5580.0,2480924029.0,2480924029.0,2480924029.0,0.0,3,SUR,2.6,
TQBR,2022-02-23,ÔמסÀדנמ אמ,PHOR,0,0.0,,,,5670.0,,,0,5394.0,5580.0,5670.0,2480924029.0,574740.0,2480924029.0,0.0,3,SUR,,
TQBR,2022-02-24,ÔמסÀדנמ אמ,PHOR,56062,2085992708.0,5288.0,3700.0,5375.0,4378.0,4565.0,5175.0,456905,4372.0,4372.0,4378.0,1383521255.0,1383521255.0,1383521255.0,0.0,3,SUR,-8.89,
TQBR,2022-02-25,ÔמסÀדנמ אמ,PHOR,27209,1300758080.0,4815.0,4815.0,5707.0,5145.0,5153.0,5015.0,252195,5154.0,5154.0,5145.0,1113661621.0,1113661621.0,1113661621.0,0.0,3,SUR,-3.09,
TQBR,2022-02-28,ÔמסÀדנמ אמ,PHOR,0,0.0,,,,5035.0,,,0,5154.0,5145.0,5035.0,1113661621.0,601965.0,1113661621.0,0.0,3,SUR,,
TQBR,2022-03-01,ÔמסÀדנמ אמ,PHOR,0,0.0,,,,5035.0,,,0,5154.0,5145.0,5035.0,1113661621.0,601965.0,1113661621.0,0.0,3,SUR,,
TQBR,2022-03-02,ÔמסÀדנמ אמ,PHOR,0,0.0,,,,5035.0,,,0,4689.0,5145.0,5035.0,2497182876.0,601965.0,2497182876.0,0.0,3,SUR,,
TQBR,2022-03-03,ÔמסÀדנמ אמ,PHOR,0,0.0,,,,5035.0,,,0,5154.0,5145.0,5035.0,1113661621.0,601965.0,1113661621.0,0.0,3,SUR,,
TQBR,2022-03-04,ÔמסÀדנמ אמ,PHOR,0,0.0,,,,5035.0,,,0,5227.0,5145.0,5035.0,7356893061.0,601965.0,7356893061.0,0.0,3,SUR,,
TQBR,2022-03-09,ÔמסÀדנמ אמ,PHOR,0,0.0,,,,5035.0,,,0,5016.0,5145.0,5035.0,4978106905.0,601965.0,4978106905.0,0.0,3,SUR,,
TQBR,2022-03-10,ÔמסÀדנמ אמ,PHOR,0,0.0,,,,5035.0,,,0,4689.0,5145.0,5035.0,2497182876.0,601965.0,2497182876.0,0.0,3,SUR,,
TQBR,2022-03-11,ÔמסÀדנמ אמ,PHOR,0,0.0,,,,5035.0,,,0,4689.0,5145.0,5035.0,2497182876.0,601965.0,2497182876.0,0.0,3,SUR,,
TQBR,2022-03-14,ÔמסÀדנמ אמ,PHOR,0,0.0,,,,5035.0,,,0,5154.0,5145.0,5035.0,1113661621.0,601965.0,1113661621.0,0.0,3,SUR,,
TQBR,2022-03-15,ÔמסÀדנמ אמ,PHOR,0,0.0,,,,5035.0,,,0,,5145.0,5035.0,0.0,601965.0,0.0,0.0,3,SUR,,
TQBR,2022-03-16,ÔמסÀדנמ אמ,PHOR,0,0.0,,,,5035.0,,,0,,5145.0,5035.0,0.0,601965.0,0.0,0.0,3,SUR,,
TQBR,2022-03-17,ÔמסÀדנמ אמ,PHOR,0,0.0,,,,5035.0,,,0,,5145.0,5035.0,0.0,601965.0,0.0,0.0,3,SUR,,
TQBR,2022-03-18,ÔמסÀדנמ אמ,PHOR,0,0.0,,,,5035.0,,,0,,5145.0,5035.0,0.0,601965.0,0.0,0.0,3,SUR,,
TQBR,2022-03-21,ÔמסÀדנמ אמ,PHOR,0,0.0,,,,5035.0,,,0,,5145.0,5035.0,0.0,601965.0,0.0,0.0,3,SUR,,
TQBR,2022-03-22,ÔמסÀדנמ אמ,PHOR,0,0.0,,,,5035.0,,,0,,5145.0,5035.0,0.0,601965.0,0.0,0.0,3,SUR,,
TQBR,2022-03-23,ÔמסÀדנמ אמ,PHOR,0,0.0,,,,5035.0,,,0,,5145.0,5035.0,0.0,601965.0,0.0,0.0,3,SUR,,
TQBR,2022-03-24,ÔמסÀדנמ אמ,PHOR,33217,1259358362.0,5483.0,5300.0,6733.0,6350.0,6426.0,6350.0,195978,6426.0,6426.0,6350.0,1259358362.0,1259358362.0,1259358362.0,0.0,3,SUR,26.62,
TQBR,2022-03-25,ÔמסÀדנמ אמ,PHOR,37135,1404833842.0,6450.0,6415.0,7724.0,6951.0,6942.0,6951.0,202361,6942.0,6942.0,6951.0,1404833842.0,1404833842.0,1404833842.0,0.0,3,SUR,9.46,
TQBR,2022-03-28,ÔמסÀדנמ אמ,PHOR,69088,3637470304.0,7000.0,6850.0,8449.0,8345.0,7908.0,8345.0,459995,7908.0,7908.0,8345.0,3637470304.0,3637470304.0,3637470304.0,0.0,3,SUR,20.05,
TQBR,2022-03-29,ÔמסÀדנמ אמ,PHOR,73936,4078142811.0,8840.0,8500.0,10097.0,8908.0,9149.0,8908.0,445150,9161.0,9161.0,8908.0,4078142811.0,4078142811.0,4078142811.0,0.0,3,SUR,6.75,
TQBR,2022-03-30,ÔמסÀדנמ אמ,PHOR,51661,2138067476.0,9000.0,7370.0,9450.0,7950.0,8013.0,7950.0,266841,8013.0,8013.0,7950.0,2138067476.0,2138067476.0,2138067476.0,0.0,3,SUR,-10.75,
TQBR,2022-03-31,ÔמסÀדנמ אמ,PHOR,32745,1550155983.0,8500.0,8000.0,8516.0,8045.0,8220.0,8045.0,188499,8224.0,8224.0,8045.0,1550155983.0,1550155983.0,1550155983.0,0.0,3,SUR,1.19,
TQBR,2022-04-01,ÔמסÀדנמ אמ,PHOR,48655,2499290723.0,8199.0,7300.0,8199.0,7400.0,7570.0,7400.0,334144,7480.0,7480.0,7400.0,2499290723.0,2499290723.0,2499290723.0,0.0,3,SUR,-8.02,
TQBR,2022-04-04,ÔמסÀדנמ אמ,PHOR,25795,1207867908.0,7562.0,7014.0,7700.0,7129.0,7268.0,7129.0,166183,7268.0,7268.0,7129.0,1207867908.0,1207867908.0,1207867908.0,0.0,3,SUR,-3.66,
TQBR,2022-04-05,ÔמסÀדנמ אמ,PHOR,25346,1110713946.0,7157.0,6670.0,7157.0,6881.0,6882.0,6881.0,161404,6882.0,6882.0,6881.0,1110713946.0,1110713946.0,1110713946.0,0.0,3,SUR,-3.48,
TQBR,2022-04-06,ÔמסÀדנמ אמ,PHOR,37611,2221447086.0,6930.0,6881.0,7569.0,7380.0,7276.0,7380.0,305324,7276.0,7276.0,7380.0,2221447086.0,2221447086.0,2221447086.0,0.0,3,SUR,7.25,
TQBR,2022-04-07,ÔמסÀדנמ אמ,PHOR,25477,1139841567.0,7450.0,7151.0,7653.0,7286.0,7409.0,7286.0,153855,7409.0,7409.0,7286.0,1139841567.0,1139841567.0,1139841567.0,0.0,3,SUR,-1.27,
TQBR,2022-04-08,ÔמסÀדנמ אמ,PHOR,16236,689483178.0,7311.0,6914.0,7370.0,6960.0,7075.0,6960.0,97450,7075.0,7075.0,6960.0,689483178.0,689483178.0,689483178.0,0.0,3,SUR,-4.47,
TQBR,2022-04-11,ÔמסÀדנמ אמ,PHOR,12916,506817771.0,7030.0,6871.0,7149.0,6927.0,6976.0,6927.0,72523,6988.0,6988.0,6927.0,506817771.0,506817771.0,506817771.0,0.0,3,SUR,-0.47,
TQBR,2022-04-12,ÔמסÀדנמ אמ,PHOR,17832,705525726.0,6927.0,6600.0,6927.0,6904.0,6728.0,6904.0,104731,6737.0,6737.0,6904.0,705525726.0,705525726.0,705525726.0,0.0,3,SUR,-0.33,
TQBR,2022-04-13,ÔמסÀדנמ אמ,PHOR,25073,1294932855.0,6907.0,6907.0,7369.0,7289.0,7171.0,7289.0,180567,7171.0,7171.0,7289.0,1294932855.0,1294932855.0,1294932855.0,0.0,3,SUR,5.58,
TQBR,2022-04-14,ÔמסÀדנמ אמ,PHOR,17098,943512223.0,7315.0,6700.0,7400.0,6760.0,7016.0,6760.0,133613,7062.0,7062.0,6760.0,943512223.0,943512223.0,943512223.0,0.0,3,SUR,-7.26,
TQBR,2022-04-15,ÔמסÀדנמ אמ,PHOR,17356,1186495103.0,6800.0,6550.0,6840.0,6820.0,6714.0,6820.0,176303,6730.0,6730.0,6820.0,1186495103.0,1186495103.0,1186495103.0,0.0,3,SUR,0.89,
TQBR,2022-04-18,ÔמסÀדנמ אמ,PHOR,14086,651387693.0,7128.0,6850.0,7131.0,6975.0,6998.0,6975.0,93077,6998.0,6998.0,6975.0,651387693.0,651387693.0,651387693.0,0.0,3,SUR,2.27,
TQBR,2022-04-19,ÔמסÀדנמ אמ,PHOR,10200,368001511.0,6998.0,6730.0,7000.0,6949.0,6872.0,6949.0,53553,6872.0,6872.0,6949.0,368001511.0,368001511.0,368001511.0,0.0,3,SUR,-0.37,
TQBR,2022-04-20,ÔמסÀדנמ אמ,PHOR,9518,417100479.0,7000.0,6870.0,7187.0,7093.0,7068.0,7093.0,59013,7068.0,7068.0,7093.0,417100479.0,417100479.0,417100479.0,0.0,3,SUR,2.07,
TQBR,2022-04-21,ÔמסÀדנמ אמ,PHOR,11709,581207572.0,7109.0,7100.0,7300.0,7103.0,7173.0,7103.0,81022,7173.0,7173.0,7103.0,581207572.0,581207572.0,581207572.0,0.0,3,SUR,0.14,
TQBR,2022-04-22,ÔמסÀדנמ אמ,PHOR,4727,213562218.0,7062.0,6900.0,7099.0,7000.0,7018.0,7000.0,30429,7018.0,7018.0,7000.0,213562218.0,213562218.0,213562218.0,0.0,3,SUR,-1.45,
TQBR,2022-04-25,ÔמסÀדנמ אמ,PHOR,6581,259903390.0,6985.0,6800.0,6985.0,6859.0,6859.0,6859.0,37892,6859.0,6859.0,6859.0,259903390.0,259903390.0,259903390.0,0.0,3,SUR,-2.01,
TQBR,2022-04-26,ÔמסÀדנמ אמ,PHOR,6415,339052180.0,6858.0,6851.0,7039.0,7000.0,6982.0,7000.0,48564,6982.0,6982.0,7000.0,339052180.0,339052180.0,339052180.0,0.0,3,SUR,2.06,
TQBR,2022-04-27,ÔמסÀדנמ אמ,PHOR,7244,515007123.0,7000.0,6910.0,7075.0,7038.0,6999.0,7038.0,73585,6999.0,6999.0,7038.0,515007123.0,515007123.0,515007123.0,0.0,3,SUR,0.54,
TQBR,2022-04-28,ÔמסÀדנמ אמ,PHOR,10175,706292106.0,7040.0,7040.0,7277.0,7110.0,7209.0,7110.0,97957,7210.0,7210.0,7110.0,706292106.0,706292106.0,706292106.0,0.0,3,SUR,1.02,
TQBR,2022-04-29,ÔמסÀדנמ אמ,PHOR,5465,532437588.0,7120.0,7046.0,7179.0,7107.0,7102.0,7107.0,74965,7102.0,7102.0,7107.0,532437588.0,532437588.0,532437588.0,0.0,3,SUR,-0.04,
TQBR,2022-05-04,ÔמסÀדנמ אמ,PHOR,4099,184803708.0,7100.0,7011.0,7200.0,7043.0,7062.0,7043.0,26168,7062.0,7062.0,7043.0,184803708.0,184803708.0,184803708.0,0.0,3,SUR,-0.9,
TQBR,2022-05-05,ÔמסÀדנמ אמ,PHOR,4206,162751564.0,7050.0,7040.0,7188.0,7168.0,7112.0,7168.0,22885,7112.0,7112.0,7168.0,162751564.0,162751564.0,162751564.0,0.0,3,SUR,1.77,
TQBR,2022-05-06,ÔמסÀדנמ אמ,PHOR,12670,713683223.0,7170.0,7150.0,7486.0,7421.0,7358.0,7421.0,96990,7358.0,7358.0,7421.0,713683223.0,713683223.0,713683223.0,0.0,3,SUR,3.53,
TQBR,2022-05-11,ÔמסÀדנמ אמ,PHOR,19658,840852435.0,7474.0,7405.0,7989.0,7933.0,7664.0,7933.0,109711,7664.0,7664.0,7933.0,840852435.0,840852435.0,840852435.0,0.0,3,SUR,6.9,
TQBR,2022-05-12,ÔמסÀדנמ אמ,PHOR,27779,1587087562.0,7995.0,7500.0,8300.0,7655.0,7942.0,7655.0,199601,7951.0,7951.0,7655.0,1587087562.0,1587087562.0,1587087562.0,0.0,3,SUR,-3.5,
TQBR,2022-05-13,ÔמסÀדנמ אמ,PHOR,8860,462525891.0,7680.0,7518.0,7850.0,7740.0,7727.0,7740.0,59836,7730.0,7730.0,7740.0,462525891.0,462525891.0,462525891.0,0.0,3,SUR,1.11,
TQBR,2022-05-16,ÔמסÀדנמ אמ,PHOR,14195,728689981.0,7795.0,7780.0,8099.0,7990.0,7992.0,7990.0,91180,7992.0,7992.0,7990.0,728689981.0,728689981.0,728689981.0,0.0,3,SUR,3.23,
TQBR,2022-05-17,ÔמסÀדנמ אמ,PHOR,13501,737001917.0,8032.0,7765.0,8197.0,7881.0,8032.0,7881.0,91779,8030.0,8030.0,7881.0,737001917.0,737001917.0,737001917.0,0.0,3,SUR,-1.36,
TQBR,2022-05-18,ÔמסÀדנמ אמ,PHOR,9616,540959325.0,7984.0,7812.0,8049.0,7931.0,7907.0,7931.0,68332,7917.0,7917.0,7931.0,540959325.0,540959325.0,540959325.0,0.0,3,SUR,0.63,
TQBR,2022-05-19,ÔמסÀדנמ אמ,PHOR,8221,434814098.0,7951.0,7850.0,8100.0,7930.0,7950.0,7930.0,54695,7950.0,7950.0,7930.0,434814098.0,434814098.0,434814098.0,0.0,3,SUR,-0.01,
TQBR,2022-05-20,ÔמסÀדנמ אמ,PHOR,17763,855012025.0,8000.0,7121.0,8000.0,7450.0,7563.0,7450.0,112863,7576.0,7576.0,7450.0,855012025.0,855012025.0,855012025.0,0.0,3,SUR,-6.05,
TQBR,2022-05-23,ÔמסÀדנמ אמ,PHOR,11839,492541745.0,7540.0,7039.0,7549.0,7199.0,7230.0,7199.0,68126,7230.0,7230.0,7199.0,492541745.0,492541745.0,492541745.0,0.0,3,SUR,-3.37,
TQBR,2022-05-24,ÔמסÀדנמ אמ,PHOR,12346,486187322.0,7200.0,6800.0,7206.0,7074.0,7003.0,7074.0,69341,7012.0,7012.0,7074.0,486187322.0,486187322.0,486187322.0,0.0,3,SUR,-1.74,
TQBR,2022-05-25,ÔמסÀדנמ אמ,PHOR,6949,286587618.0,7100.0,7071.0,7277.0,7221.0,7207.0,7221.0,39764,7207.0,7207.0,7221.0,286587618.0,286587618.0,286587618.0,0.0,3,SUR,2.08,
TQBR,2022-05-26,ÔמסÀדנמ אמ,PHOR,9673,366562066.0,7276.0,7252.0,7403.0,7370.0,7343.0,7370.0,49923,7343.0,7343.0,7370.0,366562066.0,366562066.0,366562066.0,0.0,3,SUR,2.06,
TQBR,2022-05-27,ÔמסÀדנמ אמ,PHOR,7278,293236225.0,7417.0,7290.0,7417.0,7292.0,7338.0,7292.0,39963,7338.0,7338.0,7292.0,293236225.0,293236225.0,293236225.0,0.0,3,SUR,-1.06,
TQBR,2022-05-30,ÔמסÀדנמ אמ,PHOR,10373,446804516.0,7280.0,7025.0,7290.0,7134.0,7137.0,7134.0,62606,7137.0,7137.0,7134.0,446804516.0,446804516.0,446804516.0,0.0,3,SUR,-2.17,
TQBR,2022-05-31,ÔמסÀדנמ אמ,PHOR,5047,234575904.0,7193.0,7031.0,7193.0,7125.0,7104.0,7125.0,33010,7106.0,7106.0,7125.0,234575904.0,234575904.0,234575904.0,0.0,3,SUR,-0.13,
TQBR,2022-06-01,ÔמסÀדנמ אמ,PHOR,6937,315436756.0,7125.0,7110.0,7260.0,7220.0,7187.0,7220.0,43869,7190.0,7190.0,7220.0,315436756.0,315436756.0,315436756.0,0.0,3,SUR,1.33,
TQBR,2022-06-02,ÔמסÀדנמ אמ,PHOR,15832,713028070.0,7289.0,6900.0,7290.0,7013.0,7029.0,7013.0,101460,7028.0,7028.0,7013.0,713028070.0,713028070.0,713028070.0,0.0,3,SUR,-2.87,
TQBR,2022-06-03,ÔמסÀדנמ אמ,PHOR,6988,339787880.0,7015.0,6907.0,7070.0,7047.0,6958.0,7047.0,48832,6958.0,6958.0,7047.0,339787880.0,339787880.0,339787880.0,0.0,3,SUR,0.48,
TQBR,2022-06-06,ÔמסÀדנמ אמ,PHOR,12150,416347459.0,7047.0,6750.0,7050.0,7031.0,6936.0,7031.0,60025,6936.0,6936.0,7031.0,416347459.0,416347459.0,416347459.0,0.0,3,SUR,-0.23,
TQBR,2022-06-07,ÔמסÀדנמ אמ,PHOR,7402,359068843.0,7044.0,6946.0,7150.0,7100.0,7090.0,7100.0,50691,7083.0,7083.0,7100.0,359068843.0,359068843.0,359068843.0,0.0,3,SUR,0.98,
TQBR,2022-06-08,ÔמסÀדנמ אמ,PHOR,5898,339656779.0,7140.0,7075.0,7232.0,7195.0,7126.0,7195.0,47665,7126.0,7126.0,7195.0,339656779.0,339656779.0,339656779.0,0.0,3,SUR,1.34,
TQBR,2022-06-09,ÔמסÀדנמ אמ,PHOR,5782,223960967.0,7196.0,7080.0,7231.0,7231.0,7157.0,7231.0,31294,7157.0,7157.0,7231.0,223960967.0,223960967.0,223960967.0,0.0,3,SUR,0.5,
TQBR,2022-06-10,ÔמסÀדנמ אמ,PHOR,6161,253042782.0,7231.0,7162.0,7277.0,7262.0,7225.0,7262.0,35021,7225.0,7225.0,7262.0,253042782.0,253042782.0,253042782.0,0.0,3,SUR,0.43,
TQBR,2022-06-14,ÔמסÀדנמ אמ,PHOR,6090,311486097.0,7276.0,7100.0,7276.0,7190.0,7195.0,7190.0,43291,7195.0,7195.0,7190.0,311486097.0,311486097.0,311486097.0,0.0,3,SUR,-0.99,
TQBR,2022-06-15,ÔמסÀדנמ אמ,PHOR,6859,306860075.0,7190.0,7101.0,7237.0,7217.0,7196.0,7217.0,42660,7193.0,7193.0,7217.0,306860075.0,306860075.0,306860075.0,0.0,3,SUR,0.38,
TQBR,2022-06-16,ÔמסÀדנמ אמ,PHOR,21909,885578240.0,7237.0,7226.0,7690.0,7670.0,7514.0,7670.0,117805,7517.0,7517.0,7670.0,885578240.0,885578240.0,885578240.0,0.0,3,SUR,6.28,
TQBR,2022-06-17,ÔמסÀדנמ אמ,PHOR,12782,487354108.0,7700.0,7465.0,7701.0,7543.0,7546.0,7543.0,64571,7548.0,7548.0,7543.0,487354108.0,487354108.0,487354108.0,0.0,3,SUR,-1.66,
TQBR,2022-06-20,ÔמסÀדנמ אמ,PHOR,21867,894680865.0,7580.0,7543.0,7890.0,7850.0,7790.0,7850.0,114847,7790.0,7790.0,7850.0,894680865.0,894680865.0,894680865.0,0.0,3,SUR,4.07,
TQBR,2022-06-21,ÔמסÀדנמ אמ,PHOR,16490,679875304.0,7876.0,7652.0,7930.0,7770.0,7776.0,7770.0,87436,7776.0,7776.0,7770.0,679875304.0,679875304.0,679875304.0,0.0,3,SUR,-1.02,
TQBR,2022-06-22,ÔמסÀדנמ אמ,PHOR,26248,1151264830.0,7735.0,7603.0,8000.0,7802.0,7917.0,7802.0,145485,7913.0,7913.0,7802.0,1151264830.0,1151264830.0,1151264830.0,0.0,3,SUR,0.41,
TQBR,2022-06-23,ÔמסÀדנמ אמ,PHOR,13982,559315345.0,7900.0,7802.0,7991.0,7990.0,7912.0,7990.0,70725,7908.0,7908.0,7990.0,559315345.0,559315345.0,559315345.0,0.0,3,SUR,2.41,
TQBR,2022-06-24,ÔמסÀדנמ אמ,PHOR,11833,406788827.0,7950.0,7820.0,7979.0,7909.0,7894.0,7909.0,51532,7894.0,7894.0,7909.0,406788827.0,406788827.0,406788827.0,0.0,3,SUR,-1.01,
TQBR,2022-06-27,ÔמסÀדנמ אמ,PHOR,11602,370025378.0,7870.0,7808.0,7965.0,7930.0,7886.0,7930.0,46921,7886.0,7886.0,7930.0,370025378.0,370025378.0,370025378.0,0.0,3,SUR,0.27,
TQBR,2022-06-28,ÔמסÀדנמ אמ,PHOR,8775,305516427.0,7924.0,7840.0,7979.0,7881.0,7893.0,7881.0,38710,7892.0,7892.0,7881.0,305516427.0,305516427.0,305516427.0,0.0,3,SUR,-0.62,
TQBR,2022-06-29,ÔמסÀדנמ אמ,PHOR,17260,631152246.0,7880.0,7871.0,8097.0,8085.0,7969.0,8085.0,79193,7970.0,7970.0,8085.0,631152246.0,631152246.0,631152246.0,0.0,3,SUR,2.59,
TQBR,2022-06-30,ÔמסÀדנמ אמ,PHOR,39803,1657636517.0,8052.0,7243.0,8410.0,7880.0,8011.0,7880.0,206723,8019.0,8019.0,7880.0,1657636517.0,1657636517.0,1657636517.0,0.0,3,SUR,-2.54,
TQBR,2022-07-01,ÔמסÀדנמ אמ,PHOR,9242,432277667.0,7825.0,7698.0,8037.0,7800.0,7926.0,7800.0,54588,7919.0,7919.0,7800.0,432277667.0,432277667.0,432277667.0,0.0,3,SUR,-1.02,
TQBR,2022-07-04,ÔמסÀדנמ אמ,PHOR,22811,1075481926.0,7327.0,7210.0,7766.0,7692.0,7523.0,7692.0,143121,7514.0,7514.0,7692.0,1075481926.0,1075481926.0,1075481926.0,0.0,3,SUR,-1.38,
TQBR,2022-07-05,ÔמסÀדנמ אמ,PHOR,9945,394806393.0,7695.0,7440.0,7738.0,7631.0,7596.0,7631.0,51973,7596.0,7596.0,7631.0,394806393.0,394806393.0,394806393.0,0.0,3,SUR,-0.79,
TQBR,2022-07-06,ÔמסÀדנמ אמ,PHOR,12640,601128437.0,7600.0,7556.0,7930.0,7865.0,7733.0,7865.0,77770,7730.0,7730.0,7865.0,601128437.0,601128437.0,601128437.0,0.0,3,SUR,3.07,
TQBR,2022-07-07,ÔמסÀדנמ אמ,PHOR,7094,337603992.0,7861.0,7806.0,7962.0,7920.0,7901.0,7920.0,42727,7901.0,7901.0,7920.0,337603992.0,337603992.0,337603992.0,0.0,3,SUR,0.7,
TQBR,2022-07-08,ÔמסÀדנמ אמ,PHOR,5522,212966870.0,7919.0,7825.0,7940.0,7929.0,7891.0,7929.0,26989,7891.0,7891.0,7929.0,212966870.0,212966870.0,212966870.0,0.0,3,SUR,0.11,
TQBR,2022-07-11,ÔמסÀדנמ אמ,PHOR,7138,296171687.0,7900.0,7675.0,7950.0,7726.0,7797.0,7726.0,37983,7797.0,7797.0,7726.0,296171687.0,296171687.0,296171687.0,0.0,3,SUR,-2.56,
TQBR,2022-07-12,ÔמסÀדנמ אמ,PHOR,11771,563998219.0,7724.0,7255.0,7736.0,7302.0,7406.0,7302.0,76011,7420.0,7420.0,7302.0,563998219.0,563998219.0,563998219.0,0.0,3,SUR,-5.49,
TQBR,2022-07-13,ÔמסÀדנמ אמ,PHOR,13805,551176481.0,7305.0,6931.0,7388.0,7102.0,7107.0,7102.0,77549,7107.0,7107.0,7102.0,551176481.0,551176481.0,551176481.0,0.0,3,SUR,-2.74,
TQBR,2022-07-14,ÔמסÀדנמ אמ,PHOR,11733,474565891.0,7102.0,7023.0,7370.0,7238.0,7248.0,7238.0,65479,7248.0,7248.0,7238.0,474565891.0,474565891.0,474565891.0,0.0,3,SUR,1.91,
TQBR,2022-07-15,ÔמסÀדנמ אמ,PHOR,19275,991378340.0,7449.0,7301.0,7690.0,7423.0,7450.0,7423.0,133073,7450.0,7450.0,7423.0,991378340.0,991378340.0,991378340.0,0.0,3,SUR,2.56,
TQBR,2022-07-18,ÔמסÀדנמ אמ,PHOR,10371,487182186.0,7500.0,7268.0,7600.0,7320.0,7460.0,7320.0,65307,7460.0,7460.0,7320.0,487182186.0,487182186.0,487182186.0,0.0,3,SUR,-1.39,
TQBR,2022-07-19,ÔמסÀדנמ אמ,PHOR,7624,288781214.0,7315.0,7180.0,7395.0,7225.0,7263.0,7225.0,39759,7263.0,7263.0,7225.0,288781214.0,288781214.0,288781214.0,0.0,3,SUR,-1.3,
TQBR,2022-07-20,ÔמסÀדנמ אמ,PHOR,3881,143039855.0,7272.0,7168.0,7274.0,7190.0,7229.0,7190.0,19786,7229.0,7229.0,7190.0,143039855.0,143039855.0,143039855.0,0.0,3,SUR,-0.48,
TQBR,2022-07-21,ÔמסÀדנמ אמ,PHOR,9029,332892838.0,7189.0,7001.0,7246.0,7190.0,7142.0,7190.0,46610,7142.0,7142.0,7190.0,332892838.0,332892838.0,332892838.0,0.0,3,SUR,0.0,
TQBR,2022-07-22,ÔמסÀדנמ אמ,PHOR,5711,209623547.0,7233.0,7201.0,7348.0,7286.0,7273.0,7286.0,28823,7273.0,7273.0,7286.0,209623547.0,209623547.0,209623547.0,0.0,3,SUR,1.34,
TQBR,2022-07-25,ÔמסÀדנמ אמ,PHOR,7089,259185782.0,7300.0,7203.0,7423.0,7245.0,7308.0,7245.0,35457,7310.0,7310.0,7245.0,259185782.0,259185782.0,259185782.0,0.0,3,SUR,-0.56,
TQBR,2022-07-26,ÔמסÀדנמ אמ,PHOR,6807,241533649.0,7245.0,7180.0,7318.0,7262.0,7244.0,7262.0,33344,7244.0,7244.0,7262.0,241533649.0,241533649.0,241533649.0,0.0,3,SUR,0.23,
TQBR,2022-07-27,ÔמסÀדנמ אמ,PHOR,8919,353361591.0,7262.0,7224.0,7405.0,7379.0,7325.0,7379.0,48246,7324.0,7324.0,7379.0,353361591.0,353361591.0,353361591.0,0.0,3,SUR,1.61,
TQBR,2022-07-28,ÔמסÀדנמ אמ,PHOR,8002,277706030.0,7400.0,7286.0,7500.0,7360.0,7384.0,7360.0,37610,7384.0,7384.0,7360.0,277706030.0,277706030.0,277706030.0,0.0,3,SUR,-0.26,
TQBR,2022-07-29,ÔמסÀדנמ אמ,PHOR,7296,367861450.0,7393.0,7318.0,7510.0,7441.0,7426.0,7441.0,49540,7426.0,7426.0,7441.0,367861450.0,367861450.0,367861450.0,0.0,3,SUR,1.1,
TQBR,2022-08-01,ÔמסÀדנמ אמ,PHOR,6453,265279955.0,7450.0,7260.0,7484.0,7305.0,7341.0,7305.0,36129,7343.0,7343.0,7305.0,265279955.0,265279955.0,265279955.0,0.0,3,SUR,-1.83,
TQBR,2022-08-02,ÔמסÀדנמ אמ,PHOR,4909,177684219.0,7296.0,7200.0,7330.0,7211.0,7248.0,7211.0,24515,7248.0,7248.0,7211.0,177684219.0,177684219.0,177684219.0,0.0,3,SUR,-1.29,
TQBR,2022-08-03,ÔמסÀדנמ אמ,PHOR,7883,261129741.0,7163.0,7070.0,7210.0,7148.0,7148.0,7148.0,36532,7148.0,7148.0,7148.0,261129741.0,261129741.0,261129741.0,0.0,3,SUR,-0.87,
TQBR,2022-08-04,ÔמסÀדנמ אמ,PHOR,10470,440489661.0,7150.0,7052.0,7292.0,7081.0,7149.0,7081.0,61573,7154.0,7154.0,7081.0,440489661.0,440489661.0,440489661.0,0.0,3,SUR,-0.94,
TQBR,2022-08-05,ÔמסÀדנמ אמ,PHOR,14694,630655941.0,7075.0,6801.0,7075.0,6847.0,6901.0,6847.0,91332,6905.0,6905.0,6847.0,630655941.0,630655941.0,630655941.0,0.0,3,SUR,-3.3,
TQBR,2022-08-08,ÔמסÀדנמ אמ,PHOR,19869,905248005.0,7005.0,6901.0,7444.0,7444.0,7094.0,7444.0,127594,7095.0,7095.0,7444.0,905248005.0,905248005.0,905248005.0,0.0,3,SUR,8.72,
TQBR,2022-08-09,ÔמסÀדנמ אמ,PHOR,15460,787678102.0,7410.0,7262.0,7485.0,7368.0,7357.0,7368.0,107076,7356.0,7356.0,7368.0,787678102.0,787678102.0,787678102.0,0.0,3,SUR,-1.02,
TQBR,2022-08-10,ÔמסÀדנמ אמ,PHOR,5807,248842127.0,7368.0,7316.0,7428.0,7353.0,7365.0,7353.0,33788,7365.0,7365.0,7353.0,248842127.0,248842127.0,248842127.0,0.0,3,SUR,-0.2,
TQBR,2022-08-11,ÔמסÀדנמ אמ,PHOR,5157,254571855.0,7355.0,7330.0,7420.0,7350.0,7365.0,7350.0,34563,7365.0,7365.0,7350.0,254571855.0,254571855.0,254571855.0,0.0,3,SUR,-0.04,
TQBR,2022-08-12,ÔמסÀדנמ אמ,PHOR,14534,524014527.0,7355.0,7072.0,7470.0,7410.0,7346.0,7410.0,71334,7346.0,7346.0,7410.0,524014527.0,524014527.0,524014527.0,0.0,3,SUR,0.82,
TQBR,2022-08-15,ÔמסÀדנמ אמ,PHOR,8255,350188391.0,7429.0,7400.0,7589.0,7542.0,7520.0,7542.0,46570,7520.0,7520.0,7542.0,350188391.0,350188391.0,350188391.0,0.0,3,SUR,1.78,
TQBR,2022-08-16,ÔמסÀדנמ אמ,PHOR,6351,280192288.0,7550.0,7528.0,7681.0,7663.0,7615.0,7663.0,36800,7614.0,7614.0,7663.0,280192288.0,280192288.0,280192288.0,0.0,3,SUR,1.6,
TQBR,2022-08-17,ÔמסÀדנמ אמ,PHOR,12837,586787336.0,7666.0,7600.0,7915.0,7899.0,7761.0,7899.0,75596,7762.0,7762.0,7899.0,586787336.0,586787336.0,586787336.0,0.0,3,SUR,3.08,
TQBR,2022-08-18,ÔמסÀדנמ אמ,PHOR,24587,1150863831.0,7899.0,7633.0,8000.0,7884.0,7844.0,7884.0,146822,7838.0,7838.0,7884.0,1150863831.0,1150863831.0,1150863831.0,0.0,3,SUR,-0.19,
TQBR,2022-08-19,ÔמסÀדנמ אמ,PHOR,39860,2071230341.0,8466.0,8030.0,8466.0,8075.0,8191.0,8075.0,252818,8193.0,8193.0,8075.0,2071230341.0,2071230341.0,2071230341.0,0.0,3,SUR,2.42,
TQBR,2022-08-22,ÔמסÀדנמ אמ,PHOR,13414,486381451.0,8110.0,8012.0,8140.0,8060.0,8056.0,8060.0,60367,8057.0,8057.0,8060.0,486381451.0,486381451.0,486381451.0,0.0,3,SUR,-0.19,
TQBR,2022-08-23,ÔמסÀדנמ אמ,PHOR,13141,532354466.0,8073.0,7922.0,8091.0,7925.0,7976.0,7925.0,66735,7977.0,7977.0,7925.0,532354466.0,532354466.0,532354466.0,0.0,3,SUR,-1.67,
TQBR,2022-08-24,ÔמסÀדנמ אמ,PHOR,10882,368687279.0,7920.0,7826.0,7969.0,7842.0,7891.0,7842.0,46713,7893.0,7893.0,7842.0,368687279.0,368687279.0,368687279.0,0.0,3,SUR,-1.05,
TQBR,2022-08-25,ÔמסÀדנמ אמ,PHOR,10544,396237918.0,7860.0,7803.0,7947.0,7862.0,7864.0,7862.0,50387,7864.0,7864.0,7862.0,396237918.0,396237918.0,396237918.0,0.0,3,SUR,0.26,
TQBR,2022-08-26,ÔמסÀדנמ אמ,PHOR,8670,410622699.0,7869.0,7863.0,7979.0,7979.0,7936.0,7979.0,51734,7937.0,7937.0,7979.0,410622699.0,410622699.0,410622699.0,0.0,3,SUR,1.49,
TQBR,2022-08-29,ÔמסÀדנמ אמ,PHOR,7164,320058043.0,7980.0,7979.0,8077.0,8020.0,8037.0,8020.0,39819,8038.0,8038.0,8020.0,320058043.0,320058043.0,320058043.0,0.0,3,SUR,0.51,
TQBR,2022-08-30,ÔמסÀדנמ אמ,PHOR,7321,247895549.0,8018.0,7960.0,8050.0,7962.0,7997.0,7962.0,30999,7997.0,7997.0,7962.0,247895549.0,247895549.0,247895549.0,0.0,3,SUR,-0.72,
TQBR,2022-08-31,ÔמסÀדנמ אמ,PHOR,10707,476735395.0,7947.0,7666.0,8040.0,7918.0,7930.0,7918.0,60111,7931.0,7931.0,7918.0,476735395.0,476735395.0,476735395.0,0.0,3,SUR,-0.55,
TQBR,2022-09-01,ÔמסÀדנמ אמ,PHOR,10496,460351038.0,7950.0,7924.0,8040.0,8009.0,7993.0,8009.0,57587,7994.0,7994.0,8009.0,460351038.0,460351038.0,460351038.0,0.0,3,SUR,1.15,
TQBR,2022-09-02,ÔמסÀדנמ אמ,PHOR,5812,273752361.0,8022.0,7965.0,8030.0,7989.0,7988.0,7989.0,34264,7990.0,7990.0,7989.0,273752361.0,273752361.0,273752361.0,0.0,3,SUR,-0.25,
TQBR,2022-09-05,ÔמסÀדנמ אמ,PHOR,9590,475145148.0,7995.0,7965.0,8160.0,8153.0,8046.0,8153.0,59025,8050.0,8050.0,8153.0,475145148.0,475145148.0,475145148.0,0.0,3,SUR,2.05,
TQBR,2022-09-06,ÔמסÀדנמ אמ,PHOR,30022,1401818107.0,8153.0,7833.0,8188.0,7935.0,7985.0,7935.0,175488,7988.0,7988.0,7935.0,1401818107.0,1401818107.0,1401818107.0,0.0,3,SUR,-2.67,
TQBR,2022-09-07,ÔמסÀדנמ אמ,PHOR,19178,879093736.0,7900.0,7720.0,7900.0,7789.0,7789.0,7789.0,112874,7788.0,7788.0,7789.0,879093736.0,879093736.0,879093736.0,0.0,3,SUR,-1.84,
TQBR,2022-09-08,ÔמסÀדנמ אמ,PHOR,9688,470345798.0,7754.0,7720.0,7827.0,7741.0,7756.0,7741.0,60642,7756.0,7756.0,7741.0,470345798.0,470345798.0,470345798.0,0.0,3,SUR,-0.62,
TQBR,2022-09-09,ÔמסÀדנמ אמ,PHOR,7219,350057904.0,7785.0,7700.0,7785.0,7770.0,7750.0,7770.0,45166,7750.0,7750.0,7770.0,350057904.0,350057904.0,350057904.0,0.0,3,SUR,0.37,
TQBR,2022-09-12,ÔמסÀדנמ אמ,PHOR,9848,459102663.0,7770.0,7762.0,7899.0,7834.0,7856.0,7859.0,58450,7855.0,7855.0,7834.0,440135269.0,440135269.0,440135269.0,0.0,3,SUR,1.15,
TQBR,2022-09-13,ÔמסÀדנמ אמ,PHOR,11343,573657858.0,7890.0,7784.0,7930.0,7913.0,7873.0,7909.0,72836,7874.0,7874.0,7913.0,535005374.0,535005374.0,535005374.0,0.0,3,SUR,0.64,
TQBR,2022-09-14,ÔמסÀדנמ אמ,PHOR,40705,2184085155.0,7795.0,7560.0,7807.0,7600.0,7647.0,7631.0,285586,7649.0,7649.0,7600.0,2098086849.0,2098086849.0,2098086849.0,0.0,3,SUR,-3.51,
TQBR,2022-09-15,ÔמסÀדנמ אמ,PHOR,28974,1173061911.0,7643.0,7455.0,7650.0,7614.0,7556.0,7625.0,155259,7552.0,7552.0,7614.0,1118125247.0,1118125247.0,1118125247.0,0.0,3,SUR,-0.08,
TQBR,2022-09-16,ÔמסÀדנמ אמ,PHOR,19042,909815205.0,7636.0,7540.0,7731.0,7629.0,7630.0,7640.0,119180,7634.0,7634.0,7629.0,870047368.0,870047368.0,870047368.0,0.0,3,SUR,0.2,
TQBR,2022-09-19,ÔמסÀדנמ אמ,PHOR,9875,455942424.0,7687.0,7578.0,7709.0,7590.0,7628.0,7632.0,59762,7630.0,7630.0,7590.0,426425951.0,426425951.0,426425951.0,0.0,3,SUR,-0.1,
TQBR,2022-09-20,ÔמסÀדנמ אמ,PHOR,51118,2243125531.0,7635.0,6850.0,7635.0,7047.0,7303.0,7207.0,307204,7354.0,7354.0,7047.0,1787030939.0,1787030939.0,1787030939.0,0.0,3,SUR,-5.57,
TQBR,2022-09-21,ÔמסÀדנמ אמ,PHOR,32322,1446347344.0,6580.0,6300.0,7400.0,7250.0,7055.0,7150.0,205020,7045.0,7045.0,7250.0,1319421058.0,1319421058.0,1319421058.0,0.0,3,SUR,-0.79,
TQBR,2022-09-22,ÔמסÀדנמ אמ,PHOR,25141,1132247282.0,7180.0,7075.0,7500.0,7281.0,7300.0,7370.0,155088,7299.0,7299.0,7281.0,1076616140.0,1076616140.0,1076616140.0,0.0,3,SUR,3.08,
TQBR,2022-09-23,ÔמסÀדנמ אמ,PHOR,50562,2494416259.0,7370.0,6817.0,7370.0,7120.0,7094.0,7188.0,351202,7078.0,7078.0,7120.0,2057472457.0,2057472457.0,2057472457.0,0.0,3,SUR,-2.47,
TQBR,2022-09-26,ÔמסÀדנמ אמ,PHOR,40405,1586895116.0,7150.0,6503.0,7173.0,6933.0,6847.0,6868.0,231766,6843.0,6843.0,6933.0,1501171339.0,1501171339.0,1501171339.0,0.0,3,SUR,-4.45,
TQBR,2022-09-27,ÔמסÀדנמ אמ,PHOR,20804,810610035.0,6912.0,6876.0,7140.0,7013.0,7021.0,7026.0,115461,7021.0,7021.0,7013.0,740400348.0,740400348.0,740400348.0,0.0,3,SUR,2.3,
TQBR,2022-09-28,ÔמסÀדנמ אמ,PHOR,24264,999336421.0,7176.0,7024.0,7200.0,7101.0,7113.0,7155.0,140493,7109.0,7109.0,7101.0,879901085.0,879901085.0,879901085.0,0.0,3,SUR,1.84,
TQBR,2022-09-29,ÔמסÀדנמ אמ,PHOR,30759,1375519457.0,7169.0,6888.0,7197.0,7089.0,7023.0,6911.0,195867,7027.0,7027.0,7089.0,1130203423.0,1130203423.0,1130203423.0,0.0,3,SUR,-3.41,
TQBR,2022-09-30,ÔמסÀדנמ אמ,PHOR,47559,1737018238.0,6380.0,6002.0,6400.0,6260.0,6260.0,6305.0,277467,6259.0,6259.0,6260.0,1650098700.0,1650098700.0,1650098700.0,0.0,3,SUR,-8.77,
TQBR,2022-10-03,ÔמסÀדנמ אמ,PHOR,18555,625283393.0,6305.0,6211.0,6382.0,6240.0,6277.0,6288.0,99588,6282.0,6282.0,6240.0,540326314.0,540326314.0,540326314.0,0.0,3,SUR,-0.27,
TQBR,2022-10-04,ÔמסÀדנמ אמ,PHOR,21710,785500232.0,6270.0,6018.0,6285.0,6155.0,6122.0,6111.0,128260,6124.0,6124.0,6155.0,711762558.0,711762558.0,711762558.0,0.0,3,SUR,-2.81,
TQBR,2022-10-05,ÔמסÀדנמ אמ,PHOR,23001,709342503.0,6111.0,5881.0,6120.0,5964.0,5983.0,5932.0,118560,5986.0,5986.0,5964.0,643731786.0,643731786.0,643731786.0,0.0,3,SUR,-2.93,
TQBR,2022-10-06,ÔמסÀדנמ אמ,PHOR,19752,593846181.0,5918.0,5900.0,6032.0,5968.0,5960.0,5931.0,99634,5961.0,5961.0,5968.0,557648938.0,557648938.0,557648938.0,0.0,3,SUR,-0.02,
TQBR,2022-10-07,ÔמסÀדנמ אמ,PHOR,24432,625691426.0,5925.0,5685.0,5985.0,5829.0,5881.0,5685.0,106402,5935.0,5935.0,5829.0,450474640.0,450474640.0,450474640.0,0.0,3,SUR,-4.15,
TQBR,2022-10-10,ÔמסÀדנמ אמ,PHOR,32753,1001138907.0,5570.0,5365.0,5920.0,5741.0,5658.0,5767.0,176928,5654.0,5654.0,5741.0,947789383.0,947789383.0,947789383.0,0.0,3,SUR,1.44,
TQBR,2022-10-11,ÔמסÀדנמ אמ,PHOR,14760,560029901.0,5845.0,5676.0,5873.0,5782.0,5771.0,5798.0,96950,5775.0,5775.0,5782.0,528174198.0,528174198.0,528174198.0,0.0,3,SUR,0.54,
TQBR,2022-10-12,ÔמסÀדנמ אמ,PHOR,13122,417601688.0,5824.0,5717.0,5868.0,5740.0,5785.0,5749.0,72208,5785.0,5785.0,5740.0,399059009.0,399059009.0,399059009.0,0.0,3,SUR,-0.85,
TQBR,2022-10-13,ÔמסÀדנמ אמ,PHOR,11402,336476490.0,5783.0,5705.0,5786.0,5719.0,5734.0,5742.0,58666,5736.0,5736.0,5719.0,312298059.0,312298059.0,312298059.0,0.0,3,SUR,-0.12,
TQBR,2022-10-14,ÔמסÀדנמ אמ,PHOR,8160,225133676.0,5758.0,5718.0,5781.0,5731.0,5744.0,5755.0,39187,5746.0,5746.0,5731.0,197564103.0,197564103.0,197564103.0,0.0,3,SUR,0.23,
TQBR,2022-10-17,ÔמסÀדנמ אמ,PHOR,15303,483150304.0,5770.0,5765.0,6065.0,5958.0,5927.0,6060.0,81523,5911.0,5911.0,5958.0,408467366.0,408467366.0,408467366.0,0.0,3,SUR,5.3,
TQBR,2022-10-18,ÔמסÀדנמ אמ,PHOR,27282,957030615.0,6110.0,5957.0,6280.0,6260.0,6109.0,6119.0,156663,6094.0,6094.0,6260.0,745286563.0,745286563.0,745286563.0,0.0,3,SUR,0.97,
TQBR,2022-10-19,ÔמסÀדנמ אמ,PHOR,9040,290238146.0,6118.0,6043.0,6175.0,6070.0,6085.0,6086.0,47698,6085.0,6085.0,6070.0,262224298.0,262224298.0,262224298.0,0.0,3,SUR,-0.54,
TQBR,2022-10-20,ÔמסÀדנמ אמ,PHOR,9003,302777245.0,6100.0,6076.0,6210.0,6133.0,6133.0,6167.0,49362,6125.0,6125.0,6133.0,243172531.0,243172531.0,243172531.0,0.0,3,SUR,1.33,
TQBR,2022-10-21,ÔמסÀדנמ אמ,PHOR,9004,336441105.0,6167.0,6056.0,6167.0,6136.0,6116.0,6110.0,55010,6114.0,6114.0,6136.0,206266281.0,206266281.0,206266281.0,0.0,3,SUR,-0.92,
TQBR,2022-10-24,ÔמסÀדנמ אמ,PHOR,9894,351117689.0,6148.0,6068.0,6242.0,6219.0,6155.0,6216.0,57034,6142.0,6142.0,6219.0,286940215.0,286940215.0,286940215.0,0.0,3,SUR,1.73,
TQBR,2022-10-25,ÔמסÀדנמ אמ,PHOR,16955,762375196.0,6240.0,6144.0,6298.0,6235.0,6221.0,6220.0,122558,6220.0,6220.0,6235.0,683320878.0,683320878.0,683320878.0,0.0,3,SUR,0.06,
TQBR,2022-10-26,ÔמסÀדנמ אמ,PHOR,11543,374374015.0,6235.0,6075.0,6244.0,6160.0,6154.0,6168.0,60832,6153.0,6153.0,6160.0,328934372.0,328934372.0,328934372.0,0.0,3,SUR,-0.84,
TQBR,2022-10-27,ÔמסÀדנמ אמ,PHOR,19321,601763855.0,6200.0,6117.0,6330.0,6175.0,6194.0,6330.0,97120,6156.0,6156.0,6175.0,352834183.0,352834183.0,352834183.0,0.0,3,SUR,2.63,
TQBR,2022-10-28,ÔמסÀדנמ אמ,PHOR,30588,1122536815.0,6390.0,6226.0,6486.0,6305.0,6346.0,6274.0,176883,6351.0,6351.0,6305.0,1031426269.0,1031426269.0,1031426269.0,0.0,3,SUR,-0.88,
TQBR,2022-10-31,ÔמסÀדנמ אמ,PHOR,17262,552950309.0,6301.0,6286.0,6375.0,6310.0,6327.0,6320.0,87396,6328.0,6328.0,6310.0,498077638.0,498077638.0,498077638.0,0.0,3,SUR,0.73,
TQBR,2022-11-01,ÔמסÀדנמ אמ,PHOR,13065,455824920.0,6342.0,6301.0,6358.0,6312.0,6330.0,6313.0,72006,6334.0,6334.0,6312.0,371912480.0,371912480.0,371912480.0,0.0,3,SUR,-0.11,
TQBR,2022-11-02,ÔמסÀדנמ אמ,PHOR,46031,2403739524.0,6320.0,6305.0,6628.0,6584.0,6519.0,6507.0,368716,6517.0,6517.0,6584.0,2024278753.0,2024278753.0,2024278753.0,0.0,3,SUR,3.07,
TQBR,2022-11-03,ÔמסÀדנמ אמ,PHOR,33334,1740000014.0,6534.0,6410.0,6679.0,6469.0,6445.0,6628.0,266445,6481.0,6481.0,6469.0,829110950.0,829110950.0,829110950.0,0.0,3,SUR,1.86,
TQBR,2022-11-07,ÔמסÀדנמ אמ,PHOR,24969,1149064692.0,6700.0,6517.0,6700.0,6566.0,6588.0,6598.0,174394,6589.0,6589.0,6566.0,1029034145.0,1029034145.0,1029034145.0,0.0,3,SUR,-0.45,
TQBR,2022-11-08,ÔמסÀדנמ אמ,PHOR,10947,453991275.0,6601.0,6530.0,6630.0,6549.0,6557.0,6557.0,69239,6555.0,6555.0,6549.0,365796501.0,365796501.0,365796501.0,0.0,3,SUR,-0.62,
TQBR,2022-11-09,ÔמסÀדנמ אמ,PHOR,18776,656081130.0,6542.0,6301.0,6548.0,6382.0,6447.0,6404.0,101798,6476.0,6476.0,6382.0,462301886.0,462301886.0,462301886.0,0.0,3,SUR,-2.33,
TQBR,2022-11-10,ÔמסÀדנמ אמ,PHOR,14451,522037055.0,6403.0,6376.0,6515.0,6502.0,6473.0,6507.0,80648,6470.0,6470.0,6502.0,465565469.0,465565469.0,465565469.0,0.0,3,SUR,1.61,
TQBR,2022-11-11,ÔמסÀדנמ אמ,PHOR,15363,616711643.0,6525.0,6390.0,6531.0,6419.0,6445.0,6453.0,95686,6447.0,6447.0,6419.0,545320069.0,545320069.0,545320069.0,0.0,3,SUR,-0.83,
TQBR,2022-11-14,ÔמסÀדנמ אמ,PHOR,13504,523584310.0,6491.0,6425.0,6545.0,6483.0,6485.0,6466.0,80732,6501.0,6501.0,6483.0,376496470.0,376496470.0,376496470.0,0.0,3,SUR,0.2,
TQBR,2022-11-15,ÔמסÀדנמ אמ,PHOR,28186,996267829.0,6455.0,6161.0,6495.0,6473.0,6363.0,6301.0,156595,6416.0,6416.0,6473.0,525431781.0,525431781.0,525431781.0,0.0,3,SUR,-2.55,
TQBR,2022-11-16,ÔמסÀדנמ אמ,PHOR,13690,432215545.0,6327.0,6327.0,6465.0,6432.0,6426.0,6430.0,67257,6425.0,6425.0,6432.0,396867047.0,396867047.0,396867047.0,0.0,3,SUR,2.05,
TQBR,2022-11-17,ÔמסÀדנמ אמ,PHOR,14238,572222851.0,6452.0,6430.0,6539.0,6505.0,6507.0,6500.0,87973,6506.0,6506.0,6505.0,530693815.0,530693815.0,530693815.0,0.0,3,SUR,1.09,
TQBR,2022-11-18,ÔמסÀדנמ אמ,PHOR,8142,321551151.0,6481.0,6404.0,6534.0,6430.0,6449.0,6432.0,49862,6451.0,6451.0,6430.0,282141213.0,282141213.0,282141213.0,0.0,3,SUR,-1.05,
TQBR,2022-11-21,ÔמסÀדנמ אמ,PHOR,15026,409206254.0,6432.0,6301.0,6434.0,6347.0,6352.0,6369.0,64417,6352.0,6352.0,6347.0,373323475.0,373323475.0,373323475.0,0.0,3,SUR,-0.98,
TQBR,2022-11-22,ÔמסÀדנמ אמ,PHOR,6303,235757573.0,6375.0,6322.0,6421.0,6390.0,6364.0,6377.0,37046,6360.0,6360.0,6390.0,202626847.0,202626847.0,202626847.0,0.0,3,SUR,0.13,
TQBR,2022-11-23,ÔמסÀדנמ אמ,PHOR,6460,213746148.0,6390.0,6347.0,6410.0,6372.0,6378.0,6365.0,33512,6379.0,6379.0,6372.0,186384386.0,186384386.0,186384386.0,0.0,3,SUR,-0.19,
TQBR,2022-11-24,ÔמסÀדנמ אמ,PHOR,7374,281616627.0,6365.0,6355.0,6435.0,6428.0,6395.0,6425.0,44040,6392.0,6392.0,6428.0,260356567.0,260356567.0,260356567.0,0.0,3,SUR,0.94,
TQBR,2022-11-25,ÔמסÀדנמ אמ,PHOR,8739,222243396.0,6434.0,6381.0,6457.0,6427.0,6423.0,6415.0,34600,6424.0,6424.0,6427.0,206747895.0,206747895.0,206747895.0,0.0,3,SUR,-0.16,
TQBR,2022-11-28,ÔמסÀדנמ אמ,PHOR,7379,235520521.0,6405.0,6383.0,6485.0,6420.0,6431.0,6429.0,36623,6433.0,6433.0,6420.0,202306312.0,202306312.0,202306312.0,0.0,3,SUR,0.22,
TQBR,2022-11-29,ÔמסÀדנמ אמ,PHOR,10355,274423939.0,6451.0,6420.0,6490.0,6460.0,6453.0,6470.0,42528,6452.0,6452.0,6460.0,261182294.0,261182294.0,261182294.0,0.0,3,SUR,0.64,
TQBR,2022-11-30,ÔמסÀדנמ אמ,PHOR,4196,149862262.0,6470.0,6412.0,6471.0,6430.0,6430.0,6443.0,23298,6431.0,6431.0,6430.0,131606990.0,131606990.0,131606990.0,0.0,3,SUR,-0.42,
TQBR,2022-12-01,ÔמסÀדנמ אמ,PHOR,4866,176194690.0,6460.0,6420.0,6462.0,6448.0,6438.0,6436.0,27366,6440.0,6440.0,6448.0,147300779.0,147300779.0,147300779.0,0.0,3,SUR,-0.11,
TQBR,2022-12-02,ÔמסÀדנמ אמ,PHOR,7744,283377420.0,6435.0,6336.0,6440.0,6391.0,6375.0,6377.0,44448,6375.0,6375.0,6391.0,255759544.0,255759544.0,255759544.0,0.0,3,SUR,-0.92,
TQBR,2022-12-05,ÔמסÀדנמ אמ,PHOR,4935,164722840.0,6376.0,6350.0,6414.0,6390.0,6387.0,6385.0,25792,6387.0,6387.0,6390.0,142823726.0,142823726.0,142823726.0,0.0,3,SUR,0.13,
TQBR,2022-12-06,ÔמסÀדנמ אמ,PHOR,7702,200803281.0,6387.0,6350.0,6399.0,6375.0,6377.0,6365.0,31488,6379.0,6379.0,6375.0,175146618.0,175146618.0,175146618.0,0.0,3,SUR,-0.31,
TQBR,2022-12-07,ÔמסÀדנמ אמ,PHOR,6054,241247969.0,6364.0,6311.0,6392.0,6380.0,6349.0,6381.0,37998,6346.0,6346.0,6380.0,223033255.0,223033255.0,223033255.0,0.0,3,SUR,0.25,
TQBR,2022-12-08,ÔמסÀדנמ אמ,PHOR,8057,201077563.0,6390.0,6350.0,6415.0,6398.0,6385.0,6401.0,31491,6385.0,6385.0,6398.0,186592661.0,186592661.0,186592661.0,0.0,3,SUR,0.31,
TQBR,2022-12-09,ÔמסÀדנמ אמ,PHOR,4023,165492215.0,6397.0,6335.0,6406.0,6371.0,6369.0,6355.0,25983,6371.0,6371.0,6371.0,144069815.0,144069815.0,144069815.0,0.0,3,SUR,-0.72,
TQBR,2022-12-12,ÔמסÀדנמ אמ,PHOR,5418,209753485.0,6356.0,6345.0,6405.0,6380.0,6369.0,6380.0,32931,6369.0,6369.0,6380.0,191309952.0,191309952.0,191309952.0,0.0,3,SUR,0.39,
TQBR,2022-12-13,ÔמסÀדנמ אמ,PHOR,4330,305003028.0,6382.0,6356.0,6384.0,6380.0,6366.0,6379.0,47914,6365.0,6365.0,6380.0,289010786.0,289010786.0,289010786.0,0.0,3,SUR,-0.02,
TQBR,2022-12-14,ÔמסÀדנמ אמ,PHOR,9416,454726448.0,6381.0,6212.0,6381.0,6343.0,6328.0,6352.0,71859,6326.0,6326.0,6343.0,390049646.0,390049646.0,390049646.0,0.0,3,SUR,-0.42,
TQBR,2022-12-15,ÔמסÀדנמ אמ,PHOR,12520,479417740.0,6302.0,6215.0,6345.0,6311.0,6285.0,6260.0,76292,6291.0,6291.0,6311.0,347722823.0,347722823.0,347722823.0,0.0,3,SUR,-1.45,
TQBR,2022-12-16,ÔמסÀדנמ אמ,PHOR,21797,854591970.0,5984.0,5970.0,6106.0,6090.0,6051.0,6082.0,141238,6049.0,6049.0,6090.0,815076515.0,815076515.0,815076515.0,0.0,3,SUR,-2.84,
TQBR,2022-12-19,ÔמסÀדנמ אמ,PHOR,19484,625593999.0,6080.0,5800.0,6080.0,6015.0,6013.0,5959.0,104037,6026.0,6026.0,6015.0,498876172.0,498876172.0,498876172.0,0.0,3,SUR,-2.02,
TQBR,2022-12-20,ÔמסÀדנמ אמ,PHOR,12973,387410684.0,5959.0,5959.0,6100.0,6082.0,6055.0,6100.0,63987,6050.0,6050.0,6082.0,342312263.0,342312263.0,342312263.0,0.0,3,SUR,2.37,
TQBR,2022-12-21,ÔמסÀדנמ אמ,PHOR,14279,501371935.0,6125.0,6113.0,6205.0,6191.0,6180.0,6181.0,81135,6180.0,6180.0,6191.0,476647462.0,476647462.0,476647462.0,0.0,3,SUR,1.33,
TQBR,2022-12-22,ÔמסÀדנמ אמ,PHOR,12845,444272359.0,6200.0,6161.0,6317.0,6257.0,6249.0,6309.0,71101,6240.0,6240.0,6257.0,364979998.0,364979998.0,364979998.0,0.0,3,SUR,2.07,
TQBR,2022-12-23,ÔמסÀדנמ אמ,PHOR,6874,261583937.0,6310.0,6180.0,6310.0,6220.0,6234.0,6204.0,41964,6240.0,6240.0,6220.0,211085751.0,211085751.0,211085751.0,0.0,3,SUR,-1.66,
TQBR,2022-12-26,ÔמסÀדנמ אמ,PHOR,6079,214326162.0,6233.0,6197.0,6296.0,6290.0,6246.0,6278.0,34313,6243.0,6243.0,6290.0,196884510.0,196884510.0,196884510.0,0.0,3,SUR,1.19,
TQBR,2022-12-27,ÔמסÀדנמ אמ,PHOR,6196,246286638.0,6290.0,6280.0,6375.0,6363.0,6335.0,6364.0,38879,6329.0,6329.0,6363.0,202060785.0,202060785.0,202060785.0,0.0,3,SUR,1.37,
TQBR,2022-12-28,ÔמסÀדנמ אמ,PHOR,10604,454094968.0,6373.0,6263.0,6390.0,6385.0,6328.0,6332.0,71759,6326.0,6326.0,6385.0,406076313.0,406076313.0,406076313.0,0.0,3,SUR,-0.5,
TQBR,2022-12-29,ÔמסÀדנמ אמ,PHOR,6983,235985328.0,6350.0,6333.0,6400.0,6400.0,6372.0,6386.0,37036,6370.0,6370.0,6400.0,208866677.0,208866677.0,208866677.0,0.0,3,SUR,0.85,
TQBR,2022-12-30,ÔמסÀדנמ אמ,PHOR,5617,213514259.0,6390.0,6380.0,6408.0,6401.0,6390.0,6390.0,33414,6390.0,6390.0,6401.0,180429897.0,180429897.0,180429897.0,0.0,3,SUR,0.06,
TQBR,2023-01-03,ÔמסÀדנמ אמ,PHOR,6318,220262396.0,6400.0,6390.0,6530.0,6500.0,6469.0,6520.0,34049,6462.0,6462.0,6500.0,178845390.0,178845390.0,178845390.0,0.0,3,SUR,2.03,
TQBR,2023-01-04,ÔמסÀדנמ אמ,PHOR,6413,192245469.0,6520.0,6485.0,6576.0,6517.0,6527.0,6527.0,29454,6527.0,6527.0,6517.0,172373034.0,172373034.0,172373034.0,0.0,3,SUR,0.11,
TQBR,2023-01-05,ÔמסÀדנמ אמ,PHOR,3949,132191938.0,6526.0,6492.0,6550.0,6522.0,6526.0,6518.0,20255,6527.0,6527.0,6522.0,119000297.0,119000297.0,119000297.0,0.0,3,SUR,-0.14,
TQBR,2023-01-06,ÔמסÀדנמ אמ,PHOR,4408,145912571.0,6530.0,6472.0,6530.0,6509.0,6503.0,6487.0,22439,6511.0,6511.0,6509.0,94825437.0,94825437.0,94825437.0,0.0,3,SUR,-0.48,
TQBR,2023-01-09,ÔמסÀדנמ אמ,PHOR,20838,688473221.0,6470.0,6300.0,6477.0,6300.0,6375.0,6382.0,108003,6377.0,6377.0,6300.0,600147867.0,600147867.0,600147867.0,0.0,3,SUR,-1.62,
TQBR,2023-01-10,ÔמסÀדנמ אמ,PHOR,7428,239704759.0,6382.0,6280.0,6382.0,6332.0,6333.0,6326.0,37863,6332.0,6332.0,6332.0,213520159.0,213520159.0,213520159.0,0.0,3,SUR,-0.88,
TQBR,2023-01-11,ÔמסÀדנמ אמ,PHOR,7043,270298799.0,6301.0,6286.0,6380.0,6365.0,6328.0,6372.0,42713,6325.0,6325.0,6365.0,247435477.0,247435477.0,247435477.0,0.0,3,SUR,0.73,
TQBR,2023-01-12,ÔמסÀדנמ אמ,PHOR,5029,137602217.0,6375.0,6343.0,6395.0,6360.0,6368.0,6360.0,21608,6370.0,6370.0,6360.0,118792042.0,118792042.0,118792042.0,0.0,3,SUR,-0.19,
TQBR,2023-01-13,ÔמסÀדנמ אמ,PHOR,3636,113330522.0,6363.0,6348.0,6384.0,6371.0,6369.0,6363.0,17794,6369.0,6369.0,6371.0,95102993.0,95102993.0,95102993.0,0.0,3,SUR,0.05,
TQBR,2023-01-16,ÔמסÀדנמ אמ,PHOR,5346,189563237.0,6399.0,6380.0,6432.0,6420.0,6412.0,6422.0,29563,6411.0,6411.0,,168636564.0,168636564.0,,0.0,3,SUR,0.93,
TQBR,2023-01-17,ÔמסÀדנמ אמ,PHOR,7377,238154411.0,6422.0,6328.0,6440.0,6363.0,6377.0,6373.0,37347,6384.0,6384.0,,165602992.0,165602992.0,,0.0,3,SUR,-0.76,
TQBR,2023-01-18,ÔמסÀדנמ אמ,PHOR,5409,241212089.0,6373.0,6337.0,6404.0,6383.0,6378.0,6376.0,37805,6381.0,6381.0,,220368606.0,220368606.0,,0.0,3,SUR,0.05,
TQBR,2023-01-19,ÔמסÀדנמ אמ,PHOR,4793,159401500.0,6376.0,6316.0,6385.0,6378.0,6350.0,6358.0,25102,6351.0,6351.0,,142769824.0,142769824.0,,0.0,3,SUR,-0.28,
TQBR,2023-01-20,ÔמסÀדנמ אמ,PHOR,4656,146325356.0,6360.0,6300.0,6361.0,6361.0,6324.0,6322.0,23137,6325.0,6325.0,,125516050.0,125516050.0,,0.0,3,SUR,-0.57,
TQBR,2023-01-23,ÔמסÀדנמ אמ,PHOR,7136,234370067.0,6310.0,6299.0,6425.0,6393.0,6381.0,6400.0,36731,6380.0,6380.0,,221937946.0,221937946.0,,0.0,3,SUR,1.23,
TQBR,2023-01-24,ÔמסÀדנמ אמ,PHOR,6676,221709370.0,6418.0,6373.0,6440.0,6426.0,6406.0,6398.0,34605,6407.0,6407.0,,207065459.0,207065459.0,,0.0,3,SUR,-0.03,
TQBR,2023-01-25,ÔמסÀדנמ אמ,PHOR,6191,161404567.0,6410.0,6325.0,6430.0,6425.0,6401.0,6420.0,25216,6400.0,6400.0,,153023046.0,153023046.0,,0.0,3,SUR,0.34,
TQBR,2023-01-26,ÔמסÀדנמ אמ,PHOR,3886,133453750.0,6421.0,6382.0,6430.0,6388.0,6396.0,6392.0,20865,6396.0,6396.0,,119036472.0,119036472.0,,0.0,3,SUR,-0.44,
TQBR,2023-01-27,ÔמסÀדנמ אמ,PHOR,5183,140893627.0,6415.0,6385.0,6425.0,6419.0,6411.0,6416.0,21977,6411.0,6411.0,,130067708.0,130067708.0,,0.0,3,SUR,0.38,
TQBR,2023-01-30,ÔמסÀדנמ אמ,PHOR,6608,228759019.0,6424.0,6418.0,6468.0,6460.0,6452.0,6459.0,35457,6451.0,6451.0,,212470247.0,212470247.0,,0.0,3,SUR,0.67,
TQBR,2023-01-31,ÔמסÀדנמ אמ,PHOR,5686,167918156.0,6459.0,6406.0,6480.0,6477.0,6464.0,6465.0,25978,6463.0,6463.0,,148113455.0,148113455.0,,0.0,3,SUR,0.09,
TQBR,2023-02-01,ÔמסÀדנמ אמ,PHOR,19483,771119227.0,6475.0,6457.0,6667.0,6607.0,6579.0,6600.0,117201,6579.0,6579.0,,741970430.0,741970430.0,,0.0,3,SUR,2.09,
TQBR,2023-02-02,ÔמסÀדנמ אמ,PHOR,8121,316888556.0,6617.0,6557.0,6648.0,6625.0,6615.0,6604.0,47901,6618.0,6618.0,,270090591.0,270090591.0,,0.0,3,SUR,0.06,
TQBR,2023-02-03,ÔמסÀדנמ אמ,PHOR,12114,531614990.0,6606.0,6600.0,6700.0,6621.0,6646.0,6664.0,79984,6645.0,6645.0,,467782195.0,467782195.0,,0.0,3,SUR,0.91,
TQBR,2023-02-06,ÔמסÀדנמ אמ,PHOR,21906,1016554206.0,6666.0,6637.0,6930.0,6876.0,6834.0,6896.0,148762,6830.0,6830.0,,948272127.0,948272127.0,,0.0,3,SUR,3.48,
TQBR,2023-02-07,ÔמסÀדנמ אמ,PHOR,17244,680858522.0,6915.0,6414.0,6976.0,6940.0,6897.0,6873.0,98711,6945.0,6945.0,,423849284.0,423849284.0,,0.0,3,SUR,-0.33,
TQBR,2023-02-08,ÔמסÀדנמ אמ,PHOR,26475,1183461407.0,6886.0,6699.0,7000.0,6768.0,6850.0,6745.0,172774,6862.0,6862.0,,1070338872.0,1070338872.0,,0.0,3,SUR,-1.86,
TQBR,2023-02-09,ÔמסÀדנמ אמ,PHOR,6692,284324420.0,6708.0,6702.0,6841.0,6830.0,6788.0,6825.0,41887,6783.0,6783.0,,252832219.0,252832219.0,,0.0,3,SUR,1.19,
TQBR,2023-02-10,ÔמסÀדנמ אמ,PHOR,6215,237991699.0,6825.0,6781.0,6875.0,6859.0,6827.0,6842.0,34858,6827.0,6827.0,,219405223.0,219405223.0,,0.0,3,SUR,0.25,
TQBR,2023-02-13,ÔמסÀדנמ אמ,PHOR,8789,298437841.0,6850.0,6739.0,6893.0,6780.0,6807.0,6780.0,43829,6819.0,6819.0,,238437457.0,238437457.0,,0.0,3,SUR,-0.91,
TQBR,2023-02-14,ÔמסÀדנמ אמ,PHOR,14928,343108854.0,6780.0,6638.0,6783.0,6688.0,6695.0,6676.0,51245,6696.0,6696.0,,324628722.0,324628722.0,,0.0,3,SUR,-1.53,
TQBR,2023-02-15,ÔמסÀדנמ אמ,PHOR,17481,630022883.0,6650.0,6330.0,6663.0,6439.0,6499.0,6407.0,96939,6526.0,6526.0,,500608129.0,500608129.0,,0.0,3,SUR,-4.03,
TQBR,2023-02-16,ÔמסÀדנמ אמ,PHOR,10490,365002080.0,6450.0,6380.0,6476.0,6418.0,6422.0,6409.0,56836,6424.0,6424.0,,330337078.0,330337078.0,,0.0,3,SUR,0.03,
TQBR,2023-02-17,ÔמסÀדנמ אמ,PHOR,11009,353735286.0,6417.0,6364.0,6431.0,6405.0,6401.0,6393.0,55262,6402.0,6402.0,,300344267.0,300344267.0,,0.0,3,SUR,-0.25,
TQBR,2023-02-20,ÔמסÀדנמ אמ,PHOR,8697,249595596.0,6380.0,6302.0,6393.0,6365.0,6338.0,6379.0,39369,6334.0,6334.0,,213020774.0,213020774.0,,0.0,3,SUR,-0.22,
TQBR,2023-02-21,ÔמסÀדנמ אמ,PHOR,12846,473636843.0,6385.0,6286.0,6569.0,6500.0,6454.0,6527.0,73364,6451.0,6451.0,,435468424.0,435468424.0,,0.0,3,SUR,2.32,
TQBR,2023-02-22,ÔמסÀדנמ אמ,PHOR,13141,454226441.0,6500.0,6450.0,6703.0,6668.0,6611.0,6673.0,68703,6597.0,6597.0,,363714052.0,363714052.0,,0.0,3,SUR,2.24,
TQBR,2023-02-24,ÔמסÀדנמ אמ,PHOR,8940,359838645.0,6690.0,6612.0,6799.0,6673.0,6725.0,6675.0,53507,6737.0,6737.0,,306045095.0,306045095.0,,0.0,3,SUR,0.03,
TQBR,2023-02-27,ÔמסÀדנמ אמ,PHOR,10263,382275187.0,6676.0,6656.0,6788.0,6722.0,6724.0,6732.0,56832,6726.0,6726.0,,346621945.0,346621945.0,,0.0,3,SUR,0.85,
TQBR,2023-02-28,ÔמסÀדנמ אמ,PHOR,7928,329325853.0,6750.0,6706.0,6799.0,6736.0,6755.0,6763.0,48755,6754.0,6754.0,,299454804.0,299454804.0,,0.0,3,SUR,0.46,
TQBR,2023-03-01,ÔמסÀדנמ אמ,PHOR,10376,476589408.0,6784.0,6771.0,6900.0,6875.0,6854.0,6895.0,69533,6851.0,6851.0,,438518550.0,438518550.0,,0.0,3,SUR,1.95,
TQBR,2023-03-02,ÔמסÀדנמ אמ,PHOR,19931,960038367.0,6920.0,6676.0,6959.0,6724.0,6792.0,6720.0,141344,6795.0,6795.0,,910385559.0,910385559.0,,0.0,3,SUR,-2.54,
TQBR,2023-03-03,ÔמסÀדנמ אמ,PHOR,58145,3683002221.0,6721.0,6720.0,7094.0,7030.0,6976.0,7090.0,527775,6969.0,6969.0,,3315687807.0,3315687807.0,,0.0,3,SUR,5.51,
TQBR,2023-03-06,ÔמסÀדנמ אמ,PHOR,27494,1484616079.0,7120.0,7064.0,7185.0,7165.0,7141.0,7163.0,207888,7140.0,7140.0,,1375851558.0,1375851558.0,,0.0,3,SUR,1.03,
TQBR,2023-03-07,ÔמסÀדנמ אמ,PHOR,14717,544992482.0,7178.0,7115.0,7185.0,7138.0,7138.0,7132.0,76354,7138.0,7138.0,,502551068.0,502551068.0,,0.0,3,SUR,-0.43,
TQBR,2023-03-09,ÔמסÀדנמ אמ,PHOR,16615,543722959.0,7132.0,7061.0,7150.0,7080.0,7097.0,7093.0,76610,7096.0,7096.0,,469441961.0,469441961.0,,0.0,3,SUR,-0.55,
TQBR,2023-03-10,ÔמסÀדנמ אמ,PHOR,11661,546617234.0,7093.0,7028.0,7134.0,7060.0,7070.0,7041.0,77314,7072.0,7072.0,,484949823.0,484949823.0,,0.0,3,SUR,-0.73,
TQBR,2023-03-13,ÔמסÀדנמ אמ,PHOR,13530,536304608.0,7041.0,6981.0,7096.0,7017.0,7028.0,7032.0,76314,7028.0,7028.0,,503235588.0,503235588.0,,0.0,3,SUR,-0.13,
TQBR,2023-03-14,ÔמסÀדנמ אמ,PHOR,9195,451664605.0,7034.0,6952.0,7034.0,7010.0,7000.0,7015.0,64525,6999.0,6999.0,,406635280.0,406635280.0,,0.0,3,SUR,-0.24,
TQBR,2023-03-15,ÔמסÀדנמ אמ,PHOR,9777,441012732.0,7040.0,7008.0,7077.0,7035.0,7048.0,7071.0,62577,7045.0,7045.0,,350984456.0,350984456.0,,0.0,3,SUR,0.8,
TQBR,2023-03-16,ÔמסÀדנמ אמ,PHOR,15855,703956086.0,7080.0,7021.0,7133.0,7069.0,7079.0,7098.0,99436,7078.0,7078.0,,649932604.0,649932604.0,,0.0,3,SUR,0.38,
TQBR,2023-03-17,ÔמסÀדנמ אמ,PHOR,12877,651450212.0,7101.0,7030.0,7120.0,7065.0,7064.0,7059.0,92200,7067.0,7067.0,,571749429.0,571749429.0,,0.0,3,SUR,-0.55,
TQBR,2023-03-20,ÔמסÀדנמ אמ,PHOR,20424,1010500409.0,7081.0,7050.0,7227.0,7171.0,7150.0,7206.0,141332,7143.0,7143.0,,886693636.0,886693636.0,,0.0,3,SUR,2.08,
TQBR,2023-03-21,ÔמסÀדנמ אמ,PHOR,15550,907714531.0,7220.0,7180.0,7348.0,7260.0,7250.0,7250.0,125041,7260.0,7260.0,,835745095.0,835745095.0,,0.0,3,SUR,0.61,
TQBR,2023-03-22,ÔמסÀדנמ אמ,PHOR,7225,376821264.0,7249.0,7233.0,7300.0,7280.0,7272.0,7282.0,51820,7270.0,7270.0,,297035915.0,297035915.0,,0.0,3,SUR,0.44,
TQBR,2023-03-23,ÔמסÀדנמ אמ,PHOR,6048,361254005.0,7295.0,7255.0,7305.0,7280.0,7280.0,7277.0,49624,7280.0,7280.0,,320206487.0,320206487.0,,0.0,3,SUR,-0.07,
TQBR,2023-03-24,ÔמסÀדנמ אמ,PHOR,17442,1060623626.0,7277.0,7277.0,7395.0,7365.0,7353.0,7375.0,144219,7351.0,7351.0,,931853334.0,931853334.0,,0.0,3,SUR,1.35,
TQBR,2023-03-27,ÔמסÀדנמ אמ,PHOR,14057,792902953.0,7385.0,7380.0,7465.0,7457.0,7431.0,7442.0,106703,7429.0,7429.0,,658055845.0,658055845.0,,0.0,3,SUR,0.91,
TQBR,2023-03-28,ÔמסÀדנמ אמ,PHOR,19037,1062514261.0,7468.0,7083.0,7468.0,7410.0,7374.0,7416.0,144122,7370.0,7370.0,,1010287508.0,1010287508.0,,0.0,3,SUR,-0.35,
TQBR,2023-03-29,ÔמסÀדנמ אמ,PHOR,10417,660200185.0,7401.0,7360.0,7449.0,7434.0,7405.0,7413.0,89133,7406.0,7406.0,,580182395.0,580182395.0,,0.0,3,SUR,-0.04,
TQBR,2023-03-30,ÔמסÀדנמ אמ,PHOR,15477,698257886.0,7410.0,7395.0,7440.0,7419.0,7424.0,7419.0,94062,7424.0,7424.0,,582494880.0,582494880.0,,0.0,3,SUR,0.08,
TQBR,2023-03-31,ÔמסÀדנמ אמ,PHOR,23157,1464689118.0,7401.0,7372.0,7513.0,7448.0,7447.0,7504.0,196688,7434.0,7434.0,,1081227099.0,1081227099.0,,0.0,3,SUR,1.15,
TQBR,2023-04-03,ÔמסÀדנמ אמ,PHOR,39726,2247636190.0,7080.0,7071.0,7306.0,7300.0,7193.0,7294.0,312469,7186.0,7186.0,,2081600850.0,2081600850.0,,0.0,3,SUR,-2.8,
TQBR,2023-04-04,ÔמסÀדנמ אמ,PHOR,17348,810867009.0,7314.0,7275.0,7382.0,7300.0,7322.0,7301.0,110737,7324.0,7324.0,,754378587.0,754378587.0,,0.0,3,SUR,0.1,
TQBR,2023-04-05,ÔמסÀדנמ אמ,PHOR,8867,516371665.0,7290.0,7231.0,7330.0,7330.0,7282.0,7301.0,70912,7279.0,7279.0,,461621619.0,461621619.0,,0.0,3,SUR,0.0,
TQBR,2023-04-06,ÔמסÀדנמ אמ,PHOR,7484,370144890.0,7282.0,7260.0,7338.0,7299.0,7295.0,7280.0,50742,7296.0,7296.0,,335648271.0,335648271.0,,0.0,3,SUR,-0.29,
TQBR,2023-04-07,ÔמסÀדנמ אמ,PHOR,12252,566396543.0,7280.0,7150.0,7305.0,7224.0,7219.0,7213.0,78445,7221.0,7221.0,,505291300.0,505291300.0,,0.0,3,SUR,-0.92,
TQBR,2023-04-10,ÔמסÀדנמ אמ,PHOR,10648,404468069.0,7200.0,7183.0,7268.0,7202.0,7224.0,7227.0,56003,7223.0,7223.0,,368426434.0,368426434.0,,0.0,3,SUR,0.19,
TQBR,2023-04-11,ÔמסÀדנמ אמ,PHOR,11314,563346380.0,7233.0,7091.0,7248.0,7140.0,7168.0,7141.0,78588,7173.0,7173.0,,503239085.0,503239085.0,,0.0,3,SUR,-1.19,
TQBR,2023-04-12,ÔמסÀדנמ אמ,PHOR,10343,401180497.0,7158.0,7158.0,7249.0,7180.0,7199.0,7206.0,55724,7197.0,7197.0,,357324489.0,357324489.0,,0.0,3,SUR,0.91,
TQBR,2023-04-13,ÔמסÀדנמ אמ,PHOR,4797,282097885.0,7234.0,7179.0,7234.0,7230.0,7211.0,7217.0,39121,7211.0,7211.0,,263174498.0,263174498.0,,0.0,3,SUR,0.15,
TQBR,2023-04-14,ÔמסÀדנמ אמ,PHOR,7065,382836396.0,7193.0,7150.0,7220.0,7199.0,7185.0,7185.0,53264,7188.0,7188.0,,337314919.0,337314919.0,,0.0,3,SUR,-0.44,
TQBR,2023-04-17,ÔמסÀדנמ אמ,PHOR,9689,323735628.0,7190.0,7181.0,7256.0,7234.0,7231.0,7239.0,44768,7230.0,7230.0,,286058189.0,286058189.0,,0.0,3,SUR,0.75,
TQBR,2023-04-18,ÔמסÀדנמ אמ,PHOR,11123,324943248.0,7258.0,7190.0,7258.0,7257.0,7237.0,7235.0,44900,7237.0,7237.0,,301516032.0,301516032.0,,0.0,3,SUR,-0.06,
TQBR,2023-04-19,ÔמסÀדנמ אמ,PHOR,12312,597705331.0,7257.0,7165.0,7278.0,7257.0,7244.0,7238.0,82510,7243.0,7243.0,,540888661.0,540888661.0,,0.0,3,SUR,0.04,
TQBR,2023-04-20,ÔמסÀדנמ אמ,PHOR,12135,591550959.0,7238.0,7175.0,7350.0,7297.0,7267.0,7281.0,81409,7261.0,7261.0,,526498532.0,526498532.0,,0.0,3,SUR,0.59,
TQBR,2023-04-21,ÔמסÀדנמ אמ,PHOR,12525,458455553.0,7294.0,7294.0,7390.0,7327.0,7342.0,7330.0,62448,7342.0,7342.0,,397599046.0,397599046.0,,0.0,3,SUR,0.67,
TQBR,2023-04-24,ÔמסÀדנמ אמ,PHOR,9371,351211902.0,7330.0,7282.0,7385.0,7330.0,7350.0,7331.0,47787,7350.0,7350.0,,327433826.0,327433826.0,,0.0,3,SUR,0.01,
TQBR,2023-04-25,ÔמסÀדנמ אמ,PHOR,5937,245762038.0,7325.0,7280.0,7360.0,7314.0,7307.0,7308.0,33635,7306.0,7306.0,,223242543.0,223242543.0,,0.0,3,SUR,-0.31,
TQBR,2023-04-26,ÔמסÀדנמ אמ,PHOR,3274,146739349.0,7333.0,7282.0,7333.0,7282.0,7301.0,7283.0,20098,7303.0,7303.0,,130318117.0,130318117.0,,0.0,3,SUR,-0.34,
TQBR,2023-04-27,ÔמסÀדנמ אמ,PHOR,9351,406737235.0,7298.0,7230.0,7376.0,7320.0,7305.0,7300.0,55676,7305.0,7305.0,,357745454.0,357745454.0,,0.0,3,SUR,0.23,
TQBR,2023-04-28,ÔמסÀדנמ אמ,PHOR,4474,195343408.0,7309.0,7249.0,7327.0,7307.0,7288.0,7276.0,26805,7288.0,7288.0,,174778793.0,174778793.0,,0.0,3,SUR,-0.33,
TQBR,2023-05-02,ÔמסÀדנמ אמ,PHOR,8652,326105830.0,7250.0,7150.0,7300.0,7217.0,7213.0,7202.0,45210,7213.0,7213.0,,303251576.0,303251576.0,,0.0,3,SUR,-1.02,
TQBR,2023-05-03,ÔמסÀדנמ אמ,PHOR,12837,449714350.0,7201.0,7013.0,7235.0,7052.0,7106.0,7065.0,63292,7110.0,7110.0,,403032671.0,403032671.0,,0.0,3,SUR,-1.9,
TQBR,2023-05-04,ÔמסÀדנמ אמ,PHOR,6786,199255733.0,7065.0,7040.0,7152.0,7101.0,7118.0,7109.0,27995,7118.0,7118.0,,186871658.0,186871658.0,,0.0,3,SUR,0.62,
TQBR,2023-05-05,ÔמסÀדנמ אמ,PHOR,5206,174986996.0,7138.0,7058.0,7147.0,7080.0,7085.0,7061.0,24694,7089.0,7089.0,,148324860.0,148324860.0,,0.0,3,SUR,-0.68,
TQBR,2023-05-08,ÔמסÀדנמ אמ,PHOR,2727,95171087.0,7059.0,7033.0,7100.0,7061.0,7061.0,7040.0,13478,7065.0,7065.0,,71647815.0,71647815.0,,0.0,3,SUR,-0.3,
TQBR,2023-05-10,ÔמסÀדנמ אמ,PHOR,10402,334437295.0,7030.0,7016.0,7220.0,7166.0,7149.0,7190.0,46801,7141.0,7141.0,,301688242.0,301688242.0,,0.0,3,SUR,2.13,
TQBR,2023-05-11,ÔמסÀדנמ אמ,PHOR,13566,649349504.0,7200.0,7068.0,7227.0,7149.0,7157.0,7102.0,90723,7168.0,7168.0,,529406608.0,529406608.0,,0.0,3,SUR,-1.22,
TQBR,2023-05-12,ÔמסÀדנמ אמ,PHOR,8280,340256306.0,7103.0,7050.0,7168.0,7111.0,7102.0,7094.0,47906,7102.0,7102.0,,283502718.0,283502718.0,,0.0,3,SUR,-0.11,
TQBR,2023-05-15,ÔמסÀדנמ אמ,PHOR,13825,491323836.0,7120.0,7102.0,7340.0,7271.0,7232.0,7286.0,67939,7228.0,7228.0,,449035571.0,449035571.0,,0.0,3,SUR,2.71,
TQBR,2023-05-16,ÔמסÀדנמ אמ,PHOR,8443,392709319.0,7290.0,7199.0,7340.0,7278.0,7291.0,7308.0,53861,7290.0,7290.0,,347560180.0,347560180.0,,0.0,3,SUR,0.3,
TQBR,2023-05-17,ÔמסÀדנמ אמ,PHOR,6947,301798232.0,7317.0,7264.0,7392.0,7331.0,7326.0,7367.0,41197,7316.0,7316.0,,241307028.0,241307028.0,,0.0,3,SUR,0.81,
TQBR,2023-05-18,ÔמסÀדנמ אמ,PHOR,18094,911107809.0,7375.0,7206.0,7439.0,7315.0,7316.0,7242.0,124544,7325.0,7325.0,,718929472.0,718929472.0,,0.0,3,SUR,-1.7,
TQBR,2023-05-19,ÔמסÀדנמ אמ,PHOR,9065,459141904.0,7212.0,7212.0,7375.0,7275.0,7300.0,7288.0,62898,7300.0,7300.0,,430598835.0,430598835.0,,0.0,3,SUR,0.64,
TQBR,2023-05-22,ÔמסÀדנמ אמ,PHOR,8422,359793512.0,7320.0,7255.0,7386.0,7369.0,7336.0,7364.0,49046,7333.0,7333.0,,322047175.0,322047175.0,,0.0,3,SUR,1.04,
TQBR,2023-05-23,ÔמסÀדנמ אמ,PHOR,25463,1196206603.0,7360.0,7360.0,7650.0,7537.0,7509.0,7541.0,159306,7505.0,7505.0,,1077715031.0,1077715031.0,,0.0,3,SUR,2.4,
TQBR,2023-05-24,ÔמסÀדנמ אמ,PHOR,12131,559462210.0,7555.0,7420.0,7592.0,7588.0,7512.0,7540.0,74477,7506.0,7506.0,,491526688.0,491526688.0,,0.0,3,SUR,-0.01,
TQBR,2023-05-25,ÔמסÀדנמ אמ,PHOR,13823,475803111.0,7543.0,7376.0,7576.0,7455.0,7442.0,7471.0,63939,7438.0,7438.0,,423133779.0,423133779.0,,0.0,3,SUR,-0.92,
TQBR,2023-05-26,ÔמסÀדנמ אמ,PHOR,23579,1087576695.0,7471.0,7413.0,7643.0,7522.0,7538.0,7550.0,144282,7538.0,7538.0,,999556162.0,999556162.0,,0.0,3,SUR,1.06,
TQBR,2023-05-29,ÔמסÀדנמ אמ,PHOR,12857,515034430.0,7555.0,7520.0,7607.0,7530.0,7560.0,7538.0,68130,7561.0,7561.0,,471278251.0,471278251.0,,0.0,3,SUR,-0.16,
TQBR,2023-05-30,ÔמסÀדנמ אמ,PHOR,9733,503835244.0,7516.0,7500.0,7664.0,7596.0,7573.0,7579.0,66534,7560.0,7560.0,,377665998.0,377665998.0,,0.0,3,SUR,0.54,
TQBR,2023-05-31,ÔמסÀדנמ אמ,PHOR,13178,736439381.0,7580.0,7557.0,7750.0,7673.0,7696.0,7692.0,95689,7697.0,7697.0,,674507436.0,674507436.0,,0.0,3,SUR,1.49,
TQBR,2023-06-01,ÔמסÀדנמ אמ,PHOR,6409,284672659.0,7692.0,7650.0,7720.0,7700.0,7678.0,7664.0,37077,7679.0,7679.0,,250447824.0,250447824.0,,0.0,3,SUR,-0.36,
TQBR,2023-06-02,ÔמסÀדנמ אמ,PHOR,20489,763365857.0,7670.0,7480.0,7727.0,7598.0,7603.0,7553.0,100402,7609.0,7609.0,,662474045.0,662474045.0,,0.0,3,SUR,-1.45,
TQBR,2023-06-05,ÔמסÀדנמ אמ,PHOR,22259,1018375876.0,7535.0,7289.0,7590.0,7388.0,7413.0,7377.0,137373,7418.0,7418.0,,902230989.0,902230989.0,,0.0,3,SUR,-2.33,
TQBR,2023-06-06,ÔמסÀדנמ אמ,PHOR,16762,761801021.0,7380.0,7290.0,7533.0,7420.0,7405.0,7424.0,102873,7404.0,7404.0,,695666000.0,695666000.0,,0.0,3,SUR,0.64,
TQBR,2023-06-07,ÔמסÀדנמ אמ,PHOR,19478,759458559.0,7394.0,7294.0,7434.0,7410.0,7360.0,7405.0,103185,7358.0,7358.0,,725577319.0,725577319.0,,0.0,3,SUR,-0.26,
TQBR,2023-06-08,ÔמסÀדנמ אמ,PHOR,12129,458358716.0,7408.0,7391.0,7522.0,7436.0,7468.0,7473.0,61377,7469.0,7469.0,,421541379.0,421541379.0,,0.0,3,SUR,0.92,
TQBR,2023-06-09,ÔמסÀדנמ אמ,PHOR,4505,184480872.0,7476.0,7431.0,7476.0,7461.0,7453.0,7471.0,24754,7452.0,7452.0,,154485732.0,154485732.0,,0.0,3,SUR,-0.03,
TQBR,2023-06-13,ÔמסÀדנמ אמ,PHOR,13723,447548268.0,7477.0,7471.0,7585.0,7549.0,7542.0,7551.0,59343,7540.0,7540.0,,405943407.0,405943407.0,,0.0,3,SUR,1.07,
TQBR,2023-06-14,ÔמסÀדנמ אמ,PHOR,12137,548527919.0,7551.0,7405.0,7566.0,7498.0,7469.0,7477.0,73427,7469.0,7469.0,,493196205.0,493196205.0,,0.0,3,SUR,-0.98,
TQBR,2023-06-15,ÔמסÀדנמ אמ,PHOR,17371,642246925.0,7480.0,7412.0,7516.0,7481.0,7462.0,7494.0,86071,7460.0,7460.0,,612618869.0,612618869.0,,0.0,3,SUR,0.23,
TQBR,2023-06-16,ÔמסÀדנמ אמ,PHOR,10361,390557780.0,7500.0,7443.0,7516.0,7490.0,7484.0,7476.0,52170,7487.0,7487.0,,337567412.0,337567412.0,,0.0,3,SUR,-0.24,
TQBR,2023-06-19,ÔמסÀדנמ אמ,PHOR,13720,614856265.0,7488.0,7440.0,7559.0,7521.0,7496.0,7495.0,82030,7495.0,7495.0,,575978727.0,575978727.0,,0.0,3,SUR,0.25,
TQBR,2023-06-20,ÔמסÀדנמ אמ,PHOR,12479,425011897.0,7472.0,7451.0,7530.0,7479.0,7492.0,7492.0,56728,7492.0,7492.0,,411050908.0,411050908.0,,0.0,3,SUR,-0.04,
TQBR,2023-06-21,ÔמסÀדנמ אמ,PHOR,5629,264095340.0,7492.0,7460.0,7525.0,7478.0,7485.0,7472.0,35281,7486.0,7486.0,,246615893.0,246615893.0,,0.0,3,SUR,-0.27,
TQBR,2023-06-22,ÔמסÀדנמ אמ,PHOR,8186,284959535.0,7479.0,7420.0,7482.0,7438.0,7448.0,7433.0,38251,7452.0,7452.0,,248356152.0,248356152.0,,0.0,3,SUR,-0.52,
TQBR,2023-06-23,ÔמסÀדנמ אמ,PHOR,13783,469230099.0,7422.0,7350.0,7498.0,7460.0,7437.0,7393.0,63098,7459.0,7459.0,,307896549.0,307896549.0,,0.0,3,SUR,-0.54,
TQBR,2023-06-26,ÔמסÀדנמ אמ,PHOR,13882,478266304.0,7428.0,7350.0,7494.0,7465.0,7437.0,7428.0,64310,7444.0,7444.0,,358887192.0,358887192.0,,0.0,3,SUR,0.47,
TQBR,2023-06-27,ÔמסÀדנמ אמ,PHOR,12974,603338286.0,7436.0,7375.0,7482.0,7416.0,7417.0,7410.0,81328,7420.0,7420.0,,560698060.0,560698060.0,,0.0,3,SUR,-0.24,
TQBR,2023-06-28,ÔמסÀדנמ אמ,PHOR,7123,417409297.0,7410.0,7367.0,7435.0,7380.0,7385.0,7377.0,56502,7388.0,7388.0,,390134769.0,390134769.0,,0.0,3,SUR,-0.45,
TQBR,2023-06-29,ÔמסÀדנמ אמ,PHOR,15609,675937655.0,7367.0,7295.0,7402.0,7328.0,7332.0,7324.0,92186,7333.0,7333.0,,630844432.0,630844432.0,,0.0,3,SUR,-0.72,
TQBR,2023-06-30,ÔמסÀדנמ אמ,PHOR,13183,482387160.0,7344.0,7288.0,7347.0,7290.0,7307.0,7310.0,66013,7307.0,7307.0,,447627990.0,447627990.0,,0.0,3,SUR,-0.19,
TQBR,2023-07-03,ÔמסÀדנמ אמ,PHOR,25846,1003325780.0,7322.0,7171.0,7330.0,7211.0,7223.0,7206.0,138872,7227.0,7227.0,,929277634.0,929277634.0,,0.0,3,SUR,-1.42,
TQBR,2023-07-04,ÔמסÀדנמ אמ,PHOR,19017,619678285.0,7201.0,7150.0,7219.0,7174.0,7172.0,7169.0,86373,7175.0,7175.0,,558331568.0,558331568.0,,0.0,3,SUR,-0.51,
TQBR,2023-07-05,ÔמסÀדנמ אמ,PHOR,13963,570892124.0,7169.0,7150.0,7251.0,7210.0,7179.0,7248.0,79496,7175.0,7175.0,,487786560.0,487786560.0,,0.0,3,SUR,1.1,
TQBR,2023-07-06,ÔמסÀדנמ אמ,PHOR,28352,1278047840.0,7257.0,7225.0,7440.0,7302.0,7336.0,7339.0,174156,7341.0,7341.0,,1146629240.0,1146629240.0,,0.0,3,SUR,1.26,
TQBR,2023-07-07,ÔמסÀדנמ אמ,PHOR,18235,820462638.0,7301.0,7258.0,7432.0,7385.0,7347.0,7391.0,111673,7336.0,7336.0,,674111061.0,674111061.0,,0.0,3,SUR,0.71,
TQBR,2023-07-10,ÔמסÀדנמ אמ,PHOR,13476,655096392.0,7249.0,7200.0,7339.0,7337.0,7283.0,7336.0,89947,7279.0,7279.0,,598932634.0,598932634.0,,0.0,3,SUR,-0.74,
TQBR,2023-07-11,ÔמסÀדנמ אמ,PHOR,8439,410577642.0,7348.0,7260.0,7348.0,7301.0,7292.0,7278.0,56309,7293.0,7293.0,,344691439.0,344691439.0,,0.0,3,SUR,-0.79,
TQBR,2023-07-12,ÔמסÀדנמ אמ,PHOR,9378,362978183.0,7270.0,7253.0,7330.0,7311.0,7297.0,7312.0,49744,7295.0,7295.0,,320574151.0,320574151.0,,0.0,3,SUR,0.47,
TQBR,2023-07-13,ÔמסÀדנמ אמ,PHOR,22453,878488687.0,7315.0,7280.0,7456.0,7353.0,7376.0,7340.0,119109,7377.0,7377.0,,825722375.0,825722375.0,,0.0,3,SUR,0.38,
TQBR,2023-07-14,ÔמסÀדנמ אמ,PHOR,8618,374170885.0,7340.0,7302.0,7366.0,7302.0,7324.0,7318.0,51087,7325.0,7325.0,,341586019.0,341586019.0,,0.0,3,SUR,-0.3,
TQBR,2023-07-17,ÔמסÀדנמ אמ,PHOR,11773,377761439.0,7307.0,7305.0,7387.0,7326.0,7339.0,7326.0,51468,7342.0,7342.0,,331021523.0,331021523.0,,0.0,3,SUR,0.11,
TQBR,2023-07-18,ÔמסÀדנמ אמ,PHOR,14951,464146013.0,7347.0,7301.0,7378.0,7375.0,7344.0,7353.0,63173,7346.0,7346.0,,417050267.0,417050267.0,,0.0,3,SUR,0.37,
TQBR,2023-07-19,ÔמסÀדנמ אמ,PHOR,15439,596449671.0,7363.0,7356.0,7450.0,7440.0,7410.0,7426.0,80476,7410.0,7410.0,,540598107.0,540598107.0,,0.0,3,SUR,0.99,
TQBR,2023-07-20,ÔמסÀדנמ אמ,PHOR,17379,696530636.0,7434.0,7351.0,7484.0,7414.0,7429.0,7410.0,93757,7432.0,7432.0,,635464872.0,635464872.0,,0.0,3,SUR,-0.22,
TQBR,2023-07-21,ÔמסÀדנמ אמ,PHOR,7140,301861204.0,7414.0,7381.0,7470.0,7410.0,7421.0,7421.0,40675,7423.0,7423.0,,264785171.0,264785171.0,,0.0,3,SUR,0.15,
TQBR,2023-07-24,ÔמסÀדנמ אמ,PHOR,7487,322603563.0,7420.0,7401.0,7472.0,7446.0,7440.0,7451.0,43362,7438.0,7438.0,,286031949.0,286031949.0,,0.0,3,SUR,0.4,
TQBR,2023-07-25,ÔמסÀדנמ אמ,PHOR,7002,286826537.0,7454.0,7430.0,7480.0,7430.0,7453.0,7449.0,38482,7454.0,7454.0,,244510116.0,244510116.0,,0.0,3,SUR,-0.03,
TQBR,2023-07-26,ÔמסÀדנמ אמ,PHOR,9861,472129252.0,7435.0,7351.0,7450.0,7397.0,7399.0,7392.0,63812,7399.0,7399.0,,440892884.0,440892884.0,,0.0,3,SUR,-0.77,
TQBR,2023-07-27,ÔמסÀדנמ אמ,PHOR,7037,361489333.0,7416.0,7393.0,7434.0,7434.0,7418.0,7415.0,48731,7417.0,7417.0,,310622013.0,310622013.0,,0.0,3,SUR,0.31,
TQBR,2023-07-28,ÔמסÀדנמ אמ,PHOR,9226,519425637.0,7433.0,7410.0,7472.0,7426.0,7448.0,7453.0,69742,7449.0,7449.0,,457513244.0,457513244.0,,0.0,3,SUR,0.51,
TQBR,2023-07-31,ÔמסÀדנמ אמ,PHOR,25966,1190249804.0,7471.0,7471.0,7600.0,7508.0,7541.0,7548.0,157823,7543.0,7543.0,,1102457705.0,1102457705.0,,0.0,3,SUR,1.27,
TQBR,2023-08-01,ÔמסÀדנמ אמ,PHOR,15150,938059035.0,7573.0,7478.0,7635.0,7552.0,7562.0,7538.0,124062,7563.0,7563.0,,844743094.0,844743094.0,,0.0,3,SUR,-0.13,
TQBR,2023-08-02,ÔמסÀדנמ אמ,PHOR,13007,555085654.0,7540.0,7518.0,7624.0,7565.0,7582.0,7581.0,73237,7582.0,7582.0,,477323368.0,477323368.0,,0.0,3,SUR,0.57,
TQBR,2023-08-03,ÔמסÀדנמ אמ,PHOR,10619,553817381.0,7581.0,7508.0,7599.0,7590.0,7555.0,7572.0,73308,7552.0,7552.0,,463168767.0,463168767.0,,0.0,3,SUR,-0.12,
TQBR,2023-08-04,ÔמסÀדנמ אמ,PHOR,24260,1122869349.0,7587.0,7406.0,7649.0,7495.0,7550.0,7483.0,148734,7564.0,7564.0,,961876170.0,961876170.0,,0.0,3,SUR,-1.18,
TQBR,2023-08-07,ÔמסÀדנמ אמ,PHOR,15854,694283309.0,7477.0,7411.0,7610.0,7490.0,7551.0,7492.0,91977,7563.0,7563.0,,574626722.0,574626722.0,,0.0,3,SUR,0.12,
TQBR,2023-08-08,ÔמסÀדנמ אמ,PHOR,10206,420012813.0,7500.0,7447.0,7578.0,7555.0,7514.0,7559.0,55916,7508.0,7508.0,,388318941.0,388318941.0,,0.0,3,SUR,0.89,
TQBR,2023-08-09,ÔמסÀדנמ אמ,PHOR,11273,494154019.0,7580.0,7507.0,7590.0,7539.0,7551.0,7547.0,65452,7550.0,7550.0,,469129672.0,469129672.0,,0.0,3,SUR,-0.16,
TQBR,2023-08-10,ÔמסÀדנמ אמ,PHOR,16444,696951309.0,7552.0,7480.0,7567.0,7549.0,7517.0,7500.0,92728,7517.0,7517.0,,591074522.0,591074522.0,,0.0,3,SUR,-0.62,
TQBR,2023-08-11,ÔמסÀדנמ אמ,PHOR,13788,665568083.0,7514.0,7455.0,7550.0,7489.0,7500.0,7516.0,88757,7494.0,7494.0,,577095184.0,577095184.0,,0.0,3,SUR,0.21,
TQBR,2023-08-14,ÔמסÀדנמ אמ,PHOR,46191,2710279619.0,7538.0,7519.0,7893.0,7600.0,7710.0,7635.0,351592,7721.0,7721.0,,2432119807.0,2432119807.0,,0.0,3,SUR,1.58,
TQBR,2023-08-15,ÔמסÀדנמ אמ,PHOR,21352,1079656553.0,7620.0,7517.0,7750.0,7600.0,7662.0,7607.0,140958,7663.0,7663.0,,1000205047.0,1000205047.0,,0.0,3,SUR,-0.37,
TQBR,2023-08-16,ÔמסÀדנמ אמ,PHOR,18403,810934597.0,7601.0,7455.0,7621.0,7513.0,7512.0,7509.0,107957,7511.0,7511.0,,745459106.0,745459106.0,,0.0,3,SUR,-1.29,
TQBR,2023-08-17,ÔמסÀדנמ אמ,PHOR,13329,574767380.0,7530.0,7420.0,7540.0,7450.0,7469.0,7494.0,76948,7465.0,7465.0,,478929781.0,478929781.0,,0.0,3,SUR,-0.2,
TQBR,2023-08-18,ÔמסÀדנמ אמ,PHOR,23993,1001428477.0,7470.0,7470.0,7748.0,7527.0,7594.0,7675.0,131849,7558.0,7558.0,,667754008.0,667754008.0,,0.0,3,SUR,2.42,
TQBR,2023-08-21,ÔמסÀדנמ אמ,PHOR,18679,815528724.0,7753.0,7582.0,7789.0,7600.0,7661.0,7640.0,106450,7665.0,7665.0,,727615562.0,727615562.0,,0.0,3,SUR,-0.46,
TQBR,2023-08-22,ÔמסÀדנמ אמ,PHOR,15767,795859930.0,7645.0,7590.0,7736.0,7611.0,7637.0,7633.0,104206,7638.0,7638.0,,739133543.0,739133543.0,,0.0,3,SUR,-0.09,
TQBR,2023-08-23,ÔמסÀדנמ אמ,PHOR,15503,663979578.0,7644.0,7441.0,7650.0,7571.0,7565.0,7494.0,87769,7589.0,7589.0,,476699166.0,476699166.0,,0.0,3,SUR,-1.82,
TQBR,2023-08-24,ÔמסÀדנמ אמ,PHOR,12978,547342423.0,7510.0,7452.0,7547.0,7504.0,7499.0,7518.0,72992,7497.0,7497.0,,486104075.0,486104075.0,,0.0,3,SUR,0.32,
TQBR,2023-08-25,ÔמסÀדנמ אמ,PHOR,6455,280826432.0,7530.0,7493.0,7569.0,7537.0,7534.0,7526.0,37273,7534.0,7534.0,,237223266.0,237223266.0,,0.0,3,SUR,0.11,
TQBR,2023-08-28,ÔמסÀדנמ אמ,PHOR,12565,605064343.0,7535.0,7511.0,7617.0,7540.0,7556.0,7550.0,80075,7558.0,7558.0,,538605141.0,538605141.0,,0.0,3,SUR,0.32,
TQBR,2023-08-29,ÔמסÀדנמ אמ,PHOR,15049,939279662.0,7550.0,7458.0,7562.0,7492.0,7508.0,7493.0,125081,7513.0,7513.0,,804919523.0,804919523.0,,0.0,3,SUR,-0.75,
TQBR,2023-08-30,ÔמסÀדנמ אמ,PHOR,27695,1267144804.0,7493.0,7310.0,7501.0,7392.0,7406.0,7356.0,171099,7413.0,7413.0,,998723976.0,998723976.0,,0.0,3,SUR,-1.83,
TQBR,2023-08-31,ÔמסÀדנמ אמ,PHOR,37727,1531454075.0,7350.0,7234.0,7357.0,7295.0,7291.0,7314.0,210069,7290.0,7290.0,,1334872113.0,1334872113.0,,0.0,3,SUR,-0.57,
TQBR,2023-09-01,ÔמסÀדנמ אמ,PHOR,44409,2036045889.0,7322.0,7164.0,7322.0,7190.0,7210.0,7217.0,282367,7212.0,7212.0,,1827739654.0,1827739654.0,,0.0,3,SUR,-1.33,
TQBR,2023-09-04,ÔמסÀדנמ אמ,PHOR,30137,1957769926.0,7240.0,7181.0,7281.0,7223.0,7223.0,7268.0,271046,7219.0,7219.0,,1744986900.0,1744986900.0,,0.0,3,SUR,0.71,
TQBR,2023-09-05,ÔמסÀדנמ אמ,PHOR,15941,930597608.0,7268.0,7191.0,7279.0,7213.0,7234.0,7217.0,128645,7239.0,7239.0,,758991785.0,758991785.0,,0.0,3,SUR,-0.7,
TQBR,2023-09-06,ÔמסÀדנמ אמ,PHOR,34726,2045797981.0,7217.0,7188.0,7386.0,7310.0,7306.0,7330.0,280011,7303.0,7303.0,,1879938060.0,1879938060.0,,0.0,3,SUR,1.57,
TQBR,2023-09-07,ÔמסÀדנמ אמ,PHOR,27804,1524185251.0,7349.0,7101.0,7353.0,7267.0,7211.0,7218.0,211383,7210.0,7210.0,,1435342806.0,1435342806.0,,0.0,3,SUR,-1.53,
TQBR,2023-09-08,ÔמסÀדנמ אמ,PHOR,13123,628115687.0,7218.0,7101.0,7254.0,7185.0,7156.0,7183.0,87776,7153.0,7153.0,,571152710.0,571152710.0,,0.0,3,SUR,-0.48,
TQBR,2023-09-11,ÔמסÀדנמ אמ,PHOR,10613,502704813.0,7180.0,7108.0,7218.0,7164.0,7162.0,7149.0,70192,7164.0,7164.0,,456251056.0,456251056.0,,0.0,3,SUR,-0.47,
TQBR,2023-09-12,ÔמסÀדנמ אמ,PHOR,9201,504611823.0,7155.0,7117.0,7235.0,7182.0,7188.0,7211.0,70204,7183.0,7183.0,,417525539.0,417525539.0,,0.0,3,SUR,0.87,
TQBR,2023-09-13,ÔמסÀדנמ אמ,PHOR,6403,346448893.0,7220.0,7131.0,7221.0,7148.0,7166.0,7138.0,48348,7169.0,7169.0,,296583244.0,296583244.0,,0.0,3,SUR,-1.01,
TQBR,2023-09-14,ÔמסÀדנמ אמ,PHOR,17685,860782992.0,7138.0,6981.0,7144.0,7081.0,7052.0,7062.0,122060,7051.0,7051.0,,795434681.0,795434681.0,,0.0,3,SUR,-1.06,
TQBR,2023-09-15,ÔמסÀדנמ אמ,PHOR,10841,501533248.0,7082.0,7023.0,7150.0,7115.0,7094.0,7121.0,70697,7092.0,7092.0,,444215323.0,444215323.0,,0.0,3,SUR,0.84,
TQBR,2023-09-18,ÔמסÀדנמ אמ,PHOR,16300,615213898.0,7139.0,6990.0,7139.0,7036.0,7049.0,7027.0,87287,7050.0,7050.0,,577172176.0,577172176.0,,0.0,3,SUR,-1.32,
TQBR,2023-09-19,ÔמסÀדנמ אמ,PHOR,19254,849505185.0,7048.0,6821.0,7048.0,6905.0,6933.0,6843.0,122523,6942.0,6942.0,,735901359.0,735901359.0,,0.0,3,SUR,-2.62,
TQBR,2023-09-20,ÔמסÀדנמ אמ,PHOR,18261,823009968.0,6843.0,6797.0,6980.0,6936.0,6888.0,6857.0,119486,6889.0,6889.0,,729132485.0,729132485.0,,0.0,3,SUR,0.2,
TQBR,2023-09-21,ÔמסÀדנמ אמ,PHOR,21839,1034784144.0,6850.0,6657.0,6868.0,6744.0,6728.0,6665.0,153780,6734.0,6734.0,,861726898.0,861726898.0,,0.0,3,SUR,-2.8,
TQBR,2023-09-22,ÔמסÀדנמ אמ,PHOR,17727,791287646.0,6651.0,6505.0,6732.0,6660.0,6622.0,6690.0,119480,6620.0,6620.0,,744564963.0,744564963.0,,0.0,3,SUR,0.38,
TQBR,2023-09-25,ÔמסÀדנמ אמ,PHOR,13096,646970859.0,6700.0,6580.0,6700.0,6593.0,6631.0,6610.0,97569,6633.0,6633.0,,601546204.0,601546204.0,,0.0,3,SUR,-1.2,
TQBR,2023-09-26,ÔמסÀדנמ אמ,PHOR,16567,700695040.0,6610.0,6500.0,6691.0,6655.0,6568.0,6637.0,106669,6561.0,6561.0,,629368137.0,629368137.0,,0.0,3,SUR,0.41,
TQBR,2023-09-27,ÔמסÀדנמ אמ,PHOR,12246,740953911.0,6637.0,6631.0,6833.0,6726.0,6756.0,6807.0,109669,6753.0,6753.0,,632859764.0,632859764.0,,0.0,3,SUR,2.56,
TQBR,2023-09-28,ÔמסÀדנמ אמ,PHOR,6248,346819871.0,6832.0,6750.0,6832.0,6802.0,6794.0,6808.0,51046,6788.0,6788.0,,272624969.0,272624969.0,,0.0,3,SUR,0.01,
TQBR,2023-09-29,ÔמסÀדנמ אמ,PHOR,10085,467382113.0,6808.0,6730.0,6820.0,6791.0,6777.0,6783.0,68963,6776.0,6776.0,,428479897.0,428479897.0,,0.0,3,SUR,-0.37,
TQBR,2023-10-02,ÔמסÀדנמ אמ,PHOR,11459,786156472.0,6805.0,6705.0,6847.0,6800.0,6817.0,6728.0,115323,6822.0,6822.0,,670503743.0,670503743.0,,0.0,3,SUR,-0.81,
TQBR,2023-10-03,ÔמסÀדנמ אמ,PHOR,21376,1304042386.0,6690.0,6561.0,6817.0,6775.0,6669.0,6580.0,195536,6749.0,6749.0,,528940250.0,528940250.0,,0.0,3,SUR,-2.2,
TQBR,2023-10-04,ÔמסÀדנמ אמ,PHOR,23895,1376590999.0,6550.0,6503.0,6620.0,6550.0,6554.0,6522.0,210051,6556.0,6556.0,,1283273031.0,1283273031.0,,0.0,3,SUR,-0.88,
TQBR,2023-10-05,ÔמסÀדנמ אמ,PHOR,18098,1038696633.0,6522.0,6456.0,6627.0,6567.0,6548.0,6614.0,158635,6532.0,6532.0,,820783804.0,820783804.0,,0.0,3,SUR,1.41,
TQBR,2023-10-06,ÔמסÀדנמ אמ,PHOR,33535,2606638093.0,6638.0,6584.0,6923.0,6857.0,6789.0,6920.0,383899,6779.0,6779.0,,2203179068.0,2203179068.0,,0.0,3,SUR,4.63,
TQBR,2023-10-09,ÔמסÀדנמ אמ,PHOR,17873,886312848.0,6900.0,6811.0,7000.0,6860.0,6881.0,6876.0,128802,6882.0,6882.0,,813201720.0,813201720.0,,0.0,3,SUR,-0.64,
TQBR,2023-10-10,ÔמסÀדנמ אמ,PHOR,10821,567057415.0,6900.0,6782.0,6900.0,6859.0,6839.0,6831.0,82920,6840.0,6840.0,,506126506.0,506126506.0,,0.0,3,SUR,-0.65,
TQBR,2023-10-11,ÔמסÀדנמ אמ,PHOR,14011,653862829.0,6830.0,6700.0,6860.0,6795.0,6802.0,6714.0,96134,6823.0,6823.0,,457296851.0,457296851.0,,0.0,3,SUR,-1.71,
TQBR,2023-10-12,ÔמסÀדנמ אמ,PHOR,6726,368845420.0,6701.0,6682.0,6780.0,6772.0,6732.0,6756.0,54768,6732.0,6732.0,,323337211.0,323337211.0,,0.0,3,SUR,0.63,
TQBR,2023-10-13,ÔמסÀדנמ אמ,PHOR,6952,290244274.0,6750.0,6730.0,6783.0,6743.0,6751.0,6761.0,42979,6751.0,6751.0,,231787441.0,231787441.0,,0.0,3,SUR,0.07,
TQBR,2023-10-16,ÔמסÀדנמ אמ,PHOR,12715,636904970.0,6770.0,6761.0,6950.0,6840.0,6863.0,6876.0,92804,6863.0,6863.0,,564895791.0,564895791.0,,0.0,3,SUR,1.7,
TQBR,2023-10-17,ÔמסÀדנמ אמ,PHOR,6549,311518177.0,6878.0,6813.0,6894.0,6865.0,6852.0,6885.0,45462,6848.0,6848.0,,260443250.0,260443250.0,,0.0,3,SUR,0.13,
TQBR,2023-10-18,ÔמסÀדנמ אמ,PHOR,10707,605702563.0,6885.0,6849.0,6971.0,6904.0,6917.0,6948.0,87565,6911.0,6911.0,,485928059.0,485928059.0,,0.0,3,SUR,0.92,
TQBR,2023-10-19,ÔמסÀדנמ אמ,PHOR,10722,473536641.0,6960.0,6827.0,6970.0,6884.0,6888.0,6899.0,68746,6889.0,6889.0,,418148523.0,418148523.0,,0.0,3,SUR,-0.71,
TQBR,2023-10-20,ÔמסÀדנמ אמ,PHOR,12229,584328162.0,6887.0,6732.0,6899.0,6790.0,6789.0,6770.0,86066,6791.0,6791.0,,517792888.0,517792888.0,,0.0,3,SUR,-1.87,
TQBR,2023-10-23,ÔמסÀדנמ אמ,PHOR,10949,455209099.0,6788.0,6738.0,6850.0,6808.0,6796.0,6829.0,66979,6795.0,6795.0,,429772426.0,429772426.0,,0.0,3,SUR,0.87,
TQBR,2023-10-24,ÔמסÀדנמ אמ,PHOR,7632,275660767.0,6828.0,6771.0,6843.0,6821.0,6808.0,6819.0,40490,6807.0,6807.0,,256227190.0,256227190.0,,0.0,3,SUR,-0.15,
TQBR,2023-10-25,ÔמסÀדנמ אמ,PHOR,9179,366924211.0,6805.0,6794.0,6894.0,6877.0,6863.0,6877.0,53467,6860.0,6860.0,,329749740.0,329749740.0,,0.0,3,SUR,0.85,
TQBR,2023-10-26,ÔמסÀדנמ אמ,PHOR,9105,411359837.0,6890.0,6785.0,6948.0,6816.0,6862.0,6810.0,59950,6865.0,6865.0,,384221120.0,384221120.0,,0.0,3,SUR,-0.97,
TQBR,2023-10-27,ÔמסÀדנמ אמ,PHOR,8581,377386502.0,6812.0,6706.0,6866.0,6827.0,6785.0,6790.0,55619,6772.0,6772.0,,282892943.0,282892943.0,,0.0,3,SUR,-0.29,
TQBR,2023-10-30,ÔמסÀדנמ אמ,PHOR,9908,325561681.0,6790.0,6726.0,6866.0,6738.0,6778.0,6734.0,48030,6782.0,6782.0,,294695456.0,294695456.0,,0.0,3,SUR,-0.82,
TQBR,2023-10-31,ÔמסÀדנמ אמ,PHOR,10210,386636450.0,6755.0,6636.0,6757.0,6670.0,6667.0,6641.0,57989,6671.0,6671.0,,324966742.0,324966742.0,,0.0,3,SUR,-1.38,
TQBR,2023-11-01,ÔמסÀדנמ אמ,PHOR,10245,292849011.0,6641.0,6641.0,6696.0,6645.0,6658.0,6669.0,43983,6656.0,6656.0,,250955916.0,250955916.0,,0.0,3,SUR,0.42,
TQBR,2023-11-02,ÔמסÀדנמ אמ,PHOR,7830,284463628.0,6671.0,6658.0,6727.0,6700.0,6689.0,6701.0,42530,6685.0,6685.0,,248539495.0,248539495.0,,0.0,3,SUR,0.48,
TQBR,2023-11-03,ÔמסÀדנמ אמ,PHOR,10194,445466144.0,6722.0,6591.0,6722.0,6643.0,6627.0,6655.0,67220,6625.0,6625.0,,394372170.0,394372170.0,,0.0,3,SUR,-0.69,
TQBR,2023-11-06,ÔמסÀדנמ אמ,PHOR,5600,262604853.0,6655.0,6654.0,6808.0,6751.0,6744.0,6798.0,38941,6732.0,6732.0,,200984719.0,200984719.0,,0.0,3,SUR,2.15,
TQBR,2023-11-07,ÔמסÀדנמ אמ,PHOR,4826,230263428.0,6819.0,6749.0,6823.0,6794.0,6784.0,6775.0,33942,6787.0,6787.0,,195497268.0,195497268.0,,0.0,3,SUR,-0.34,
TQBR,2023-11-08,ÔמסÀדנמ אמ,PHOR,5249,262930740.0,6775.0,6751.0,6826.0,6791.0,6778.0,6821.0,38791,6766.0,6766.0,,183927398.0,183927398.0,,0.0,3,SUR,0.68,
TQBR,2023-11-09,ÔמסÀדנמ אמ,PHOR,14641,957467779.0,6795.0,6795.0,6997.0,6865.0,6894.0,6877.0,138893,6894.0,6894.0,,851540338.0,851540338.0,,0.0,3,SUR,0.82,
TQBR,2023-11-10,ÔמסÀדנמ אמ,PHOR,10369,463603147.0,6888.0,6800.0,6895.0,6866.0,6840.0,6872.0,67774,6834.0,6834.0,,384952872.0,384952872.0,,0.0,3,SUR,-0.07,
TQBR,2023-11-13,ÔמסÀדנמ אמ,PHOR,11480,340263264.0,6871.0,6809.0,6900.0,6830.0,6846.0,6813.0,49704,6851.0,6851.0,,289686885.0,289686885.0,,0.0,3,SUR,-0.86,
TQBR,2023-11-14,ÔמסÀדנמ אמ,PHOR,10511,417753484.0,6816.0,6751.0,6878.0,6865.0,6841.0,6854.0,61070,6838.0,6838.0,,374818539.0,374818539.0,,0.0,3,SUR,0.6,
TQBR,2023-11-15,ÔמסÀדנמ אמ,PHOR,4637,167057470.0,6850.0,6813.0,6870.0,6847.0,6846.0,6864.0,24403,6845.0,6845.0,,140932607.0,140932607.0,,0.0,3,SUR,0.15,
TQBR,2023-11-16,ÔמסÀדנמ אמ,PHOR,6309,304642890.0,6888.0,6770.0,6899.0,6790.0,6843.0,6789.0,44516,6860.0,6860.0,,235343729.0,235343729.0,,0.0,3,SUR,-1.09,
TQBR,2023-11-17,ÔמסÀדנמ אמ,PHOR,5302,215466114.0,6786.0,6755.0,6829.0,6813.0,6796.0,6791.0,31706,6794.0,6794.0,,185923011.0,185923011.0,,0.0,3,SUR,0.03,
TQBR,2023-11-20,ÔמסÀדנמ אמ,PHOR,3958,120740386.0,6812.0,6781.0,6826.0,6805.0,6807.0,6795.0,17738,6808.0,6808.0,,103567611.0,103567611.0,,0.0,3,SUR,0.06,
TQBR,2023-11-21,ÔמסÀדנמ אמ,PHOR,5971,187855511.0,6795.0,6755.0,6850.0,6800.0,6798.0,6813.0,27634,6798.0,6798.0,,153081039.0,153081039.0,,0.0,3,SUR,0.26,
TQBR,2023-11-22,ÔמסÀדנמ אמ,PHOR,4487,167013941.0,6800.0,6770.0,6827.0,6796.0,6797.0,6800.0,24572,6797.0,6797.0,,141685442.0,141685442.0,,0.0,3,SUR,-0.19,
TQBR,2023-11-23,ÔמסÀדנמ אמ,PHOR,5537,236980694.0,6780.0,6719.0,6831.0,6831.0,6786.0,6781.0,34923,6814.0,6814.0,,110265673.0,110265673.0,,0.0,3,SUR,-0.28,
TQBR,2023-11-24,ÔמסÀדנמ אמ,PHOR,4599,258627917.0,6783.0,6733.0,6796.0,6777.0,6762.0,6755.0,38249,6761.0,6761.0,,221535489.0,221535489.0,,0.0,3,SUR,-0.38,
TQBR,2023-11-27,ÔמסÀדנמ אמ,PHOR,9514,310415444.0,6756.0,6655.0,6764.0,6704.0,6702.0,6680.0,46320,6702.0,6702.0,,281367659.0,281367659.0,,0.0,3,SUR,-1.11,
TQBR,2023-11-28,ÔמסÀדנמ אמ,PHOR,9506,407745171.0,6711.0,6654.0,6890.0,6802.0,6785.0,6828.0,60098,6782.0,6782.0,,364456685.0,364456685.0,,0.0,3,SUR,2.22,
TQBR,2023-11-29,ÔמסÀדנמ אמ,PHOR,3377,129922477.0,6828.0,6737.0,6828.0,6765.0,6777.0,6748.0,19171,6780.0,6780.0,,113594655.0,113594655.0,,0.0,3,SUR,-1.17,
TQBR,2023-11-30,ÔמסÀדנמ אמ,PHOR,7391,299107614.0,6750.0,6695.0,6806.0,6782.0,6735.0,6732.0,44409,6733.0,6733.0,,269753504.0,269753504.0,,0.0,3,SUR,-0.24,
TQBR,2023-12-01,ÔמסÀדנמ אמ,PHOR,7557,266563500.0,6728.0,6668.0,6780.0,6694.0,6709.0,6702.0,39735,6712.0,6712.0,,217542739.0,217542739.0,,0.0,3,SUR,-0.45,
TQBR,2023-12-04,ÔמסÀדנמ אמ,PHOR,6907,307985330.0,6702.0,6600.0,6768.0,6726.0,6694.0,6700.0,46009,6691.0,6691.0,,269759071.0,269759071.0,,0.0,3,SUR,-0.03,
TQBR,2023-12-05,ÔמסÀדנמ אמ,PHOR,7756,300246566.0,6700.0,6658.0,6770.0,6756.0,6720.0,6770.0,44677,6717.0,6717.0,,274025503.0,274025503.0,,0.0,3,SUR,1.04,
TQBR,2023-12-06,ÔמסÀדנמ אמ,PHOR,9235,279054059.0,6770.0,6617.0,6780.0,6678.0,6686.0,6625.0,41738,6698.0,6698.0,,212639189.0,212639189.0,,0.0,3,SUR,-2.14,
TQBR,2023-12-07,ÔמסÀדנמ אמ,PHOR,4775,191858804.0,6634.0,6605.0,6699.0,6693.0,6648.0,6662.0,28860,6646.0,6646.0,,158438419.0,158438419.0,,0.0,3,SUR,0.56,
TQBR,2023-12-08,ÔמסÀדנמ אמ,PHOR,4005,132272765.0,6662.0,6660.0,6708.0,6660.0,6678.0,6704.0,19806,6677.0,6677.0,,109835934.0,109835934.0,,0.0,3,SUR,0.63,
TQBR,2023-12-11,ÔמסÀדנמ אמ,PHOR,8772,307174011.0,6703.0,6631.0,6714.0,6709.0,6678.0,6644.0,45995,6680.0,6680.0,,262688692.0,262688692.0,,0.0,3,SUR,-0.89,
TQBR,2023-12-12,ÔמסÀדנמ אמ,PHOR,8162,232091785.0,6644.0,6603.0,6693.0,6612.0,6634.0,6613.0,34987,6637.0,6637.0,,205547742.0,205547742.0,,0.0,3,SUR,-0.47,
TQBR,2023-12-13,ÔמסÀדנמ אמ,PHOR,10911,347118857.0,6604.0,6554.0,6639.0,6598.0,6592.0,6612.0,52660,6589.0,6589.0,,301396453.0,301396453.0,,0.0,3,SUR,-0.02,
TQBR,2023-12-14,ÔמסÀדנמ אמ,PHOR,8300,296711790.0,6618.0,6568.0,6679.0,6579.0,6634.0,6577.0,44727,6646.0,6646.0,,234356390.0,234356390.0,,0.0,3,SUR,-0.53,
TQBR,2023-12-15,ÔמסÀדנמ אמ,PHOR,7733,395791368.0,6591.0,6575.0,6735.0,6700.0,6682.0,6707.0,59234,6677.0,6677.0,,338873678.0,338873678.0,,0.0,3,SUR,1.98,
TQBR,2023-12-18,ÔמסÀדנמ אמ,PHOR,11053,368148202.0,6734.0,6691.0,6774.0,6710.0,6718.0,6734.0,54803,6718.0,6718.0,,329316338.0,329316338.0,,0.0,3,SUR,0.4,
TQBR,2023-12-19,ÔמסÀדנמ אמ,PHOR,7261,278652319.0,6735.0,6701.0,6768.0,6710.0,6737.0,6736.0,41364,6737.0,6737.0,,228791882.0,228791882.0,,0.0,3,SUR,0.03,
TQBR,2023-12-20,ÔמסÀדנמ אמ,PHOR,10827,576690365.0,6745.0,6740.0,6894.0,6795.0,6815.0,6805.0,84619,6818.0,6818.0,,473216635.0,473216635.0,,0.0,3,SUR,1.02,
TQBR,2023-12-21,ÔמסÀדנמ אמ,PHOR,12661,644400194.0,6809.0,6761.0,6840.0,6840.0,6797.0,6808.0,94800,6794.0,6794.0,,542170962.0,542170962.0,,0.0,3,SUR,0.04,
TQBR,2023-12-22,ÔמסÀדנמ אמ,PHOR,18503,963338036.0,6808.0,6770.0,6890.0,6845.0,6817.0,6868.0,141313,6810.0,6810.0,,730520380.0,730520380.0,,0.0,3,SUR,0.88,
TQBR,2023-12-25,ÔמסÀדנמ אמ,PHOR,24880,1431821293.0,6616.0,6588.0,6685.0,6659.0,6644.0,6668.0,215514,6643.0,6643.0,,1335953680.0,1335953680.0,,0.0,3,SUR,-2.91,
TQBR,2023-12-26,ÔמסÀדנמ אמ,PHOR,7142,299128151.0,6678.0,6626.0,6685.0,6669.0,6646.0,6660.0,45011,6644.0,6644.0,,266612132.0,266612132.0,,0.0,3,SUR,-0.12,
TQBR,2023-12-27,ÔמסÀדנמ אמ,PHOR,14624,441105436.0,6660.0,6571.0,6660.0,6588.0,6612.0,6575.0,66718,6618.0,6618.0,,335645582.0,335645582.0,,0.0,3,SUR,-1.28,
TQBR,2023-12-28,ÔמסÀדנמ אמ,PHOR,6869,253412432.0,6575.0,6560.0,6609.0,6602.0,6586.0,6578.0,38477,6586.0,6586.0,,212127831.0,212127831.0,,0.0,3,SUR,0.05,
TQBR,2023-12-29,ÔמסÀדנמ אמ,PHOR,4155,163610369.0,6594.0,6565.0,6600.0,6600.0,6592.0,6587.0,24819,6592.0,6592.0,,125870007.0,125870007.0,,0.0,3,SUR,0.14,
TQBR,2024-01-03,ÔמסÀדנמ אמ,PHOR,3985,134301633.0,6600.0,6595.0,6668.0,6645.0,6636.0,6663.0,20239,6630.0,6630.0,,95467901.0,95467901.0,,0.0,3,SUR,1.15,
TQBR,2024-01-04,ÔמסÀדנמ אמ,PHOR,3548,117009009.0,6678.0,6641.0,6702.0,6661.0,6671.0,6649.0,17541,6676.0,6676.0,,89626722.0,89626722.0,,0.0,3,SUR,-0.21,
TQBR,2024-01-05,ÔמסÀדנמ אמ,PHOR,2444,88188093.0,6666.0,6632.0,6668.0,6664.0,6655.0,6665.0,13251,6653.0,6653.0,,67939480.0,67939480.0,,0.0,3,SUR,0.24,
TQBR,2024-01-08,ÔמסÀדנמ אמ,PHOR,3410,99357662.0,6680.0,6671.0,6703.0,6690.0,6691.0,6703.0,14849,6690.0,6690.0,,77398528.0,77398528.0,,0.0,3,SUR,0.57,
TQBR,2024-01-09,ÔמסÀדנמ אמ,PHOR,7561,243351205.0,6717.0,6648.0,6740.0,6650.0,6683.0,6659.0,36412,6686.0,6686.0,,213424389.0,213424389.0,,0.0,3,SUR,-0.66,
TQBR,2024-01-10,ÔמסÀדנמ אמ,PHOR,7989,231873613.0,6660.0,6650.0,6708.0,6670.0,6689.0,6688.0,34676,6687.0,6687.0,,213017674.0,213017674.0,,0.0,3,SUR,0.44,
TQBR,2024-01-11,ÔמסÀדנמ אמ,PHOR,10316,329732655.0,6699.0,6666.0,6738.0,6730.0,6702.0,6714.0,49202,6701.0,6701.0,,301987435.0,301987435.0,,0.0,3,SUR,0.39,
TQBR,2024-01-12,ÔמסÀדנמ אמ,PHOR,5609,174730172.0,6714.0,6676.0,6724.0,6683.0,6695.0,6692.0,26097,6697.0,6697.0,,152907995.0,152907995.0,,0.0,3,SUR,-0.33,
TQBR,2024-01-15,ÔמסÀדנמ אמ,PHOR,15507,529903458.0,6694.0,6682.0,6777.0,6702.0,6743.0,6761.0,78589,6743.0,6743.0,,498483131.0,498483131.0,,0.0,3,SUR,1.03,
TQBR,2024-01-16,ÔמסÀדנמ אמ,PHOR,13755,399422213.0,6763.0,6718.0,6805.0,6764.0,6769.0,6769.0,59009,6770.0,6770.0,,368545278.0,368545278.0,,0.0,3,SUR,0.12,
TQBR,2024-01-17,ÔמסÀדנמ אמ,PHOR,11125,334665595.0,6786.0,6750.0,6800.0,6753.0,6774.0,6769.0,49401,6776.0,6776.0,,284130020.0,284130020.0,,0.0,3,SUR,0.0,
TQBR,2024-01-18,ÔמסÀדנמ אמ,PHOR,13785,402570814.0,6769.0,6758.0,6830.0,6821.0,6806.0,6820.0,59146,6806.0,6806.0,,377977817.0,377977817.0,,0.0,3,SUR,0.75,
TQBR,2024-01-19,ÔמסÀדנמ אמ,PHOR,15628,632864734.0,6820.0,6724.0,6849.0,6822.0,6789.0,6812.0,93223,6786.0,6786.0,,571901988.0,571901988.0,,0.0,3,SUR,-0.12,
TQBR,2024-01-22,ÔמסÀדנמ אמ,PHOR,7972,258294019.0,6816.0,6779.0,6831.0,6785.0,6807.0,6798.0,37948,6808.0,6808.0,,229472057.0,229472057.0,,0.0,3,SUR,-0.21,
TQBR,2024-01-23,ÔמסÀדנמ אמ,PHOR,8504,329563001.0,6800.0,6790.0,6839.0,6800.0,6813.0,6818.0,48375,6813.0,6813.0,,312595214.0,312595214.0,,0.0,3,SUR,0.29,
TQBR,2024-01-24,ÔמסÀדנמ אמ,PHOR,6495,255406778.0,6828.0,6729.0,6828.0,6760.0,6766.0,6756.0,37746,6767.0,6767.0,,233247992.0,233247992.0,,0.0,3,SUR,-0.91,
TQBR,2024-01-25,ÔמסÀדנמ אמ,PHOR,10493,312099210.0,6758.0,6722.0,6798.0,6762.0,6768.0,6767.0,46112,6769.0,6769.0,,299804671.0,299804671.0,,0.0,3,SUR,0.16,
TQBR,2024-01-26,ÔמסÀדנמ אמ,PHOR,4364,156982014.0,6765.0,6750.0,6789.0,6785.0,6773.0,6768.0,23176,6774.0,6774.0,,138903576.0,138903576.0,,0.0,3,SUR,0.01,
TQBR,2024-01-29,ÔמסÀדנמ אמ,PHOR,6260,311200699.0,6768.0,6754.0,6850.0,6775.0,6798.0,6800.0,45777,6799.0,6799.0,,284164067.0,284164067.0,,0.0,3,SUR,0.47,
TQBR,2024-01-30,ÔמסÀדנמ אמ,PHOR,12546,490177867.0,6802.0,6708.0,6818.0,6708.0,6769.0,6750.0,72430,6772.0,6772.0,,408002904.0,408002904.0,,0.0,3,SUR,-0.74,
TQBR,2024-01-31,ÔמסÀדנמ אמ,PHOR,4379,160951253.0,6753.0,6736.0,6785.0,6770.0,6758.0,6765.0,23815,6758.0,6758.0,,139108569.0,139108569.0,,0.0,3,SUR,0.22,
TQBR,2024-02-01,ÔמסÀדנמ אמ,PHOR,3789,119966781.0,6772.0,6751.0,6778.0,6765.0,6766.0,6759.0,17730,6767.0,6767.0,,104998732.0,104998732.0,,0.0,3,SUR,-0.09,
TQBR,2024-02-02,ÔמסÀדנמ אמ,PHOR,7750,201611103.0,6760.0,6720.0,6768.0,6741.0,6739.0,6737.0,29919,6739.0,6739.0,,182531925.0,182531925.0,,0.0,3,SUR,-0.33,
TQBR,2024-02-05,ÔמסÀדנמ אמ,PHOR,7684,272751095.0,6738.0,6736.0,6776.0,6772.0,6761.0,6774.0,40344,6760.0,6760.0,,249348413.0,249348413.0,,0.0,3,SUR,0.55,
TQBR,2024-02-06,ÔמסÀדנמ אמ,PHOR,4594,206581296.0,6775.0,6767.0,6800.0,6793.0,6789.0,6798.0,30431,6787.0,6787.0,,163176393.0,163176393.0,,0.0,3,SUR,0.35,
TQBR,2024-02-07,ÔמסÀדנמ אמ,PHOR,7743,257551674.0,6800.0,6751.0,6800.0,6760.0,6775.0,6771.0,38016,6775.0,6775.0,,223787220.0,223787220.0,,0.0,3,SUR,-0.4,
TQBR,2024-02-08,ÔמסÀדנמ אמ,PHOR,6982,327586009.0,6773.0,6755.0,6805.0,6787.0,6791.0,6766.0,48237,6794.0,6794.0,,287722811.0,287722811.0,,0.0,3,SUR,-0.07,
TQBR,2024-02-09,ÔמסÀדנמ אמ,PHOR,6379,259757334.0,6770.0,6764.0,6819.0,6819.0,6797.0,6795.0,38218,6797.0,6797.0,,222595298.0,222595298.0,,0.0,3,SUR,0.43,
TQBR,2024-02-12,ÔמסÀדנמ אמ,PHOR,5215,210033248.0,6795.0,6790.0,6830.0,6826.0,6815.0,6825.0,30819,6814.0,6814.0,,182165841.0,182165841.0,,0.0,3,SUR,0.44,
TQBR,2024-02-13,ÔמסÀדנמ אמ,PHOR,14302,854066723.0,6830.0,6824.0,6970.0,6900.0,6919.0,6944.0,123444,6917.0,6917.0,,772913531.0,772913531.0,,0.0,3,SUR,1.74,
TQBR,2024-02-14,ÔמסÀדנמ אמ,PHOR,12963,614247094.0,6964.0,6884.0,7029.0,6925.0,6972.0,6932.0,88118,6976.0,6976.0,,555652098.0,555652098.0,,0.0,3,SUR,-0.17,
TQBR,2024-02-15,ÔמסÀדנמ אמ,PHOR,10950,410910125.0,6933.0,6871.0,6942.0,6914.0,6888.0,6913.0,59651,6886.0,6886.0,,362377556.0,362377556.0,,0.0,3,SUR,-0.27,
TQBR,2024-02-16,ÔמסÀדנמ אמ,PHOR,10298,438892600.0,6925.0,6841.0,6950.0,6855.0,6888.0,6851.0,63722,6890.0,6890.0,,402267699.0,402267699.0,,0.0,3,SUR,-0.9,
TQBR,2024-02-19,ÔמסÀדנמ אמ,PHOR,8734,261145575.0,6851.0,6845.0,6915.0,6875.0,6874.0,6869.0,37992,6875.0,6875.0,,241549599.0,241549599.0,,0.0,3,SUR,0.26,
TQBR,2024-02-20,ÔמסÀדנמ אמ,PHOR,14687,611610837.0,6869.0,6700.0,6906.0,6741.0,6766.0,6715.0,90390,6776.0,6776.0,,499669303.0,499669303.0,,0.0,3,SUR,-2.24,
TQBR,2024-02-21,ÔמסÀדנמ אמ,PHOR,11982,517275958.0,6715.0,6621.0,6754.0,6630.0,6685.0,6668.0,77450,6682.0,6682.0,,458475339.0,458475339.0,,0.0,3,SUR,-0.7,
TQBR,2024-02-22,ÔמסÀדנמ אמ,PHOR,4539,166987727.0,6669.0,6660.0,6711.0,6689.0,6695.0,6702.0,24970,6686.0,6686.0,,137247194.0,137247194.0,,0.0,3,SUR,0.51,
TQBR,2024-02-26,ÔמסÀדנמ אמ,PHOR,11304,419279675.0,6724.0,6706.0,6874.0,6802.0,6821.0,6828.0,61474,6821.0,6821.0,,386434234.0,386434234.0,,0.0,3,SUR,1.88,
TQBR,2024-02-27,ÔמסÀדנמ אמ,PHOR,10561,263351651.0,6827.0,6714.0,6831.0,6738.0,6748.0,6745.0,39022,6750.0,6750.0,,237370324.0,237370324.0,,0.0,3,SUR,-1.22,
TQBR,2024-02-28,ÔמסÀדנמ אמ,PHOR,6705,205785679.0,6745.0,6692.0,6776.0,6703.0,6722.0,6717.0,30606,6726.0,6726.0,,180963965.0,180963965.0,,0.0,3,SUR,-0.42,
TQBR,2024-02-29,ÔמסÀדנמ אמ,PHOR,9662,411466757.0,6718.0,6677.0,6764.0,6738.0,6704.0,6755.0,61365,6702.0,6702.0,,374819913.0,374819913.0,,0.0,3,SUR,0.57,
TQBR,2024-03-01,ÔמסÀדנמ אמ,PHOR,9753,266292123.0,6755.0,6731.0,6810.0,6784.0,6775.0,6792.0,39298,6775.0,6775.0,,243949749.0,243949749.0,,0.0,3,SUR,0.55,
TQBR,2024-03-04,ÔמסÀדנמ אמ,PHOR,9019,442578385.0,6792.0,6719.0,6830.0,6741.0,6761.0,6757.0,65461,6762.0,6762.0,,410032894.0,410032894.0,,0.0,3,SUR,-0.52,
TQBR,2024-03-05,ÔמסÀדנמ אמ,PHOR,8727,312409330.0,6750.0,6719.0,6820.0,6798.0,6777.0,6811.0,46098,6772.0,6772.0,,272299256.0,272299256.0,,0.0,3,SUR,0.8,
TQBR,2024-03-06,ÔמסÀדנמ אמ,PHOR,6145,293656537.0,6820.0,6760.0,6825.0,6778.0,6778.0,6779.0,43315,6780.0,6780.0,,271120444.0,271120444.0,,0.0,3,SUR,-0.47,
TQBR,2024-03-07,ÔמסÀדנמ אמ,PHOR,3920,166293863.0,6762.0,6744.0,6800.0,6790.0,6778.0,6791.0,24534,6776.0,6776.0,,128927728.0,128927728.0,,0.0,3,SUR,0.18,
TQBR,2024-03-11,ÔמסÀדנמ אמ,PHOR,9097,369533169.0,6802.0,6731.0,6819.0,6749.0,6758.0,6746.0,54674,6760.0,6760.0,,335835469.0,335835469.0,,0.0,3,SUR,-0.66,
TQBR,2024-03-12,ÔמסÀדנמ אמ,PHOR,5250,218404523.0,6741.0,6722.0,6794.0,6757.0,6753.0,6759.0,32344,6749.0,6749.0,,159858920.0,159858920.0,,0.0,3,SUR,0.19,
TQBR,2024-03-13,ÔמסÀדנמ אמ,PHOR,7404,301251868.0,6771.0,6745.0,6797.0,6760.0,6773.0,6760.0,44478,6773.0,6773.0,,287372919.0,287372919.0,,0.0,3,SUR,0.01,
TQBR,2024-03-14,ÔמסÀדנמ אמ,PHOR,7175,402267987.0,6777.0,6708.0,6780.0,6780.0,6749.0,6745.0,59606,6748.0,6748.0,,372552725.0,372552725.0,,0.0,3,SUR,-0.22,
TQBR,2024-03-15,ÔמסÀדנמ אמ,PHOR,3541,137560484.0,6745.0,6745.0,6780.0,6761.0,6760.0,6751.0,20350,6761.0,6761.0,,111447096.0,111447096.0,,0.0,3,SUR,0.09,
TQBR,2024-03-18,ÔמסÀדנמ אמ,PHOR,10500,423852360.0,6751.0,6685.0,6784.0,6709.0,6718.0,6693.0,63093,6722.0,6722.0,,365938645.0,365938645.0,,0.0,3,SUR,-0.86,
TQBR,2024-03-19,ÔמסÀדנמ אמ,PHOR,9184,378971418.0,6694.0,6630.0,6698.0,6662.0,6662.0,6657.0,56884,6665.0,6665.0,,298554356.0,298554356.0,,0.0,3,SUR,-0.54,
TQBR,2024-03-20,ÔמסÀדנמ אמ,PHOR,8757,311669581.0,6656.0,6610.0,6697.0,6650.0,6649.0,6680.0,46876,6644.0,6644.0,,258466059.0,258466059.0,,0.0,3,SUR,0.35,
TQBR,2024-03-21,ÔמסÀדנמ אמ,PHOR,6897,267164231.0,6680.0,6629.0,6700.0,6660.0,6673.0,6682.0,40045,6671.0,6671.0,,235163970.0,235163970.0,,0.0,3,SUR,0.03,
TQBR,2024-03-22,ÔמסÀדנמ אמ,PHOR,8869,308140983.0,6680.0,6605.0,6689.0,6657.0,6654.0,6623.0,46315,6667.0,6667.0,,197696858.0,197696858.0,,0.0,3,SUR,-0.88,
TQBR,2024-03-25,ÔמסÀדנמ אמ,PHOR,8942,297050938.0,6623.0,6584.0,6665.0,6603.0,6614.0,6609.0,44914,6614.0,6614.0,,261555227.0,261555227.0,,0.0,3,SUR,-0.21,
TQBR,2024-03-26,ÔמסÀדנמ אמ,PHOR,8864,270962570.0,6609.0,6593.0,6635.0,6618.0,6618.0,6628.0,40942,6617.0,6617.0,,250345534.0,250345534.0,,0.0,3,SUR,0.29,
TQBR,2024-03-27,ÔמסÀדנמ אמ,PHOR,4909,169257720.0,6640.0,6600.0,6644.0,6605.0,6614.0,6607.0,25590,6615.0,6615.0,,145855590.0,145855590.0,,0.0,3,SUR,-0.32,
TQBR,2024-03-28,ÔמסÀדנמ אמ,PHOR,8058,244566308.0,6622.0,6601.0,6672.0,6656.0,6635.0,6658.0,36862,6631.0,6631.0,,213480643.0,213480643.0,,0.0,3,SUR,0.77,
TQBR,2024-03-29,ÔמסÀדנמ אמ,PHOR,7586,294833639.0,6658.0,6597.0,6670.0,6624.0,6622.0,6625.0,44521,6621.0,6621.0,,252991525.0,252991525.0,,0.0,3,SUR,-0.5,
TQBR,2024-04-01,ÔמסÀדנמ אמ,PHOR,8495,473993469.0,6631.0,6631.0,6750.0,6725.0,6689.0,6748.0,70862,6678.0,6678.0,,372534550.0,372534550.0,,0.0,3,SUR,1.86,
TQBR,2024-04-02,ÔמסÀדנמ אמ,PHOR,8004,324441450.0,6750.0,6693.0,6760.0,6694.0,6716.0,6728.0,48325,6714.0,6714.0,,287132769.0,287132769.0,,0.0,3,SUR,-0.3,
TQBR,2024-04-03,ÔמסÀדנמ אמ,PHOR,5406,275575371.0,6732.0,6693.0,6754.0,6746.0,6725.0,6746.0,40977,6721.0,6721.0,,224594312.0,224594312.0,,0.0,3,SUR,0.27,
TQBR,2024-04-04,ÔמסÀדנמ אמ,PHOR,4669,251971187.0,6746.0,6701.0,6763.0,6703.0,6723.0,6706.0,37495,6721.0,6721.0,,230790564.0,230790564.0,,0.0,3,SUR,-0.59,
TQBR,2024-04-05,ÔמסÀדנמ אמ,PHOR,11216,409832749.0,6703.0,6650.0,6729.0,6699.0,6671.0,6680.0,61392,6675.0,6675.0,,382739895.0,382739895.0,,0.0,3,SUR,-0.39,
TQBR,2024-04-08,ÔמסÀדנמ אמ,PHOR,5693,236365955.0,6710.0,6700.0,6746.0,6736.0,6723.0,6736.0,35157,6720.0,6720.0,,195791851.0,195791851.0,,0.0,3,SUR,0.84,
TQBR,2024-04-09,ÔמסÀדנמ אמ,PHOR,7038,211013484.0,6736.0,6670.0,6740.0,6680.0,6705.0,6699.0,31473,6705.0,6705.0,,196241359.0,196241359.0,,0.0,3,SUR,-0.55,
TQBR,2024-04-10,ÔמסÀדנמ אמ,PHOR,8162,341689120.0,6682.0,6673.0,6740.0,6686.0,6708.0,6691.0,50941,6710.0,6710.0,,281713726.0,281713726.0,,0.0,3,SUR,-0.12,
TQBR,2024-04-11,ÔמסÀדנמ אמ,PHOR,7893,308995111.0,6693.0,6650.0,6759.0,6739.0,6720.0,6741.0,45978,6719.0,6719.0,,271707004.0,271707004.0,,0.0,3,SUR,0.75,
TQBR,2024-04-12,ÔמסÀדנמ אמ,PHOR,7919,366470913.0,6741.0,6738.0,6810.0,6778.0,6787.0,6771.0,53998,6789.0,6789.0,,319572628.0,319572628.0,,0.0,3,SUR,0.45,
TQBR,2024-04-15,ÔמסÀדנמ אמ,PHOR,6179,325211011.0,6774.0,6750.0,6815.0,6810.0,6778.0,6784.0,47975,6777.0,6777.0,,284731332.0,284731332.0,,0.0,3,SUR,0.19,
TQBR,2024-04-16,ÔמסÀדנמ אמ,PHOR,12237,312677576.0,6807.0,6721.0,6808.0,6721.0,6748.0,6730.0,46334,6749.0,6749.0,,286380330.0,286380330.0,,0.0,3,SUR,-0.8,
TQBR,2024-04-17,ÔמסÀדנמ אמ,PHOR,5708,268713115.0,6752.0,6688.0,6752.0,6688.0,6723.0,6702.0,39975,6725.0,6725.0,,235956589.0,235956589.0,,0.0,3,SUR,-0.42,
TQBR,2024-04-18,ÔמסÀדנמ אמ,PHOR,10411,463394243.0,6710.0,6700.0,6810.0,6788.0,6759.0,6802.0,68545,6753.0,6753.0,,378965954.0,378965954.0,,0.0,3,SUR,1.49,
TQBR,2024-04-19,ÔמסÀדנמ אמ,PHOR,5054,206171226.0,6802.0,6750.0,6824.0,6768.0,6772.0,6754.0,30442,6775.0,6775.0,,177918639.0,177918639.0,,0.0,3,SUR,-0.71,
TQBR,2024-04-22,ÔמסÀדנמ אמ,PHOR,7974,260802305.0,6757.0,6748.0,6795.0,6776.0,6778.0,6780.0,38480,6778.0,6778.0,,238748902.0,238748902.0,,0.0,3,SUR,0.38,
TQBR,2024-04-23,ÔמסÀדנמ אמ,PHOR,6318,281950013.0,6790.0,6698.0,6790.0,6710.0,6726.0,6702.0,41922,6728.0,6728.0,,246557448.0,246557448.0,,0.0,3,SUR,-1.15,
TQBR,2024-04-24,ÔמסÀדנמ אמ,PHOR,5337,191315691.0,6725.0,6659.0,6725.0,6668.0,6676.0,6680.0,28655,6677.0,6677.0,,172233735.0,172233735.0,,0.0,3,SUR,-0.33,
TQBR,2024-04-25,ÔמסÀדנמ אמ,PHOR,6681,241327299.0,6680.0,6603.0,6688.0,6644.0,6645.0,6660.0,36319,6644.0,6644.0,,218232789.0,218232789.0,,0.0,3,SUR,-0.3,
TQBR,2024-04-26,ÔמסÀדנמ אמ,PHOR,11137,453545695.0,6661.0,6600.0,6710.0,6679.0,6671.0,6603.0,68102,6677.0,6677.0,,241931339.0,241931339.0,,0.0,3,SUR,-0.86,
TQBR,2024-04-27,ÔמסÀדנמ אמ,PHOR,6759,261908264.0,6613.0,6576.0,6658.0,6630.0,6624.0,6610.0,39539,6626.0,6626.0,,219786322.0,219786322.0,,0.0,3,SUR,0.11,
TQBR,2024-04-29,ÔמסÀדנמ אמ,PHOR,5059,155235215.0,6630.0,6583.0,6630.0,6613.0,6606.0,6601.0,23500,6605.0,6605.0,,137652327.0,137652327.0,,0.0,3,SUR,-0.14,
TQBR,2024-04-30,ÔמסÀדנמ אמ,PHOR,3769,147097436.0,6612.0,6602.0,6654.0,6634.0,6625.0,6610.0,22204,6626.0,6626.0,,115690629.0,115690629.0,,0.0,3,SUR,0.14,
TQBR,2024-05-02,ÔמסÀדנמ אמ,PHOR,4132,142249613.0,6622.0,6610.0,6636.0,6631.0,6624.0,6633.0,21475,6624.0,6624.0,,118573732.0,118573732.0,,0.0,3,SUR,0.35,
TQBR,2024-05-03,ÔמסÀדנמ אמ,PHOR,3318,103703309.0,6609.0,6602.0,6633.0,6611.0,6615.0,6610.0,15676,6616.0,6616.0,,85336880.0,85336880.0,,0.0,3,SUR,-0.35,
TQBR,2024-05-06,ÔמסÀדנמ אמ,PHOR,8959,322240904.0,6610.0,6550.0,6618.0,6565.0,6576.0,6551.0,49004,6578.0,6578.0,,272589170.0,272589170.0,,0.0,3,SUR,-0.89,
TQBR,2024-05-07,ÔמסÀדנמ אמ,PHOR,6547,239017011.0,6555.0,6530.0,6594.0,6557.0,6553.0,6540.0,36473,6553.0,6553.0,,216462480.0,216462480.0,,0.0,3,SUR,-0.17,
TQBR,2024-05-08,ÔמסÀדנמ אמ,PHOR,6013,181655442.0,6560.0,6530.0,6568.0,6535.0,6544.0,6534.0,27759,6547.0,6547.0,,144691579.0,144691579.0,,0.0,3,SUR,-0.09,
TQBR,2024-05-10,ÔמסÀדנמ אמ,PHOR,3999,163260953.0,6530.0,6502.0,6597.0,6540.0,6552.0,6535.0,24917,6559.0,6559.0,,113402599.0,113402599.0,,0.0,3,SUR,0.02,
TQBR,2024-05-13,ÔמסÀדנמ אמ,PHOR,7434,215059618.0,6540.0,6505.0,6553.0,6511.0,6521.0,6511.0,32980,6523.0,6523.0,,178867532.0,178867532.0,,0.0,3,SUR,-0.37,
TQBR,2024-05-14,ÔמסÀדנמ אמ,PHOR,7408,199469463.0,6505.0,6505.0,6577.0,6561.0,6534.0,6545.0,30496,6539.0,6539.0,,180119438.0,180119438.0,,0.0,3,SUR,0.52,
TQBR,2024-05-15,ÔמסÀדנמ אמ,PHOR,5779,218761516.0,6545.0,6511.0,6572.0,6521.0,6539.0,6554.0,33456,6538.0,6538.0,,191330770.0,191330770.0,,0.0,3,SUR,0.14,
TQBR,2024-05-16,ÔמסÀדנמ אמ,PHOR,3527,111289809.0,6566.0,6515.0,6566.0,6528.0,6537.0,6543.0,17024,6536.0,6536.0,,89389545.0,89389545.0,,0.0,3,SUR,-0.17,
TQBR,2024-05-17,ÔמסÀדנמ אמ,PHOR,6902,374337917.0,6544.0,6519.0,6647.0,6621.0,6586.0,6618.0,56837,6583.0,6583.0,,341711208.0,341711208.0,,0.0,3,SUR,1.15,
TQBR,2024-05-20,ÔמסÀדנמ אמ,PHOR,7127,307003242.0,6618.0,6572.0,6650.0,6593.0,6614.0,6612.0,46418,6615.0,6615.0,,251465199.0,251465199.0,,0.0,3,SUR,-0.09,
TQBR,2024-05-21,ÔמסÀדנמ אמ,PHOR,10791,368120216.0,6591.0,6460.0,6600.0,6490.0,6515.0,6503.0,56502,6517.0,6517.0,,338506531.0,338506531.0,,0.0,3,SUR,-1.65,
TQBR,2024-05-22,ÔמסÀדנמ אמ,PHOR,22645,700275352.0,6504.0,6333.0,6525.0,6367.0,6391.0,6357.0,109571,6395.0,6395.0,,619895406.0,619895406.0,,0.0,3,SUR,-2.25,
TQBR,2024-05-23,ÔמסÀדנמ אמ,PHOR,26959,994206028.0,6357.0,6135.0,6357.0,6185.0,6199.0,6182.0,160419,6198.0,6198.0,,938562025.0,938562025.0,,0.0,3,SUR,-2.75,
TQBR,2024-05-24,ÔמסÀדנמ אמ,PHOR,13654,541805096.0,6190.0,6182.0,6279.0,6271.0,6240.0,6266.0,86800,6239.0,6239.0,,481152180.0,481152180.0,,0.0,3,SUR,1.36,
TQBR,2024-05-27,ÔמסÀדנמ אמ,PHOR,9780,418899140.0,6289.0,6200.0,6296.0,6236.0,6241.0,6231.0,67119,6234.0,6234.0,,301110460.0,301110460.0,,0.0,3,SUR,-0.56,
TQBR,2024-05-28,ÔמסÀדנמ אמ,PHOR,17212,765151518.0,6249.0,6000.0,6356.0,6260.0,6182.0,6008.0,123766,6280.0,6280.0,,328005687.0,328005687.0,,0.0,3,SUR,-3.58,
TQBR,2024-05-29,ÔמסÀדנמ אמ,PHOR,20055,937214620.0,5997.0,5891.0,6089.0,6029.0,5972.0,6077.0,156940,5963.0,5963.0,,855704532.0,855704532.0,,0.0,3,SUR,1.15,
TQBR,2024-05-30,ÔמסÀדנמ אמ,PHOR,11607,526874346.0,6077.0,6001.0,6199.0,6026.0,6118.0,6032.0,86183,6130.0,6130.0,,431521137.0,431521137.0,,0.0,3,SUR,-0.74,
TQBR,2024-05-31,ÔמסÀדנמ אמ,PHOR,13787,552423808.0,6020.0,5920.0,6053.0,5954.0,5974.0,5934.0,92543,5976.0,5976.0,,444702330.0,444702330.0,,0.0,3,SUR,-1.62,
TQBR,2024-06-03,ÔמסÀדנמ אמ,PHOR,24010,917510103.0,5941.0,5656.0,6080.0,5954.0,5840.0,5910.0,157055,5820.0,5820.0,,799064622.0,799064622.0,,0.0,3,SUR,-0.4,
TQBR,2024-06-04,ÔמסÀדנמ אמ,PHOR,8392,341278254.0,5930.0,5788.0,6008.0,5882.0,5904.0,5940.0,57804,5902.0,5902.0,,307001567.0,307001567.0,,0.0,3,SUR,0.51,
TQBR,2024-06-05,ÔמסÀדנמ אמ,PHOR,9030,342441700.0,5940.0,5817.0,6022.0,5854.0,5905.0,5836.0,58004,5909.0,5909.0,,309780108.0,309780108.0,,0.0,3,SUR,-1.75,
TQBR,2024-06-06,ÔמסÀדנמ אמ,PHOR,10940,408077028.0,5865.0,5805.0,5950.0,5827.0,5883.0,5854.0,69368,5886.0,5886.0,,383496205.0,383496205.0,,0.0,3,SUR,0.31,
TQBR,2024-06-07,ÔמסÀדנמ אמ,PHOR,13050,459758061.0,5853.0,5833.0,6014.0,5975.0,5946.0,6006.0,77286,5944.0,5944.0,,415671388.0,415671388.0,,0.0,3,SUR,2.6,
TQBR,2024-06-10,ÔמסÀדנמ אמ,PHOR,9954,352035320.0,6045.0,5842.0,6086.0,5865.0,5958.0,5894.0,59106,5965.0,5965.0,,313450219.0,313450219.0,,0.0,3,SUR,-1.86,
TQBR,2024-06-11,ÔמסÀדנמ אמ,PHOR,10902,378706494.0,5885.0,5717.0,5900.0,5738.0,5791.0,5724.0,65391,5804.0,5804.0,,304699601.0,304699601.0,,0.0,3,SUR,-2.88,
TQBR,2024-06-13,ÔמסÀדנמ אמ,PHOR,11978,469196093.0,5449.0,5449.0,5930.0,5815.0,5768.0,5830.0,81349,5759.0,5759.0,,421143830.0,421143830.0,,0.0,3,SUR,1.85,
TQBR,2024-06-14,ÔמסÀדנמ אמ,PHOR,9139,264240063.0,5832.0,5811.0,5977.0,5962.0,5910.0,5960.0,44712,5905.0,5905.0,,235080485.0,235080485.0,,0.0,3,SUR,2.23,
TQBR,2024-06-17,ÔמסÀדנמ אמ,PHOR,10813,384797604.0,5977.0,5826.0,6002.0,5829.0,5912.0,5846.0,65092,5915.0,5915.0,,366015818.0,366015818.0,,0.0,3,SUR,-1.91,
TQBR,2024-06-18,ÔמסÀדנמ אמ,PHOR,10681,317744966.0,5847.0,5750.0,5882.0,5832.0,5840.0,5844.0,54411,5855.0,5855.0,,239509208.0,239509208.0,,0.0,3,SUR,-0.03,
TQBR,2024-06-19,ÔמסÀדנמ אמ,PHOR,17953,360574443.0,5858.0,5655.0,5858.0,5673.0,5737.0,5721.0,62835,5743.0,5743.0,,327554508.0,327554508.0,,0.0,3,SUR,-2.1,
TQBR,2024-06-20,ÔמסÀדנמ אמ,PHOR,22048,948173012.0,5735.0,5720.0,6096.0,6070.0,5982.0,6094.0,158498,5978.0,5978.0,,885697316.0,885697316.0,,0.0,3,SUR,6.52,
TQBR,2024-06-21,ÔמסÀדנמ אמ,PHOR,11514,566940369.0,6099.0,5940.0,6099.0,5993.0,5994.0,6030.0,94509,5996.0,5996.0,,495418219.0,495418219.0,,0.0,3,SUR,-1.05,
TQBR,2024-06-24,ÔמסÀדנמ אמ,PHOR,6609,236949108.0,6031.0,5934.0,6083.0,5948.0,5982.0,5945.0,39619,5983.0,5983.0,,216248136.0,216248136.0,,0.0,3,SUR,-1.41,
TQBR,2024-06-25,ÔמסÀדנמ אמ,PHOR,12412,364549221.0,5954.0,5830.0,5967.0,5907.0,5903.0,5940.0,61752,5899.0,5899.0,,321563122.0,321563122.0,,0.0,3,SUR,-0.08,
TQBR,2024-06-26,ÔמסÀדנמ אמ,PHOR,10938,331417740.0,5950.0,5842.0,5965.0,5860.0,5888.0,5873.0,56279,5892.0,5892.0,,288009462.0,288009462.0,,0.0,3,SUR,-1.13,
TQBR,2024-06-27,ÔמסÀדנמ אמ,PHOR,6790,252352476.0,5876.0,5804.0,5909.0,5864.0,5859.0,5856.0,43072,5860.0,5860.0,,207806915.0,207806915.0,,0.0,3,SUR,-0.29,
TQBR,2024-06-28,ÔמסÀדנמ אמ,PHOR,4027,120088932.0,5866.0,5835.0,5888.0,5857.0,5860.0,5869.0,20493,5860.0,5860.0,,99515359.0,99515359.0,,0.0,3,SUR,0.22,
TQBR,2024-07-01,ÔמסÀדנמ אמ,PHOR,4856,190018716.0,5871.0,5830.0,5898.0,5844.0,5851.0,5856.0,32476,5852.0,5852.0,,162122675.0,162122675.0,,0.0,3,SUR,-0.22,
TQBR,2024-07-02,ÔמסÀדנמ אמ,PHOR,8692,304076881.0,5865.0,5844.0,6000.0,5986.0,5919.0,5999.0,51338,5915.0,5915.0,,269208345.0,269208345.0,,0.0,3,SUR,2.44,
TQBR,2024-07-03,ÔמסÀדנמ אמ,PHOR,6638,272016946.0,6000.0,5937.0,6030.0,5943.0,5986.0,6012.0,45445,5977.0,5977.0,,136235967.0,136235967.0,,0.0,3,SUR,0.22,
TQBR,2024-07-04,ÔמסÀדנמ אמ,PHOR,10067,404589690.0,6015.0,5869.0,6070.0,5908.0,5978.0,5923.0,67712,5984.0,5984.0,,359525791.0,359525791.0,,0.0,3,SUR,-1.48,
TQBR,2024-07-05,ÔמסÀדנמ אמ,PHOR,5467,197222088.0,5937.0,5881.0,5985.0,5945.0,5926.0,5908.0,33272,5927.0,5927.0,,164406476.0,164406476.0,,0.0,3,SUR,-0.25,
TQBR,2024-07-08,ÔמסÀדנמ אמ,PHOR,14519,595145387.0,5927.0,5921.0,6141.0,5968.0,6030.0,5998.0,98690,6037.0,6037.0,,530767277.0,530767277.0,,0.0,3,SUR,1.52,
TQBR,2024-07-09,ÔמסÀדנמ אמ,PHOR,10207,516858055.0,5981.0,5839.0,6050.0,5887.0,5947.0,5885.0,86881,5957.0,5957.0,,457506438.0,457506438.0,,0.0,3,SUR,-1.88,
TQBR,2024-07-10,ÔמסÀדנמ אמ,PHOR,19861,1061239707.0,5862.0,5459.0,5897.0,5573.0,5637.0,5595.0,188259,5652.0,5652.0,,847011932.0,847011932.0,,0.0,3,SUR,-4.93,
TQBR,2024-07-11,ÔמסÀדנמ אמ,PHOR,25336,1028508367.0,5340.0,5204.0,5699.0,5618.0,5475.0,5657.0,187858,5458.0,5458.0,,940018639.0,940018639.0,,0.0,3,SUR,1.11,
TQBR,2024-07-12,ÔמסÀדנמ אמ,PHOR,9058,387634900.0,5625.0,5481.0,5649.0,5533.0,5546.0,5546.0,69898,5544.0,5544.0,,336017771.0,336017771.0,,0.0,3,SUR,-1.96,
TQBR,2024-07-15,ÔמסÀדנמ אמ,PHOR,11513,434773789.0,5568.0,5350.0,5573.0,5374.0,5445.0,5411.0,79846,5450.0,5450.0,,382323486.0,382323486.0,,0.0,3,SUR,-2.43,
TQBR,2024-07-16,ÔמסÀדנמ אמ,PHOR,10313,357738682.0,5411.0,5353.0,5588.0,5507.0,5453.0,5580.0,65606,5434.0,5434.0,,296028751.0,296028751.0,,0.0,3,SUR,3.12,
TQBR,2024-07-17,ÔמסÀדנמ אמ,PHOR,15170,548200469.0,5580.0,5404.0,5580.0,5419.0,5453.0,5449.0,100444,5459.0,5459.0,,494720674.0,494720674.0,,0.0,3,SUR,-2.35,
TQBR,2024-07-18,ÔמסÀדנמ אמ,PHOR,6001,209942806.0,5449.0,5421.0,5520.0,5517.0,5469.0,5496.0,38389,5462.0,5462.0,,170803644.0,170803644.0,,0.0,3,SUR,0.86,
TQBR,2024-07-19,ÔמסÀדנמ אמ,PHOR,6134,304837628.0,5518.0,5490.0,5630.0,5531.0,5541.0,5546.0,55012,5543.0,5543.0,,270532595.0,270532595.0,,0.0,3,SUR,0.91,
TQBR,2024-07-22,ÔמסÀדנמ אמ,PHOR,17211,505670951.0,5572.0,5559.0,5804.0,5744.0,5684.0,5769.0,88964,5661.0,5661.0,,393408677.0,393408677.0,,0.0,3,SUR,4.02,
TQBR,2024-07-23,ÔמסÀדנמ אמ,PHOR,6478,258872511.0,5763.0,5680.0,5890.0,5834.0,5771.0,5809.0,44861,5763.0,5763.0,,230568099.0,230568099.0,,0.0,3,SUR,0.69,
TQBR,2024-07-24,ÔמסÀדנמ אמ,PHOR,12083,475372285.0,5810.0,5690.0,5828.0,5765.0,5768.0,5758.0,82736,5736.0,5736.0,,372743246.0,372743246.0,,0.0,3,SUR,-0.88,
TQBR,2024-07-25,ÔמסÀדנמ אמ,PHOR,3933,170988385.0,5758.0,5700.0,5771.0,5752.0,5741.0,5758.0,29784,5740.0,5740.0,,150585113.0,150585113.0,,0.0,3,SUR,0.0,
TQBR,2024-07-26,ÔמסÀדנמ אמ,PHOR,13063,429720707.0,5758.0,5668.0,5799.0,5752.0,5735.0,5700.0,74927,5734.0,5734.0,,384833972.0,384833972.0,,0.0,3,SUR,-1.01,
TQBR,2024-07-29,ÔמסÀדנמ אמ,PHOR,19235,866173342.0,5699.0,5455.0,5699.0,5560.0,5526.0,5526.0,156743,5524.0,5524.0,,791696295.0,791696295.0,,0.0,3,SUR,-3.05,
TQBR,2024-07-30,ÔמסÀדנמ אמ,PHOR,13875,418251333.0,5570.0,5472.0,5571.0,5505.0,5526.0,5555.0,75682,5526.0,5526.0,,364546989.0,364546989.0,,0.0,3,SUR,0.52,
TQBR,2024-07-31,ÔמסÀדנמ אמ,PHOR,11953,462589873.0,5569.0,5505.0,5620.0,5592.0,5562.0,5618.0,83171,5555.0,5555.0,,399431038.0,399431038.0,,0.0,3,SUR,1.13,
TQBR,2024-08-01,ÔמסÀדנמ אמ,PHOR,8176,219280386.0,5618.0,5567.0,5644.0,5590.0,5585.0,5580.0,39263,5585.0,5585.0,,197347918.0,197347918.0,,0.0,3,SUR,-0.68,
TQBR,2024-08-02,ÔמסÀדנמ אמ,PHOR,9415,228039680.0,5577.0,5524.0,5610.0,5545.0,5557.0,5580.0,41033,5555.0,5555.0,,205113960.0,205113960.0,,0.0,3,SUR,0.0,
TQBR,2024-08-05,ÔמסÀדנמ אמ,PHOR,10681,342331251.0,5502.0,5457.0,5559.0,5506.0,5502.0,5505.0,62218,5503.0,5503.0,,299178133.0,299178133.0,,0.0,3,SUR,-1.34,
TQBR,2024-08-06,ÔמסÀדנמ אמ,PHOR,13534,391474838.0,5519.0,5410.0,5555.0,5435.0,5474.0,5442.0,71521,5478.0,5478.0,,347387238.0,347387238.0,,0.0,3,SUR,-1.14,
TQBR,2024-08-07,ÔמסÀדנמ אמ,PHOR,13478,334059269.0,5451.0,5370.0,5488.0,5442.0,5427.0,5452.0,61558,5415.0,5415.0,,236954374.0,236954374.0,,0.0,3,SUR,0.18,
TQBR,2024-08-08,ÔמסÀדנמ אמ,PHOR,10918,269542462.0,5463.0,5376.0,5479.0,5399.0,5408.0,5399.0,49837,5411.0,5411.0,,236087283.0,236087283.0,,0.0,3,SUR,-0.97,
TQBR,2024-08-09,ÔמסÀדנמ אמ,PHOR,4545,160839801.0,5400.0,5390.0,5435.0,5415.0,5416.0,5416.0,29698,5416.0,5416.0,,125802032.0,125802032.0,,0.0,3,SUR,0.31,
TQBR,2024-08-12,ÔמסÀדנמ אמ,PHOR,8479,350064804.0,5417.0,5313.0,5418.0,5338.0,5348.0,5345.0,65454,5348.0,5348.0,,305506521.0,305506521.0,,0.0,3,SUR,-1.31,
TQBR,2024-08-13,ÔמסÀדנמ אמ,PHOR,13095,373236651.0,5345.0,5339.0,5533.0,5510.0,5452.0,5532.0,68463,5447.0,5447.0,,346804342.0,346804342.0,,0.0,3,SUR,3.5,
TQBR,2024-08-14,ÔמסÀדנמ אמ,PHOR,7881,225431051.0,5516.0,5415.0,5532.0,5440.0,5459.0,5416.0,41293,5466.0,5466.0,,189028172.0,189028172.0,,0.0,3,SUR,-2.1,
TQBR,2024-08-15,ÔמסÀדנמ אמ,PHOR,7634,194797530.0,5416.0,5393.0,5479.0,5447.0,5450.0,5451.0,35737,5452.0,5452.0,,181316229.0,181316229.0,,0.0,3,SUR,0.65,
TQBR,2024-08-16,ÔמסÀדנמ אמ,PHOR,4559,171099716.0,5451.0,5363.0,5465.0,5420.0,5409.0,5389.0,31631,5413.0,5413.0,,122955159.0,122955159.0,,0.0,3,SUR,-1.14,
TQBR,2024-08-19,ÔמסÀדנמ אמ,PHOR,5976,190830806.0,5391.0,5321.0,5405.0,5342.0,5352.0,5344.0,35661,5351.0,5351.0,,170424232.0,170424232.0,,0.0,3,SUR,-0.84,
TQBR,2024-08-20,ÔמסÀדנמ אמ,PHOR,12635,367079176.0,5351.0,5293.0,5376.0,5324.0,5327.0,5306.0,68907,5328.0,5328.0,,349009226.0,349009226.0,,0.0,3,SUR,-0.71,
TQBR,2024-08-21,ÔמסÀדנמ אמ,PHOR,6343,192357936.0,5306.0,5282.0,5336.0,5300.0,5306.0,5305.0,36255,5306.0,5306.0,,171480099.0,171480099.0,,0.0,3,SUR,-0.02,
TQBR,2024-08-22,ÔמסÀדנמ אמ,PHOR,10942,435738346.0,5305.0,5191.0,5327.0,5254.0,5260.0,5225.0,82851,5274.0,5274.0,,266323956.0,266323956.0,,0.0,3,SUR,-1.51,
TQBR,2024-08-23,ÔמסÀדנמ אמ,PHOR,19651,544528678.0,5230.0,5058.0,5310.0,5089.0,5152.0,5120.0,105696,5156.0,5156.0,,486554208.0,486554208.0,,0.0,3,SUR,-2.01,
TQBR,2024-08-26,ÔמסÀדנמ אמ,PHOR,6422,218279424.0,5200.0,5166.0,5265.0,5224.0,5219.0,5237.0,41812,5218.0,5218.0,,192590319.0,192590319.0,,0.0,3,SUR,2.29,
TQBR,2024-08-27,ÔמסÀדנמ אמ,PHOR,6054,124083535.0,5224.0,5170.0,5276.0,5218.0,5227.0,5200.0,23741,5234.0,5234.0,,103766285.0,103766285.0,,0.0,3,SUR,-0.71,
TQBR,2024-08-28,ÔמסÀדנמ אמ,PHOR,9465,195649249.0,5200.0,5100.0,5225.0,5150.0,5149.0,5162.0,37997,5148.0,5148.0,,186905656.0,186905656.0,,0.0,3,SUR,-0.73,
TQBR,2024-08-29,ÔמסÀדנמ אמ,PHOR,3985,112933501.0,5177.0,5125.0,5188.0,5183.0,5170.0,5169.0,21845,5167.0,5167.0,,93444124.0,93444124.0,,0.0,3,SUR,0.14,
TQBR,2024-08-30,ÔמסÀדנמ אמ,PHOR,13143,443221462.0,5177.0,4921.0,5179.0,5024.0,5030.0,4997.0,88113,5037.0,5037.0,,374352257.0,374352257.0,,0.0,3,SUR,-3.33,
TQBR,2024-09-02,ÔמסÀדנמ אמ,PHOR,14408,504169379.0,4945.0,4796.0,4990.0,4943.0,4893.0,4866.0,103047,4893.0,4893.0,,439990591.0,439990591.0,,0.0,3,SUR,-2.62,
TQBR,2024-09-03,ÔמסÀדנמ אמ,PHOR,17321,527987699.0,4866.0,4843.0,5084.0,4874.0,4945.0,4869.0,106769,4959.0,4959.0,,450351572.0,450351572.0,,0.0,3,SUR,0.06,
TQBR,2024-09-04,ÔמסÀדנמ אמ,PHOR,8013,323184478.0,4877.0,4851.0,5049.0,5029.0,4959.0,5039.0,64897,4971.0,4971.0,,274955999.0,274955999.0,,0.0,3,SUR,3.49,
TQBR,2024-09-05,ÔמסÀדנמ אמ,PHOR,13757,408274033.0,5070.0,4966.0,5180.0,5100.0,5094.0,5081.0,80147,5096.0,5096.0,,386511995.0,386511995.0,,0.0,3,SUR,0.83,
TQBR,2024-09-06,ÔמסÀדנמ אמ,PHOR,9415,281230554.0,5080.0,5028.0,5181.0,5061.0,5097.0,5073.0,55186,5098.0,5098.0,,257676948.0,257676948.0,,0.0,3,SUR,-0.16,
TQBR,2024-09-09,ÔמסÀדנמ אמ,PHOR,15945,514534967.0,5078.0,5077.0,5265.0,5200.0,5195.0,5249.0,99043,5193.0,5193.0,,467962989.0,467962989.0,,0.0,3,SUR,3.47,
TQBR,2024-09-10,ÔמסÀדנמ אמ,PHOR,12034,322870015.0,5249.0,5076.0,5260.0,5113.0,5156.0,5120.0,62623,5159.0,5159.0,,302692524.0,302692524.0,,0.0,3,SUR,-2.46,
TQBR,2024-09-11,ÔמסÀדנמ אמ,PHOR,12321,292968067.0,5120.0,4970.0,5145.0,5016.0,5032.0,4998.0,58217,5043.0,5043.0,,232037615.0,232037615.0,,0.0,3,SUR,-2.38,
TQBR,2024-09-12,ÔמסÀדנמ אמ,PHOR,7106,240511438.0,5000.0,4884.0,5005.0,4924.0,4925.0,4934.0,48835,4924.0,4924.0,,218219424.0,218219424.0,,0.0,3,SUR,-1.28,
TQBR,2024-09-13,ÔמסÀדנמ אמ,PHOR,9035,248647455.0,4931.0,4842.0,5062.0,5001.0,4949.0,5041.0,50245,4930.0,4930.0,,206299804.0,206299804.0,,0.0,3,SUR,2.17,
TQBR,2024-09-16,ÔמסÀדנמ אמ,PHOR,15693,387262488.0,5043.0,5028.0,5134.0,5081.0,5074.0,5091.0,76307,5072.0,5072.0,,330210516.0,330210516.0,,0.0,3,SUR,0.99,
TQBR,2024-09-17,ÔמסÀדנמ אמ,PHOR,12875,458654469.0,5115.0,5095.0,5278.0,5257.0,5222.0,5276.0,87826,5213.0,5213.0,,378021996.0,378021996.0,,0.0,3,SUR,3.63,
TQBR,2024-09-18,ÔמסÀדנמ אמ,PHOR,16885,412310293.0,5287.0,5150.0,5307.0,5243.0,5215.0,5239.0,79067,5213.0,5213.0,,381677769.0,381677769.0,,0.0,3,SUR,-0.7,
TQBR,2024-09-19,ÔמסÀדנמ אמ,PHOR,9512,397435781.0,5239.0,5154.0,5250.0,5192.0,5205.0,5187.0,76357,5210.0,5210.0,,298826632.0,298826632.0,,0.0,3,SUR,-0.99,
TQBR,2024-09-20,ÔמסÀדנמ אמ,PHOR,9131,323009233.0,5079.0,5079.0,5188.0,5145.0,5133.0,5140.0,62925,5133.0,5133.0,,285351756.0,285351756.0,,0.0,3,SUR,-0.91,
TQBR,2024-09-23,ÔמסÀדנמ אמ,PHOR,8594,253797994.0,5150.0,5130.0,5210.0,5159.0,5180.0,5191.0,48998,5179.0,5179.0,,221424052.0,221424052.0,,0.0,3,SUR,0.99,
TQBR,2024-09-24,ÔמסÀדנמ אמ,PHOR,15574,517203123.0,5210.0,5101.0,5233.0,5149.0,5169.0,5134.0,100067,5171.0,5171.0,,477757050.0,477757050.0,,0.0,3,SUR,-1.1,
TQBR,2024-09-25,ÔמסÀדנמ אמ,PHOR,18270,569669633.0,5139.0,5104.0,5285.0,5220.0,5217.0,5248.0,109158,5217.0,5217.0,,486141162.0,486141162.0,,0.0,3,SUR,2.22,
TQBR,2024-09-26,ÔמסÀדנמ אמ,PHOR,15697,654669996.0,5248.0,5228.0,5452.0,5404.0,5343.0,5432.0,122529,5328.0,5328.0,,544512832.0,544512832.0,,0.0,3,SUR,3.51,
TQBR,2024-09-27,ÔמסÀדנמ אמ,PHOR,12418,414293166.0,5454.0,5347.0,5467.0,5386.0,5399.0,5398.0,76732,5400.0,5400.0,,367887677.0,367887677.0,,0.0,3,SUR,-0.63,
TQBR,2024-09-30,ÔמסÀדנמ אמ,PHOR,9200,339138862.0,5400.0,5344.0,5471.0,5420.0,5419.0,5349.0,62630,5418.0,5418.0,,306159420.0,306159420.0,,0.0,3,SUR,-0.91,
TQBR,2024-10-01,ÔמסÀדנמ אמ,PHOR,31388,1913838230.0,5349.0,5330.0,5627.0,5558.0,5532.0,5627.0,345957,5526.0,5526.0,,1688964513.0,1688964513.0,,0.0,3,SUR,5.2,
TQBR,2024-10-02,ÔמסÀדנמ אמ,PHOR,17687,797445775.0,5617.0,5468.0,5617.0,5492.0,5536.0,5500.0,144040,5542.0,5542.0,,652839705.0,652839705.0,,0.0,3,SUR,-2.26,
TQBR,2024-10-03,ÔמסÀדנמ אמ,PHOR,13079,477676288.0,5500.0,5394.0,5565.0,5416.0,5451.0,5474.0,87628,5451.0,5451.0,,443858664.0,443858664.0,,0.0,3,SUR,-0.47,
TQBR,2024-10-04,ÔמסÀדנמ אמ,PHOR,8543,372976368.0,5481.0,5431.0,5509.0,5467.0,5457.0,5463.0,68352,5457.0,5457.0,,333050914.0,333050914.0,,0.0,3,SUR,-0.2,
TQBR,2024-10-07,ÔמסÀדנמ אמ,PHOR,8342,487192564.0,5463.0,5395.0,5521.0,5470.0,5466.0,5498.0,89130,5461.0,5461.0,,421680947.0,421680947.0,,0.0,3,SUR,0.64,
TQBR,2024-10-08,ÔמסÀדנמ אמ,PHOR,11168,288045965.0,5510.0,5412.0,5519.0,5438.0,5462.0,5420.0,52740,5467.0,5467.0,,243929227.0,243929227.0,,0.0,3,SUR,-1.42,
TQBR,2024-10-09,ÔמסÀדנמ אמ,PHOR,3541,149977842.0,5429.0,5401.0,5472.0,5415.0,5424.0,5420.0,27650,5424.0,5424.0,,138176452.0,138176452.0,,0.0,3,SUR,0.0,
TQBR,2024-10-10,ÔמסÀדנמ אמ,PHOR,4060,130359922.0,5420.0,5403.0,5460.0,5407.0,5426.0,5404.0,24026,5429.0,5429.0,,101501472.0,101501472.0,,0.0,3,SUR,-0.3,
TQBR,2024-10-11,ÔמסÀדנמ אמ,PHOR,5747,189291832.0,5399.0,5281.0,5424.0,5325.0,5342.0,5324.0,35432,5345.0,5345.0,,170068210.0,170068210.0,,0.0,3,SUR,-1.48,
TQBR,2024-10-14,ÔמסÀדנמ אמ,PHOR,11741,319319478.0,5324.0,5225.0,5425.0,5405.0,5326.0,5412.0,59950,5319.0,5319.0,,292149421.0,292149421.0,,0.0,3,SUR,1.65,
TQBR,2024-10-15,ÔמסÀדנמ אמ,PHOR,4721,159153295.0,5412.0,5381.0,5500.0,5490.0,5451.0,5475.0,29197,5449.0,5449.0,,150355576.0,150355576.0,,0.0,3,SUR,1.16,
TQBR,2024-10-16,ÔמסÀדנמ אמ,PHOR,3570,96582235.0,5479.0,5450.0,5514.0,5453.0,5482.0,5457.0,17618,5484.0,5484.0,,87352730.0,87352730.0,,0.0,3,SUR,-0.33,
TQBR,2024-10-17,ÔמסÀדנמ אמ,PHOR,3261,111913892.0,5450.0,5398.0,5460.0,5419.0,5428.0,5416.0,20618,5432.0,5432.0,,91276451.0,91276451.0,,0.0,3,SUR,-0.75,
TQBR,2024-10-18,ÔמסÀדנמ אמ,PHOR,2838,102236432.0,5422.0,5361.0,5428.0,5401.0,5394.0,5408.0,18954,5393.0,5393.0,,94298388.0,94298388.0,,0.0,3,SUR,-0.15,
TQBR,2024-10-21,ÔמסÀדנמ אמ,PHOR,4840,135183579.0,5390.0,5390.0,5448.0,5424.0,5424.0,5435.0,24923,5424.0,5424.0,,129014603.0,129014603.0,,0.0,3,SUR,0.5,
TQBR,2024-10-22,ÔמסÀדנמ אמ,PHOR,3457,113111716.0,5428.0,5306.0,5434.0,5332.0,5362.0,5327.0,21096,5366.0,5366.0,,101038701.0,101038701.0,,0.0,3,SUR,-1.99,
TQBR,2024-10-23,ÔמסÀדנמ אמ,PHOR,7028,208070053.0,5326.0,5286.0,5369.0,5333.0,5335.0,5297.0,39002,5336.0,5336.0,,183726224.0,183726224.0,,0.0,3,SUR,-0.56,
TQBR,2024-10-24,ÔמסÀדנמ אמ,PHOR,4514,153073487.0,5300.0,5240.0,5300.0,5300.0,5281.0,5299.0,28988,5279.0,5279.0,,140581698.0,140581698.0,,0.0,3,SUR,0.04,
TQBR,2024-10-25,ÔמסÀדנמ אמ,PHOR,7907,254624151.0,5315.0,5184.0,5324.0,5200.0,5256.0,5233.0,48441,5261.0,5261.0,,226049625.0,226049625.0,,0.0,3,SUR,-1.25,
TQBR,2024-10-28,ÔמסÀדנמ אמ,PHOR,15407,595264912.0,5220.0,4888.0,5224.0,4921.0,5011.0,5000.0,118789,5018.0,5018.0,,518436445.0,518436445.0,,0.0,3,SUR,-4.45,
TQBR,2024-10-29,ÔמסÀדנמ אמ,PHOR,17428,291714054.0,5035.0,4894.0,5040.0,4966.0,4960.0,5023.0,58812,4952.0,4952.0,,250144109.0,250144109.0,,0.0,3,SUR,0.46,
TQBR,2024-10-30,ÔמסÀדנמ אמ,PHOR,8785,241933904.0,5029.0,4962.0,5097.0,5070.0,5029.0,4974.0,48106,5036.0,5036.0,,197930130.0,197930130.0,,0.0,3,SUR,-0.98,
TQBR,2024-10-31,ÔמסÀדנמ אמ,PHOR,9654,226934224.0,4974.0,4882.0,5000.0,4890.0,4933.0,4915.0,46000,4936.0,4936.0,,205175511.0,205175511.0,,0.0,3,SUR,-1.19,
TQBR,2024-11-01,ÔמסÀדנמ אמ,PHOR,4019,107015658.0,4930.0,4881.0,4975.0,4955.0,4934.0,4973.0,21691,4926.0,4926.0,,88708515.0,88708515.0,,0.0,3,SUR,1.18,
TQBR,2024-11-02,ÔמסÀדנמ אמ,PHOR,2194,57619317.0,4980.0,4980.0,5019.0,5000.0,5002.0,5015.0,11520,5000.0,5000.0,,46138002.0,46138002.0,,0.0,3,SUR,0.84,
TQBR,2024-11-05,ÔמסÀדנמ אמ,PHOR,4935,127272545.0,5015.0,4998.0,5125.0,5071.0,5044.0,5122.0,25233,5028.0,5028.0,,101040418.0,101040418.0,,0.0,3,SUR,2.13,
TQBR,2024-11-06,ÔמסÀדנמ אמ,PHOR,15325,353270302.0,5197.0,5192.0,5387.0,5220.0,5278.0,5209.0,66937,5283.0,5283.0,,328440302.0,328440302.0,,0.0,3,SUR,1.7,
TQBR,2024-11-07,ÔמסÀדנמ אמ,PHOR,14210,562489878.0,5209.0,5119.0,5285.0,5226.0,5192.0,5275.0,108337,5182.0,5182.0,,479306545.0,479306545.0,,0.0,3,SUR,1.27,
TQBR,2024-11-08,ÔמסÀדנמ אמ,PHOR,19469,843762369.0,5276.0,5276.0,5560.0,5450.0,5421.0,5560.0,155649,5394.0,5394.0,,637607866.0,637607866.0,,0.0,3,SUR,5.4,
TQBR,2024-11-11,ÔמסÀדנמ אמ,PHOR,17338,481845627.0,5609.0,5440.0,5609.0,5516.0,5499.0,5475.0,87627,5500.0,5500.0,,430004352.0,430004352.0,,0.0,3,SUR,-1.53,
TQBR,2024-11-12,ÔמסÀדנמ אמ,PHOR,6661,230828506.0,5480.0,5421.0,5497.0,5474.0,5453.0,5446.0,42334,5453.0,5453.0,,209847747.0,209847747.0,,0.0,3,SUR,-0.53,
TQBR,2024-11-13,ÔמסÀדנמ אמ,PHOR,12771,386294125.0,5477.0,5309.0,5519.0,5416.0,5426.0,5317.0,71197,5446.0,5446.0,,300912138.0,300912138.0,,0.0,3,SUR,-2.37,
TQBR,2024-11-14,ÔמסÀדנמ אמ,PHOR,10854,415843006.0,5344.0,5340.0,5481.0,5395.0,5425.0,5438.0,76646,5426.0,5426.0,,320234011.0,320234011.0,,0.0,3,SUR,2.28,
TQBR,2024-11-15,ÔמסÀדנמ אמ,PHOR,12610,368175327.0,5438.0,5347.0,5472.0,5440.0,5411.0,5433.0,68045,5404.0,5404.0,,293674420.0,293674420.0,,0.0,3,SUR,-0.09,
TQBR,2024-11-18,ÔמסÀדנמ אמ,PHOR,9521,426143314.0,5362.0,5331.0,5577.0,5524.0,5479.0,5542.0,77773,5453.0,5453.0,,293995820.0,293995820.0,,0.0,3,SUR,2.01,
TQBR,2024-11-19,ÔמסÀדנמ אמ,PHOR,13804,480263898.0,5577.0,5333.0,5632.0,5360.0,5461.0,5334.0,87943,5475.0,5475.0,,425044400.0,425044400.0,,0.0,3,SUR,-3.75,
TQBR,2024-11-20,ÔמסÀדנמ אמ,PHOR,13402,482864134.0,5361.0,5267.0,5453.0,5330.0,5372.0,5378.0,89877,5385.0,5385.0,,384316708.0,384316708.0,,0.0,3,SUR,0.82,
TQBR,2024-11-21,ÔמסÀדנמ אמ,PHOR,19296,702129283.0,5378.0,5291.0,5505.0,5400.0,5404.0,5497.0,129912,5401.0,5401.0,,572573593.0,572573593.0,,0.0,3,SUR,2.21,
TQBR,2024-11-22,ÔמסÀדנמ אמ,PHOR,11256,319450256.0,5520.0,5310.0,5520.0,5360.0,5399.0,5383.0,59170,5400.0,5400.0,,281699060.0,281699060.0,,0.0,3,SUR,-2.07,
TQBR,2024-11-25,ÔמסÀדנמ אמ,PHOR,25479,438099770.0,5408.0,5280.0,5408.0,5339.0,5328.0,5356.0,82225,5329.0,5329.0,,365534228.0,365534228.0,,0.0,3,SUR,-0.5,
TQBR,2024-11-26,ÔמסÀדנמ אמ,PHOR,22486,703224413.0,5350.0,5180.0,5450.0,5211.0,5317.0,5235.0,132356,5321.0,5321.0,,649029291.0,649029291.0,,0.0,3,SUR,-2.26,
TQBR,2024-11-27,ÔמסÀדנמ אמ,PHOR,23393,625451779.0,5234.0,5101.0,5425.0,5295.0,5243.0,5425.0,119253,5222.0,5222.0,,530608712.0,530608712.0,,0.0,3,SUR,3.63,
TQBR,2024-11-28,ÔמסÀדנמ אמ,PHOR,20168,693463296.0,5449.0,5366.0,5580.0,5557.0,5506.0,5541.0,125956,5498.0,5498.0,,603678462.0,603678462.0,,0.0,3,SUR,2.14,
TQBR,2024-11-29,ÔמסÀדנמ אמ,PHOR,11682,370919310.0,5560.0,5480.0,5601.0,5585.0,5550.0,5584.0,66831,5547.0,5547.0,,332077105.0,332077105.0,,0.0,3,SUR,0.78,
TQBR,2024-12-02,ÔמסÀדנמ אמ,PHOR,25474,883240920.0,5599.0,5584.0,5848.0,5792.0,5755.0,5846.0,153466,5748.0,5748.0,,769298503.0,769298503.0,,0.0,3,SUR,4.69,
TQBR,2024-12-03,ÔמסÀדנמ אמ,PHOR,14159,663315204.0,5850.0,5708.0,5850.0,5762.0,5755.0,5769.0,115209,5753.0,5753.0,,583348857.0,583348857.0,,0.0,3,SUR,-1.32,
TQBR,2024-12-04,ÔמסÀדנמ אמ,PHOR,20163,769008265.0,5769.0,5518.0,5840.0,5593.0,5680.0,5541.0,135648,5698.0,5698.0,,614831145.0,614831145.0,,0.0,3,SUR,-3.95,
TQBR,2024-12-05,ÔמסÀדנמ אמ,PHOR,12087,535729762.0,5544.0,5431.0,5758.0,5683.0,5593.0,5689.0,95792,5565.0,5565.0,,420401819.0,420401819.0,,0.0,3,SUR,2.67,
TQBR,2024-12-06,ÔמסÀדנמ אמ,PHOR,10022,476080787.0,5700.0,5560.0,5802.0,5643.0,5678.0,5619.0,83845,5687.0,5687.0,,399404620.0,399404620.0,,0.0,3,SUR,-1.23,
TQBR,2024-12-09,ÔמסÀדנמ אמ,PHOR,13486,448509072.0,5630.0,5544.0,5761.0,5610.0,5642.0,5602.0,79489,5646.0,5646.0,,417035194.0,417035194.0,,0.0,3,SUR,-0.3,
TQBR,2024-12-10,ÔמסÀדנמ אמ,PHOR,10983,459502707.0,5603.0,5430.0,5616.0,5474.0,5477.0,5435.0,83895,5479.0,5479.0,,425895659.0,425895659.0,,0.0,3,SUR,-2.98,
TQBR,2024-12-11,ÔמסÀדנמ אמ,PHOR,9443,457595951.0,5423.0,5408.0,5564.0,5488.0,5484.0,5529.0,83454,5469.0,5469.0,,339450409.0,339450409.0,,0.0,3,SUR,1.73,
TQBR,2024-12-12,ÔמסÀדנמ אמ,PHOR,17376,958031837.0,5530.0,5451.0,5616.0,5494.0,5516.0,5477.0,173698,5518.0,5518.0,,891212803.0,891212803.0,,0.0,3,SUR,-0.94,
TQBR,2024-12-13,ÔמסÀדנמ אמ,PHOR,15115,687595542.0,5477.0,5473.0,5678.0,5666.0,5576.0,5635.0,123266,5568.0,5568.0,,593421130.0,593421130.0,,0.0,3,SUR,2.88,
TQBR,2024-12-16,ÔמסÀדנמ אמ,PHOR,11223,419260257.0,5635.0,5543.0,5677.0,5590.0,5592.0,5571.0,74970,5601.0,5601.0,,312902919.0,312902919.0,,0.0,3,SUR,-1.14,
TQBR,2024-12-17,ÔמסÀדנמ אמ,PHOR,21810,653210126.0,5570.0,5560.0,5714.0,5598.0,5653.0,5661.0,115588,5653.0,5653.0,,600311182.0,600311182.0,,0.0,3,SUR,1.62,
TQBR,2024-12-18,ÔמסÀדנמ אמ,PHOR,12858,644672690.0,5666.0,5661.0,5811.0,5800.0,5736.0,5751.0,112358,5726.0,5726.0,,493940499.0,493940499.0,,0.0,3,SUR,1.59,
TQBR,2024-12-19,ÔמסÀדנמ אמ,PHOR,31114,1309571495.0,5780.0,5656.0,5944.0,5875.0,5799.0,5847.0,225735,5796.0,5796.0,,1194964542.0,1194964542.0,,0.0,3,SUR,1.67,
TQBR,2024-12-20,ÔמסÀדנמ אמ,PHOR,31025,1661606129.0,5753.0,5661.0,6032.0,5833.0,5825.0,5814.0,284971,5832.0,5832.0,,1541072900.0,1541072900.0,,0.0,3,SUR,-0.56,
TQBR,2024-12-23,ÔמסÀדנמ אמ,PHOR,35115,1863842764.0,5841.0,5759.0,6300.0,6264.0,6027.0,6297.0,309028,6012.0,6012.0,,1709658898.0,1709658898.0,,0.0,3,SUR,8.31,
TQBR,2024-12-24,ÔמסÀדנמ אמ,PHOR,34164,1687511077.0,6297.0,6201.0,6500.0,6453.0,6373.0,6391.0,264744,6372.0,6372.0,,1523665675.0,1523665675.0,,0.0,3,SUR,1.49,
TQBR,2024-12-25,ÔמסÀדנמ אמ,PHOR,20414,1151765874.0,6355.0,6188.0,6435.0,6402.0,6307.0,6368.0,182562,6301.0,6301.0,,1052740040.0,1052740040.0,,0.0,3,SUR,-0.36,
TQBR,2024-12-26,ÔמסÀדנמ אמ,PHOR,17112,533322561.0,6365.0,6236.0,6398.0,6293.0,6311.0,6260.0,84519,6316.0,6316.0,,472622033.0,472622033.0,,0.0,3,SUR,-1.7,
TQBR,2024-12-27,ÔמסÀדנמ אמ,PHOR,14364,593145905.0,6265.0,6212.0,6419.0,6412.0,6348.0,6415.0,93437,6341.0,6341.0,,525085030.0,525085030.0,,0.0,3,SUR,2.48,
TQBR,2024-12-28,ÔמסÀדנמ אמ,PHOR,10174,537195979.0,6407.0,6335.0,6539.0,6400.0,6426.0,6350.0,83597,6441.0,6441.0,,428935950.0,428935950.0,,0.0,3,SUR,-1.01,
TQBR,2024-12-30,ÔמסÀדנמ אמ,PHOR,10539,479581691.0,6381.0,6342.0,6487.0,6362.0,6408.0,6386.0,74844,6419.0,6419.0,,363943798.0,363943798.0,,0.0,3,SUR,0.57,
TQBR,2025-01-03,ÔמסÀדנמ אמ,PHOR,7494,211628407.0,6400.0,6262.0,6416.0,6328.0,6319.0,6305.0,33492,6319.0,6319.0,,186784860.0,186784860.0,,0.0,3,SUR,-1.27,
TQBR,2025-01-06,ÔמסÀדנמ אמ,PHOR,5135,147503949.0,6304.0,6265.0,6349.0,6328.0,6300.0,6307.0,23415,6299.0,6299.0,,113827324.0,113827324.0,,0.0,3,SUR,0.03,
TQBR,2025-01-08,ÔמסÀדנמ אמ,PHOR,4060,117484658.0,6320.0,6307.0,6355.0,6315.0,6328.0,6333.0,18567,6327.0,6327.0,,97094642.0,97094642.0,,0.0,3,SUR,0.41,
TQBR,2025-01-09,ÔמסÀדנמ אמ,PHOR,18363,920608742.0,6333.0,6272.0,6535.0,6473.0,6435.0,6497.0,143054,6420.0,6420.0,,728061416.0,728061416.0,,0.0,3,SUR,2.59,
TQBR,2025-01-10,ÔמסÀדנמ אמ,PHOR,20960,939061124.0,6505.0,6502.0,6618.0,6559.0,6568.0,6580.0,142967,6568.0,6568.0,,878504191.0,878504191.0,,0.0,3,SUR,1.28,
TQBR,2025-01-13,ÔמסÀדנמ אמ,PHOR,17363,1025287537.0,6588.0,6476.0,6667.0,6535.0,6559.0,6503.0,156320,6562.0,6562.0,,947708299.0,947708299.0,,0.0,3,SUR,-1.17,
TQBR,2025-01-14,ÔמסÀדנמ אמ,PHOR,14779,917796386.0,6508.0,6400.0,6666.0,6627.0,6587.0,6656.0,139342,6579.0,6579.0,,820944701.0,820944701.0,,0.0,3,SUR,2.35,
TQBR,2025-01-15,ÔמסÀדנמ אמ,PHOR,10796,605711268.0,6687.0,6632.0,6723.0,6650.0,6671.0,6698.0,90809,6666.0,6666.0,,463037812.0,463037812.0,,0.0,3,SUR,0.63,
TQBR,2025-01-16,ÔמסÀדנמ אמ,PHOR,11151,620988425.0,6700.0,6662.0,6780.0,6700.0,6716.0,6715.0,92458,6717.0,6717.0,,574290562.0,574290562.0,,0.0,3,SUR,0.25,
TQBR,2025-01-17,ÔמסÀדנמ אמ,PHOR,9365,428332099.0,6713.0,6671.0,6787.0,6755.0,6739.0,6751.0,63566,6736.0,6736.0,,358799470.0,358799470.0,,0.0,3,SUR,0.54,
TQBR,2025-01-20,ÔמסÀדנמ אמ,PHOR,11388,569372455.0,6771.0,6681.0,6790.0,6749.0,6750.0,6684.0,84347,6756.0,6756.0,,483334425.0,483334425.0,,0.0,3,SUR,-0.99,
TQBR,2025-01-21,ÔמסÀדנמ אמ,PHOR,9857,458092273.0,6715.0,6616.0,6760.0,6737.0,6685.0,6736.0,68522,6682.0,6682.0,,428852824.0,428852824.0,,0.0,3,SUR,0.78,
TQBR,2025-01-22,ÔמסÀדנמ אמ,PHOR,17549,1093922024.0,6735.0,6725.0,6947.0,6892.0,6884.0,6891.0,158910,6885.0,6885.0,,999903716.0,999903716.0,,0.0,3,SUR,2.3,
TQBR,2025-01-23,ÔמסÀדנמ אמ,PHOR,18410,1116521148.0,6880.0,6836.0,7030.0,6988.0,6959.0,7029.0,160434,6953.0,6953.0,,982430577.0,982430577.0,,0.0,3,SUR,2.0,
TQBR,2025-01-24,ÔמסÀדנמ אמ,PHOR,18109,953917351.0,7015.0,7015.0,7159.0,7061.0,7093.0,7100.0,134478,7095.0,7095.0,,867659652.0,867659652.0,,0.0,3,SUR,1.01,
TQBR,2025-01-27,ÔמסÀדנמ אמ,PHOR,17325,596615408.0,7090.0,6893.0,7124.0,6926.0,6969.0,6922.0,85604,6963.0,6963.0,,499241011.0,499241011.0,,0.0,3,SUR,-2.51,
TQBR,2025-01-28,ÔמסÀדנמ אמ,PHOR,20501,1014029090.0,6910.0,6861.0,7112.0,7105.0,6995.0,6927.0,145033,7015.0,7015.0,,564972169.0,564972169.0,,0.0,3,SUR,0.07,
TQBR,2025-01-29,ÔמסÀדנמ אמ,PHOR,19626,892107210.0,6927.0,6900.0,7095.0,7089.0,7034.0,7077.0,126827,7043.0,7043.0,,704985827.0,704985827.0,,0.0,3,SUR,2.17,
TQBR,2025-01-30,ÔמסÀדנמ אמ,PHOR,7860,391311351.0,7077.0,7040.0,7124.0,7097.0,7084.0,7090.0,55241,7078.0,7078.0,,260481821.0,260481821.0,,0.0,3,SUR,0.18,
TQBR,2025-01-31,ÔמסÀדנמ אמ,PHOR,9541,470215708.0,7091.0,6996.0,7145.0,7053.0,7053.0,7038.0,66673,7048.0,7048.0,,392559969.0,392559969.0,,0.0,3,SUR,-0.73,
TQBR,2025-02-03,ÔמסÀדנמ אמ,PHOR,7254,298731950.0,7038.0,6992.0,7068.0,7021.0,7020.0,7019.0,42556,7021.0,7021.0,,242878948.0,242878948.0,,0.0,3,SUR,-0.27,
TQBR,2025-02-04,ÔמסÀדנמ אמ,PHOR,30305,1844118398.0,7019.0,7019.0,7295.0,7223.0,7195.0,7199.0,256296,7198.0,7198.0,,1626432744.0,1626432744.0,,0.0,3,SUR,2.56,
TQBR,2025-02-05,ÔמסÀדנמ אמ,PHOR,23521,1191840452.0,7229.0,7113.0,7293.0,7205.0,7189.0,7212.0,165777,7175.0,7175.0,,898274523.0,898274523.0,,0.0,3,SUR,0.18,
TQBR,2025-02-06,ÔמסÀדנמ אמ,PHOR,11959,886173492.0,7212.0,7137.0,7234.0,7146.0,7181.0,7168.0,123406,7181.0,7181.0,,741067980.0,741067980.0,,0.0,3,SUR,-0.61,
TQBR,2025-02-07,ÔמסÀדנמ אמ,PHOR,8225,586237814.0,7180.0,7116.0,7191.0,7139.0,7152.0,7163.0,81981,7149.0,7149.0,,519867880.0,519867880.0,,0.0,3,SUR,-0.07,
TQBR,2025-02-10,ÔמסÀדנמ אמ,PHOR,10311,742693688.0,7168.0,7121.0,7219.0,7178.0,7171.0,7155.0,103569,7169.0,7169.0,,568972098.0,568972098.0,,0.0,3,SUR,-0.11,
TQBR,2025-02-11,ÔמסÀדנמ אמ,PHOR,21520,1199530895.0,7155.0,7024.0,7191.0,7052.0,7108.0,7119.0,168748,7116.0,7116.0,,921015826.0,921015826.0,,0.0,3,SUR,-0.5,
TQBR,2025-02-12,ÔמסÀדנמ אמ,PHOR,70575,4139247072.0,7115.0,6741.0,7133.0,6799.0,6929.0,6971.0,597407,6911.0,6911.0,,2265476959.0,2265476959.0,,0.0,3,SUR,-2.08,
TQBR,2025-02-13,ÔמסÀדנמ אמ,PHOR,53381,3834855257.0,6986.0,6668.0,7240.0,6678.0,6905.0,6868.0,555370,6812.0,6812.0,,2027067561.0,2027067561.0,,0.0,3,SUR,-1.48,
TQBR,2025-02-14,ÔמסÀדנמ אמ,PHOR,40087,2446397673.0,7200.0,6362.0,7200.0,6844.0,6809.0,6842.0,359304,6808.0,6808.0,,2002458047.0,2002458047.0,,0.0,3,SUR,-0.38,
TQBR,2025-02-17,ÔמסÀדנמ אמ,PHOR,27998,1408911276.0,6842.0,6817.0,7055.0,7033.0,6978.0,7054.0,201909,6980.0,6980.0,,1187209272.0,1187209272.0,,0.0,3,SUR,3.1,
TQBR,2025-02-18,ÔמסÀדנמ אמ,PHOR,24497,1139637033.0,7055.0,6921.0,7068.0,7008.0,6994.0,6990.0,162942,7000.0,7000.0,,862777213.0,862777213.0,,0.0,3,SUR,-0.91,
TQBR,2025-02-19,ÔמסÀדנמ אמ,PHOR,16944,972484399.0,6987.0,6845.0,7018.0,6901.0,6910.0,6945.0,140735,6903.0,6903.0,,805150252.0,805150252.0,,0.0,3,SUR,-0.64,
TQBR,2025-02-20,ÔמסÀדנמ אמ,PHOR,11685,615265008.0,6950.0,6855.0,6970.0,6860.0,6889.0,6893.0,89309,6887.0,6887.0,,488109479.0,488109479.0,,0.0,3,SUR,-0.75,
TQBR,2025-02-21,ÔמסÀדנמ אמ,PHOR,11970,602500120.0,6872.0,6855.0,6986.0,6930.0,6921.0,6929.0,87056,6923.0,6923.0,,521325418.0,521325418.0,,0.0,3,SUR,0.52,
TQBR,2025-02-24,ÔמסÀדנמ אמ,PHOR,8136,383441900.0,6941.0,6899.0,6970.0,6941.0,6921.0,6946.0,55402,6914.0,6914.0,,283645429.0,283645429.0,,0.0,3,SUR,0.25,
TQBR,2025-02-25,ÔמסÀדנמ אמ,PHOR,16704,835730462.0,6969.0,6822.0,7000.0,6868.0,6904.0,6872.0,121044,6907.0,6907.0,,681113983.0,681113983.0,,0.0,3,SUR,-1.07,
TQBR,2025-02-26,ÔמסÀדנמ אמ,PHOR,15485,649885773.0,6880.0,6827.0,6925.0,6910.0,6878.0,6852.0,94482,6880.0,6880.0,,567483846.0,567483846.0,,0.0,3,SUR,-0.29,
TQBR,2025-02-27,ÔמסÀדנמ אמ,PHOR,11803,395338381.0,6852.0,6751.0,6884.0,6790.0,6824.0,6765.0,57936,6833.0,6833.0,,287210847.0,287210847.0,,0.0,3,SUR,-1.27,
TQBR,2025-02-28,ÔמסÀדנמ אמ,PHOR,12151,542436403.0,6750.0,6652.0,6818.0,6725.0,6720.0,6775.0,80717,6703.0,6703.0,,357717876.0,357717876.0,,0.0,3,SUR,0.15,
TQBR,2025-03-03,ÔמסÀדנמ אמ,PHOR,14687,467607085.0,6802.0,6620.0,6885.0,6706.0,6732.0,6710.0,69461,6703.0,6703.0,,278928847.0,278928847.0,,0.0,3,SUR,-0.96,2025-03-03
TQBR,2025-03-04,ÔמסÀדנמ אמ,PHOR,12983,430366478.0,6713.0,6701.0,6820.0,6765.0,6757.0,6744.0,63689,6746.0,6746.0,,292174149.0,292174149.0,,0.0,3,SUR,0.51,2025-03-04
TQBR,2025-03-05,ÔמסÀדנמ אמ,PHOR,16215,766268044.0,6777.0,6718.0,6909.0,6868.0,6850.0,6798.0,111900,6853.0,6853.0,,624914321.0,624914321.0,,0.0,3,SUR,0.8,2025-03-05
TQBR,2025-03-06,ÔמסÀדנמ אמ,PHOR,12159,558603575.0,6823.0,6683.0,6906.0,6720.0,6756.0,6700.0,82684,6760.0,6760.0,,389971043.0,389971043.0,,0.0,3,SUR,-1.44,2025-03-06
TQBR,2025-03-07,ÔמסÀדנמ אמ,PHOR,12730,506138735.0,6701.0,6510.0,6768.0,6660.0,6668.0,6700.0,75903,6660.0,6660.0,,401250278.0,401250278.0,,0.0,3,SUR,0.0,2025-03-07
TQBR,2025-03-10,ÔמסÀדנמ אמ,PHOR,8945,270787663.0,6716.0,6700.0,6799.0,6707.0,6750.0,6700.0,40117,6756.0,6756.0,,214913994.0,214913994.0,,0.0,3,SUR,0.0,2025-03-10
TQBR,2025-03-11,ÔמסÀדנמ אמ,PHOR,7438,187440730.0,6707.0,6675.0,6723.0,6687.0,6698.0,6703.0,27986,6697.0,6697.0,,131913804.0,131913804.0,,0.0,3,SUR,0.04,2025-03-11
TQBR,2025-03-12,ÔמסÀדנמ אמ,PHOR,9769,313342946.0,6708.0,6558.0,6715.0,6600.0,6609.0,6606.0,47412,6603.0,6603.0,,252527741.0,252527741.0,,0.0,3,SUR,-1.45,2025-03-12
TQBR,2025-03-13,ÔמסÀדנמ אמ,PHOR,14627,531247563.0,6615.0,6511.0,6620.0,6580.0,6567.0,6592.0,80897,6557.0,6557.0,,401315256.0,401315256.0,,0.0,3,SUR,-0.21,2025-03-13
TQBR,2025-03-14,ÔמסÀדנמ אמ,PHOR,17957,502873742.0,6585.0,6479.0,6594.0,6524.0,6540.0,6531.0,76913,6537.0,6537.0,,400186239.0,400186239.0,,0.0,3,SUR,-0.93,2025-03-14
TQBR,2025-03-17,ÔמסÀדנמ אמ,PHOR,13929,441783101.0,6500.0,6500.0,6677.0,6661.0,6627.0,6664.0,66669,6636.0,6636.0,,284417715.0,284417715.0,,0.0,3,SUR,2.04,2025-03-17
TQBR,2025-03-18,ÔמסÀדנמ אמ,PHOR,13424,494854734.0,6663.0,6659.0,6737.0,6692.0,6697.0,6698.0,73897,6698.0,6698.0,,315710628.0,315710628.0,,0.0,3,SUR,0.51,2025-03-18
TQBR,2025-03-19,ÔמסÀדנמ אמ,PHOR,7775,343785221.0,6698.0,6610.0,6723.0,6650.0,6665.0,6650.0,51582,6664.0,6664.0,,277741659.0,277741659.0,,0.0,3,SUR,-0.72,2025-03-19
TQBR,2025-03-20,ÔמסÀדנמ אמ,PHOR,14421,499183969.0,6660.0,6515.0,6683.0,6550.0,6584.0,6577.0,75816,6582.0,6582.0,,440324365.0,440324365.0,,0.0,3,SUR,-1.1,2025-03-20
TQBR,2025-03-21,ÔמסÀדנמ אמ,PHOR,10813,382720325.0,6580.0,6570.0,6650.0,6610.0,6626.0,6633.0,57761,6627.0,6627.0,,351529171.0,351529171.0,,0.0,3,SUR,0.85,2025-03-21
TQBR,2025-03-24,ÔמסÀדנמ אמ,PHOR,10321,329293240.0,6636.0,6537.0,6686.0,6582.0,6595.0,6549.0,49932,6595.0,6595.0,,263975020.0,263975020.0,,0.0,3,SUR,-1.27,2025-03-24
TQBR,2025-03-25,ÔמסÀדנמ אמ,PHOR,70678,4852698394.0,6549.0,6425.0,6987.0,6889.0,6833.0,6947.0,709612,6784.0,6784.0,,2893662565.0,2893662565.0,,0.0,3,SUR,6.08,2025-03-25
TQBR,2025-03-26,ÔמסÀדנמ אמ,PHOR,42999,3325836877.0,6990.0,6690.0,7021.0,6765.0,6853.0,6796.0,485315,6824.0,6824.0,,2416928334.0,2416928334.0,,0.0,3,SUR,-2.17,2025-03-26
TQBR,2025-03-27,ÔמסÀדנמ אמ,PHOR,19756,1138593721.0,6797.0,6591.0,6814.0,6610.0,6671.0,6630.0,170722,6672.0,6672.0,,811126985.0,811126985.0,,0.0,3,SUR,-2.44,2025-03-27
TQBR,2025-03-28,ÔמסÀדנמ אמ,PHOR,12871,624347857.0,6648.0,6500.0,6706.0,6573.0,6608.0,6501.0,94484,6626.0,6626.0,,453160064.0,453160064.0,,0.0,3,SUR,-1.95,2025-03-28
TQBR,2025-03-31,ÔמסÀדנמ אמ,PHOR,28499,1118483903.0,6531.0,6300.0,6548.0,6397.0,6412.0,6393.0,174423,6423.0,6423.0,,689783542.0,689783542.0,,0.0,3,SUR,-1.66,2025-03-31
TQBR,2025-04-01,ÔמסÀדנמ אמ,PHOR,11295,487058715.0,6414.0,6286.0,6480.0,6413.0,6408.0,6289.0,76035,6421.0,6421.0,,327856264.0,327856264.0,,0.0,3,SUR,-1.63,2025-04-01
TQBR,2025-04-02,ÔמסÀדנמ אמ,PHOR,13536,529026549.0,6290.0,6239.0,6364.0,6316.0,6309.0,6345.0,83834,6309.0,6309.0,,434342599.0,434342599.0,,0.0,3,SUR,0.89,2025-04-02
TQBR,2025-04-03,ÔמסÀדנמ אמ,PHOR,27939,1080013876.0,6362.0,5942.0,6384.0,5966.0,6082.0,6023.0,177690,6111.0,6111.0,,701445257.0,701445257.0,,0.0,3,SUR,-5.07,2025-04-03
TQBR,2025-04-04,ÔמסÀדנמ אמ,PHOR,32058,1407357358.0,6119.0,5792.0,6144.0,5880.0,5933.0,5827.0,237206,5926.0,5926.0,,992899147.0,992899147.0,,0.0,3,SUR,-3.25,2025-04-04
TQBR,2025-04-07,ÔמסÀדנמ אמ,PHOR,32368,1280514267.0,5766.0,5500.0,6003.0,5870.0,5811.0,5996.0,220364,5810.0,5810.0,,658244698.0,658244698.0,,0.0,3,SUR,2.9,2025-04-07
TQBR,2025-04-08,ÔמסÀדנמ אמ,PHOR,20836,921945607.0,5996.0,5866.0,6230.0,6110.0,6101.0,5903.0,151125,6164.0,6164.0,,462244949.0,462244949.0,,0.0,3,SUR,-1.55,2025-04-08
TQBR,2025-04-09,ÔמסÀדנמ אמ,PHOR,26235,1077294595.0,5929.0,5755.0,6046.0,5820.0,5882.0,6020.0,183159,5847.0,5847.0,,709277552.0,709277552.0,,0.0,3,SUR,1.98,2025-04-09
TQBR,2025-04-10,ÔמסÀדנמ אמ,PHOR,13471,497012347.0,6033.0,5977.0,6150.0,6069.0,6073.0,6097.0,81843,6081.0,6081.0,,326043380.0,326043380.0,,0.0,3,SUR,1.28,2025-04-10
TQBR,2025-04-11,ÔמסÀדנמ אמ,PHOR,10210,418172086.0,6099.0,6099.0,6260.0,6240.0,6178.0,6198.0,67687,6177.0,6177.0,,244822424.0,244822424.0,,0.0,3,SUR,1.66,2025-04-11
TQBR,2025-04-14,ÔמסÀדנמ אמ,PHOR,27196,1132480999.0,6209.0,5992.0,6420.0,6080.0,6165.0,6089.0,183699,6103.0,6103.0,,570555987.0,570555987.0,,0.0,3,SUR,-1.76,2025-04-14
TQBR,2025-04-15,ÔמסÀדנמ אמ,PHOR,6873,248013508.0,6082.0,6046.0,6129.0,6070.0,6096.0,6125.0,40687,6095.0,6095.0,,150000525.0,150000525.0,,0.0,3,SUR,0.59,2025-04-15
TQBR,2025-04-16,ÔמסÀדנמ אמ,PHOR,16623,450895053.0,6125.0,6024.0,6195.0,6189.0,6126.0,6170.0,73608,6125.0,6125.0,,364313719.0,364313719.0,,0.0,3,SUR,0.73,2025-04-16
TQBR,2025-04-17,ÔמסÀדנמ אמ,PHOR,14615,326266190.0,6174.0,6167.0,6262.0,6205.0,6209.0,6262.0,52552,6202.0,6202.0,,226940355.0,226940355.0,,0.0,3,SUR,1.49,2025-04-17
TQBR,2025-04-18,ÔמסÀדנמ אמ,PHOR,7884,270168909.0,6233.0,6086.0,6260.0,6190.0,6171.0,6165.0,43779,6163.0,6163.0,,206779231.0,206779231.0,,0.0,3,SUR,-1.55,2025-04-18
TQBR,2025-04-21,ÔמסÀדנמ אמ,PHOR,5832,196451515.0,6176.0,6166.0,6248.0,6229.0,6223.0,6218.0,31566,6226.0,6226.0,,129414201.0,129414201.0,,0.0,3,SUR,0.86,2025-04-21
TQBR,2025-04-22,ÔמסÀדנמ אמ,PHOR,8279,328976420.0,6227.0,6174.0,6286.0,6235.0,6227.0,6253.0,52832,6212.0,6212.0,,191484258.0,191484258.0,,0.0,3,SUR,0.56,2025-04-22
TQBR,2025-04-23,ÔמסÀדנמ אמ,PHOR,14843,556143206.0,6260.0,6161.0,6339.0,6320.0,6260.0,6318.0,88843,6256.0,6256.0,,443448280.0,443448280.0,,0.0,3,SUR,1.04,2025-04-23
TQBR,2025-04-24,ÔמסÀדנמ אמ,PHOR,8905,280073738.0,6318.0,6310.0,6415.0,6394.0,6364.0,6348.0,44012,6365.0,6365.0,,209782266.0,209782266.0,,0.0,3,SUR,0.47,2025-04-24
TQBR,2025-04-25,ÔמסÀדנמ אמ,PHOR,11643,470807154.0,6326.0,6294.0,6408.0,6375.0,6338.0,6354.0,74263,6338.0,6338.0,,424040749.0,424040749.0,,0.0,3,SUR,0.09,2025-04-25
TQBR,2025-04-28,ÔמסÀדנמ אמ,PHOR,11762,382887701.0,6356.0,6272.0,6390.0,6305.0,6327.0,6296.0,60519,6322.0,6322.0,,283246639.0,283246639.0,,0.0,3,SUR,-0.91,2025-04-28
TQBR,2025-04-29,ÔמסÀדנמ אמ,PHOR,13788,414826556.0,6296.0,6197.0,6351.0,6265.0,6296.0,6203.0,65892,6307.0,6307.0,,342902517.0,342902517.0,,0.0,3,SUR,-1.48,2025-04-29
TQBR,2025-04-30,ÔמסÀדנמ אמ,PHOR,15495,543614233.0,6206.0,6003.0,6220.0,6170.0,6082.0,6150.0,89380,6072.0,6072.0,,467314696.0,467314696.0,,0.0,3,SUR,-0.85,2025-04-30
TQBR,2025-05-02,ÔמסÀדנמ אמ,PHOR,6018,186989282.0,6145.0,5974.0,6145.0,5995.0,6018.0,5988.0,31072,6019.0,6019.0,,139018053.0,139018053.0,,0.0,3,SUR,-2.63,2025-05-02
TQBR,2025-05-05,ÔמסÀדנמ אמ,PHOR,10654,285273773.0,6012.0,5900.0,6108.0,5915.0,5994.0,5914.0,47592,5986.0,5986.0,,166999969.0,166999969.0,,0.0,3,SUR,-1.24,2025-05-05
TQBR,2025-05-06,ÔמסÀדנמ אמ,PHOR,14364,355727102.0,5934.0,5885.0,6034.0,6004.0,5952.0,5963.0,59765,5947.0,5947.0,,292503165.0,292503165.0,,0.0,3,SUR,0.83,2025-05-06
TQBR,2025-05-07,ÔמסÀדנמ אמ,PHOR,16648,633792345.0,5988.0,5970.0,6277.0,6228.0,6187.0,6263.0,102445,6187.0,6187.0,,475768626.0,475768626.0,,0.0,3,SUR,5.03,2025-05-07
TQBR,2025-05-08,ÔמסÀדנמ אמ,PHOR,6547,269834713.0,6284.0,6186.0,6284.0,6209.0,6233.0,6205.0,43288,6231.0,6231.0,,204403537.0,204403537.0,,0.0,3,SUR,-0.93,2025-05-08
TQBR,2025-05-12,ÔמסÀדנמ אמ,PHOR,11046,315444888.0,6213.0,6174.0,6370.0,6268.0,6285.0,6307.0,50188,6299.0,6299.0,,179837087.0,179837087.0,,0.0,3,SUR,1.64,2025-05-12
TQBR,2025-05-13,ÔמסÀדנמ אמ,PHOR,10986,380038321.0,6307.0,6255.0,6436.0,6405.0,6371.0,6419.0,59649,6356.0,6356.0,,262332094.0,262332094.0,,0.0,3,SUR,1.78,2025-05-13
TQBR,2025-05-14,ÔמסÀדנמ אמ,PHOR,21901,813286769.0,6426.0,6283.0,6468.0,6418.0,6397.0,6289.0,127185,6397.0,6397.0,,651467976.0,651467976.0,,0.0,3,SUR,-2.03,2025-05-14
TQBR,2025-05-15,ÔמסÀדנמ אמ,PHOR,19216,729000833.0,6289.0,6201.0,6365.0,6267.0,6288.0,6344.0,115934,6279.0,6279.0,,560978306.0,560978306.0,,0.0,3,SUR,0.87,2025-05-15
TQBR,2025-05-16,ÔמסÀדנמ אמ,PHOR,34562,1998453056.0,6344.0,6339.0,6643.0,6558.0,6525.0,6617.0,306286,6524.0,6524.0,,1791093816.0,1791093816.0,,0.0,3,SUR,4.3,2025-05-16
TQBR,2025-05-19,ÔמסÀדנמ אמ,PHOR,30109,1111380974.0,6646.0,6551.0,6730.0,6560.0,6619.0,6571.0,167881,6591.0,6591.0,,594672070.0,594672070.0,,0.0,3,SUR,-0.7,2025-05-19
TQBR,2025-05-20,ÔמסÀדנמ אמ,PHOR,9634,312114066.0,6571.0,6492.0,6605.0,6492.0,6531.0,6530.0,47789,6528.0,6528.0,,247588702.0,247588702.0,,0.0,3,SUR,-0.62,2025-05-20
TQBR,2025-05-21,ÔמסÀדנמ אמ,PHOR,10840,394114914.0,6538.0,6502.0,6619.0,6502.0,6570.0,6572.0,59983,6568.0,6568.0,,246768108.0,246768108.0,,0.0,3,SUR,0.64,2025-05-21
TQBR,2025-05-22,ÔמסÀדנמ אמ,PHOR,21438,850618692.0,6585.0,6320.0,6598.0,6423.0,6417.0,6401.0,132565,6410.0,6410.0,,697712918.0,697712918.0,,0.0,3,SUR,-2.6,2025-05-22
TQBR,2025-05-23,ÔמסÀדנמ אמ,PHOR,6801,255068146.0,6401.0,6358.0,6491.0,6413.0,6433.0,6447.0,39667,6439.0,6439.0,,182643139.0,182643139.0,,0.0,3,SUR,0.72,2025-05-23
TQBR,2025-05-26,ÔמסÀדנמ אמ,PHOR,7982,265050210.0,6440.0,6300.0,6440.0,6320.0,6338.0,6313.0,41817,6335.0,6335.0,,190672668.0,190672668.0,,0.0,3,SUR,-2.08,2025-05-26
TQBR,2025-05-27,ÔמסÀדנמ אמ,PHOR,7611,298158504.0,6313.0,6208.0,6367.0,6336.0,6304.0,6358.0,47291,6315.0,6315.0,,207568930.0,207568930.0,,0.0,3,SUR,0.71,2025-05-27
TQBR,2025-05-28,ÔמסÀדנמ אמ,PHOR,16441,544054748.0,6358.0,6291.0,6440.0,6348.0,6369.0,6405.0,85329,6376.0,6376.0,,469574205.0,469574205.0,,0.0,3,SUR,0.74,2025-05-28
TQBR,2025-05-29,ÔמסÀדנמ אמ,PHOR,15569,542555341.0,6405.0,6272.0,6437.0,6335.0,6335.0,6293.0,85607,6333.0,6333.0,,455065366.0,455065366.0,,0.0,3,SUR,-1.75,2025-05-29
TQBR,2025-05-30,ÔמסÀדנמ אמ,PHOR,8222,252884385.0,6310.0,6280.0,6410.0,6359.0,6368.0,6373.0,39712,6371.0,6371.0,,215703441.0,215703441.0,,0.0,3,SUR,1.27,2025-05-30
TQBR,2025-06-02,ÔמסÀדנמ אמ,PHOR,23351,677435723.0,6382.0,6215.0,6483.0,6448.0,6392.0,6439.0,105968,6420.0,6420.0,,382702647.0,382702647.0,,0.0,3,SUR,1.04,2025-06-02
TQBR,2025-06-03,ÔמסÀדנמ אמ,PHOR,10880,392577065.0,6439.0,6439.0,6624.0,6571.0,6527.0,6572.0,60145,6525.0,6525.0,,329109589.0,329109589.0,,0.0,3,SUR,2.07,2025-06-03
TQBR,2025-06-04,ÔמסÀדנמ אמ,PHOR,13876,523721164.0,6610.0,6486.0,6674.0,6522.0,6557.0,6520.0,79870,6556.0,6556.0,,453009894.0,453009894.0,,0.0,3,SUR,-0.79,2025-06-04
TQBR,2025-06-05,ÔמסÀדנמ אמ,PHOR,7022,296007732.0,6524.0,6454.0,6600.0,6533.0,6527.0,6510.0,45347,6528.0,6528.0,,178549507.0,178549507.0,,0.0,3,SUR,-0.15,2025-06-05
TQBR,2025-06-06,ÔמסÀדנמ אמ,PHOR,16216,545106141.0,6535.0,6378.0,6581.0,6393.0,6497.0,6445.0,83906,6503.0,6503.0,,453632730.0,453632730.0,,0.0,3,SUR,-1.0,2025-06-06
TQBR,2025-06-09,ÔמסÀדנמ אמ,PHOR,12277,425614871.0,6396.0,6135.0,6396.0,6178.0,6246.0,6223.0,68145,6248.0,6248.0,,305937156.0,305937156.0,,0.0,3,SUR,-3.44,2025-06-09
TQBR,2025-06-10,ÔמסÀדנמ אמ,PHOR,10003,342517044.0,6257.0,6068.0,6257.0,6092.0,6130.0,6076.0,55876,6121.0,6121.0,,251671188.0,251671188.0,,0.0,3,SUR,-2.36,2025-06-10
TQBR,2025-06-11,ÔמסÀדנמ אמ,PHOR,10900,345865926.0,6090.0,6062.0,6246.0,6219.0,6171.0,6189.0,56037,6179.0,6179.0,,287525230.0,287525230.0,,0.0,3,SUR,1.86,2025-06-11
TQBR,2025-06-13,ÔמסÀדנמ אמ,PHOR,3573,89291139.0,6236.0,6155.0,6237.0,6158.0,6191.0,6162.0,14423,6185.0,6185.0,,61201821.0,61201821.0,,0.0,3,SUR,-0.44,2025-06-13
TQBR,2025-06-16,ÔמסÀדנמ אמ,PHOR,10909,237098733.0,6162.0,6124.0,6262.0,6198.0,6202.0,6212.0,38235,6205.0,6205.0,,171718976.0,171718976.0,,0.0,3,SUR,0.81,2025-06-16
TQBR,2025-06-17,ÔמסÀדנמ אמ,PHOR,6623,251011565.0,6212.0,6197.0,6299.0,6286.0,6255.0,6283.0,40131,6250.0,6250.0,,195691824.0,195691824.0,,0.0,3,SUR,1.14,2025-06-17
TQBR,2025-06-18,ÔמסÀדנמ אמ,PHOR,5344,139150274.0,6300.0,6263.0,6325.0,6316.0,6305.0,6306.0,22070,6303.0,6303.0,,99920640.0,99920640.0,,0.0,3,SUR,0.37,2025-06-18
TQBR,2025-06-19,ÔמסÀדנמ אמ,PHOR,9471,343564723.0,6306.0,6241.0,6330.0,6318.0,6290.0,6264.0,54621,6287.0,6287.0,,273717921.0,273717921.0,,0.0,3,SUR,-0.67,2025-06-19
TQBR,2025-06-20,ÔמסÀדנמ אמ,PHOR,3628,200168150.0,6297.0,6250.0,6349.0,6300.0,6303.0,6309.0,31756,6305.0,6305.0,,130503918.0,130503918.0,,0.0,3,SUR,0.72,2025-06-20
TQBR,2025-06-23,ÔמסÀדנמ אמ,PHOR,7531,289632485.0,6310.0,6229.0,6335.0,6295.0,6295.0,6276.0,46016,6294.0,6294.0,,252684292.0,252684292.0,,0.0,3,SUR,-0.52,2025-06-23
TQBR,2025-06-24,ÔמסÀדנמ אמ,PHOR,11951,372543916.0,6267.0,6235.0,6450.0,6385.0,6344.0,6418.0,58704,6341.0,6341.0,,298166675.0,298166675.0,,0.0,3,SUR,2.26,2025-06-24
TQBR,2025-06-25,ÔמסÀדנמ אמ,PHOR,9230,377560183.0,6439.0,6350.0,6466.0,6398.0,6390.0,6388.0,59090,6388.0,6388.0,,326378664.0,326378664.0,,0.0,3,SUR,-0.47,2025-06-25
TQBR,2025-06-26,ÔמסÀדנמ אמ,PHOR,7436,324664013.0,6386.0,6350.0,6473.0,6410.0,6411.0,6381.0,50640,6414.0,6414.0,,275943404.0,275943404.0,,0.0,3,SUR,-0.11,2025-06-26
TQBR,2025-06-27,ÔמסÀדנמ אמ,PHOR,9076,502944159.0,6396.0,6335.0,6429.0,6411.0,6381.0,6395.0,78822,6393.0,6393.0,,193988746.0,193988746.0,,0.0,3,SUR,0.22,2025-06-27
TQBR,2025-06-30,ÔמסÀדנמ אמ,PHOR,14232,536346838.0,6392.0,6299.0,6395.0,6321.0,6355.0,6319.0,84394,6356.0,6356.0,,367477948.0,367477948.0,,0.0,3,SUR,-1.19,2025-06-30
TQBR,2025-07-01,ÔמסÀדנמ אמ,PHOR,18465,653078738.0,6319.0,6155.0,6325.0,6156.0,6222.0,6189.0,104959,6225.0,6225.0,,568099549.0,568099549.0,,0.0,3,SUR,-2.06,2025-07-01
TQBR,2025-07-02,ÔמסÀדנמ אמ,PHOR,14646,665065984.0,6199.0,6017.0,6211.0,6056.0,6079.0,6085.0,109398,6074.0,6074.0,,541092045.0,541092045.0,,0.0,3,SUR,-1.68,2025-07-02
TQBR,2025-07-03,ÔמסÀדנמ אמ,PHOR,7224,626903211.0,6085.0,6032.0,6102.0,6041.0,6055.0,6048.0,103527,6054.0,6054.0,,564887202.0,564887202.0,,0.0,3,SUR,-0.61,2025-07-03
TQBR,2025-07-04,ÔמסÀדנמ אמ,PHOR,9334,378133245.0,6048.0,5979.0,6048.0,6022.0,6009.0,6019.0,62919,6008.0,6008.0,,315373765.0,315373765.0,,0.0,3,SUR,-0.48,2025-07-04
TQBR,2025-07-07,ÔמסÀדנמ אמ,PHOR,7430,210910456.0,6035.0,5987.0,6068.0,6043.0,6026.0,6040.0,34998,6028.0,6028.0,,146832676.0,146832676.0,,0.0,3,SUR,0.35,2025-07-07
TQBR,2025-07-08,ÔמסÀדנמ אמ,PHOR,9586,402925742.0,6033.0,5995.0,6112.0,6013.0,6048.0,6002.0,66679,6052.0,6052.0,,323473708.0,323473708.0,,0.0,3,SUR,-0.63,2025-07-08
TQBR,2025-07-09,ÔמסÀדנמ אמ,PHOR,6014,214700162.0,5997.0,5960.0,6085.0,6000.0,5999.0,6010.0,35781,5996.0,5996.0,,160295856.0,160295856.0,,0.0,3,SUR,0.13,2025-07-09
TQBR,2025-07-10,ÔמסÀדנמ אמ,PHOR,5409,171825447.0,6013.0,5995.0,6037.0,6020.0,6017.0,6015.0,28555,6018.0,6018.0,,130490371.0,130490371.0,,0.0,3,SUR,0.08,2025-07-10
TQBR,2025-07-11,ÔמסÀדנמ אמ,PHOR,8143,307522388.0,6015.0,5815.0,6021.0,5915.0,5931.0,5823.0,51850,5974.0,5974.0,,147486236.0,147486236.0,,0.0,3,SUR,-3.19,2025-07-11
TQBR,2025-07-14,ÔמסÀדנמ אמ,PHOR,12190,420523857.0,5847.0,5780.0,5986.0,5927.0,5858.0,5980.0,71782,5833.0,5833.0,,249538388.0,249538388.0,,0.0,3,SUR,2.7,2025-07-14
TQBR,2025-07-15,ÔמסÀדנמ אמ,PHOR,8766,312851731.0,5964.0,5964.0,6156.0,6110.0,6066.0,6113.0,51602,6064.0,6064.0,,245815625.0,245815625.0,,0.0,3,SUR,2.22,2025-07-15
TQBR,2025-07-16,ÔמסÀדנמ אמ,PHOR,8271,379733213.0,6118.0,6118.0,6249.0,6190.0,6181.0,6170.0,61392,6187.0,6187.0,,287573212.0,287573212.0,,0.0,3,SUR,0.93,2025-07-16
TQBR,2025-07-17,ÔמסÀדנמ אמ,PHOR,5142,312188563.0,6170.0,6170.0,6246.0,6209.0,6208.0,6192.0,50278,6213.0,6213.0,,255535017.0,255535017.0,,0.0,3,SUR,0.36,2025-07-17
TQBR,2025-07-18,ÔמסÀדנמ אמ,PHOR,8278,319450248.0,6192.0,6170.0,6272.0,6252.0,6234.0,6257.0,51240,6234.0,6234.0,,269058914.0,269058914.0,,0.0,3,SUR,1.05,2025-07-18
TQBR,2025-07-21,ÔמסÀדנמ אמ,PHOR,6796,315333207.0,6245.0,6208.0,6292.0,6246.0,6254.0,6211.0,50419,6260.0,6260.0,,178207655.0,178207655.0,,0.0,3,SUR,-0.74,2025-07-21
TQBR,2025-07-22,ÔמסÀדנמ אמ,PHOR,8148,479708295.0,6211.0,6181.0,6350.0,6344.0,6261.0,6348.0,76615,6256.0,6256.0,,431710081.0,431710081.0,,0.0,3,SUR,2.21,2025-07-22
TQBR,2025-07-23,ÔמסÀדנמ אמ,PHOR,19156,972654076.0,6343.0,6334.0,6530.0,6498.0,6470.0,6529.0,150287,6474.0,6474.0,,768355318.0,768355318.0,,0.0,3,SUR,2.85,2025-07-23
TQBR,2025-07-24,ÔמסÀדנמ אמ,PHOR,10058,766778861.0,6510.0,6352.0,6550.0,6395.0,6461.0,6426.0,118692,6460.0,6460.0,,686982322.0,686982322.0,,0.0,3,SUR,-1.58,2025-07-24
TQBR,2025-07-25,ÔמסÀדנמ אמ,PHOR,8072,402356535.0,6415.0,6362.0,6508.0,6430.0,6436.0,6391.0,62493,6441.0,6441.0,,339405794.0,339405794.0,,0.0,3,SUR,-0.54,2025-07-25
TQBR,2025-07-28,ÔמסÀדנמ אמ,PHOR,8394,411107241.0,6411.0,6285.0,6450.0,6349.0,6373.0,6362.0,64588,6365.0,6365.0,,351917506.0,351917506.0,,0.0,3,SUR,-0.45,2025-07-28
TQBR,2025-07-29,ÔמסÀדנמ אמ,PHOR,26386,1447306533.0,6346.0,6342.0,6645.0,6611.0,6568.0,6583.0,220396,6567.0,6567.0,,1265667518.0,1265667518.0,,0.0,3,SUR,3.47,2025-07-29
TQBR,2025-07-30,ÔמסÀדנמ אמ,PHOR,10875,693389046.0,6581.0,6425.0,6601.0,6453.0,6497.0,6451.0,106732,6495.0,6495.0,,606457703.0,606457703.0,,0.0,3,SUR,-2.01,2025-07-30
TQBR,2025-07-31,ÔמסÀדנמ אמ,PHOR,3865,267599273.0,6465.0,6380.0,6500.0,6405.0,6426.0,6408.0,41644,6419.0,6419.0,,217438533.0,217438533.0,,0.0,3,SUR,-0.67,2025-07-31
TQBR,2025-08-01,ÔמסÀדנמ אמ,PHOR,5912,283827362.0,6437.0,6409.0,6519.0,6499.0,6474.0,6485.0,43840,6476.0,6476.0,,187678881.0,187678881.0,,0.0,3,SUR,1.2,2025-08-01
TQBR,2025-08-04,ÔמסÀדנמ אמ,PHOR,9046,362656880.0,6480.0,6447.0,6544.0,6507.0,6499.0,6537.0,55800,6499.0,6499.0,,275165819.0,275165819.0,,0.0,3,SUR,0.8,2025-08-04
TQBR,2025-08-05,ÔמסÀדנמ אמ,PHOR,6802,346026954.0,6522.0,6495.0,6619.0,6599.0,6565.0,6618.0,52704,6561.0,6561.0,,272352308.0,272352308.0,,0.0,3,SUR,1.24,2025-08-05
TQBR,2025-08-06,ÔמסÀדנמ אמ,PHOR,19453,1070188027.0,6627.0,6589.0,6735.0,6638.0,6664.0,6695.0,160598,6654.0,6654.0,,778615243.0,778615243.0,,0.0,3,SUR,1.16,2025-08-06
TQBR,2025-08-07,ÔמסÀדנמ אמ,PHOR,18761,1053575293.0,6695.0,6695.0,6821.0,6749.0,6775.0,6805.0,155504,6776.0,6776.0,,576433812.0,576433812.0,,0.0,3,SUR,1.64,2025-08-07
TQBR,2025-08-08,ÔמסÀדנמ אמ,PHOR,19037,1098215965.0,6820.0,6814.0,7014.0,6983.0,6942.0,7000.0,158207,6940.0,6940.0,,656774658.0,656774658.0,,0.0,3,SUR,2.87,2025-08-08
TQBR,2025-08-11,ÔמסÀדנמ אמ,PHOR,21016,1147244868.0,7050.0,6912.0,7133.0,6969.0,7019.0,6988.0,163441,7001.0,7001.0,,844187023.0,844187023.0,,0.0,3,SUR,-0.17,2025-08-11
TQBR,2025-08-12,ÔמסÀדנמ אמ,PHOR,9323,487880276.0,6998.0,6921.0,7025.0,7005.0,6982.0,7000.0,69881,6981.0,6981.0,,431883035.0,431883035.0,,0.0,3,SUR,0.17,2025-08-12
TQBR,2025-08-13,ÔמסÀדנמ אמ,PHOR,9074,574886267.0,7000.0,6993.0,7077.0,7040.0,7045.0,7026.0,81596,7048.0,7048.0,,489665423.0,489665423.0,,0.0,3,SUR,0.37,2025-08-13
TQBR,2025-08-14,ÔמסÀדנמ אמ,PHOR,10449,380758359.0,7026.0,6990.0,7044.0,7019.0,7010.0,7018.0,54319,7008.0,7008.0,,305832927.0,305832927.0,,0.0,3,SUR,-0.11,2025-08-14
TQBR,2025-08-15,ÔמסÀדנמ אמ,PHOR,11881,503976909.0,7018.0,7010.0,7095.0,7051.0,7054.0,7051.0,71455,7055.0,7055.0,,422552781.0,422552781.0,,0.0,3,SUR,0.47,2025-08-15
TQBR,2025-08-18,ÔמסÀדנמ אמ,PHOR,19970,768177781.0,6982.0,6980.0,7091.0,7001.0,7032.0,7048.0,109235,7044.0,7044.0,,430477777.0,430477777.0,,0.0,3,SUR,-0.04,2025-08-18
TQBR,2025-08-19,ÔמסÀדנמ אמ,PHOR,12151,645887187.0,7048.0,7016.0,7114.0,7035.0,7068.0,7062.0,91386,7070.0,7070.0,,515643931.0,515643931.0,,0.0,3,SUR,0.2,2025-08-19
TQBR,2025-08-20,ÔמסÀדנמ אמ,PHOR,5793,312199496.0,7072.0,7002.0,7095.0,7040.0,7035.0,7028.0,44375,7033.0,7033.0,,250713535.0,250713535.0,,0.0,3,SUR,-0.48,2025-08-20
TQBR,2025-08-21,ÔמסÀדנמ אמ,PHOR,7114,410188735.0,7035.0,6953.0,7053.0,7010.0,7011.0,6983.0,58505,7017.0,7017.0,,292101161.0,292101161.0,,0.0,3,SUR,-0.64,2025-08-21
TQBR,2025-08-22,ÔמסÀדנמ אמ,PHOR,6064,315505253.0,7004.0,6972.0,7049.0,7041.0,7023.0,7042.0,44927,7021.0,7021.0,,235926376.0,235926376.0,,0.0,3,SUR,0.84,2025-08-22
TQBR,2025-08-25,ÔמסÀדנמ אמ,PHOR,14849,679748398.0,7048.0,6885.0,7110.0,6928.0,6974.0,6940.0,97435,6964.0,6964.0,,544835763.0,544835763.0,,0.0,3,SUR,-1.45,2025-08-25
TQBR,2025-08-26,ÔמסÀדנמ אמ,PHOR,10600,697749074.0,6942.0,6871.0,7020.0,7000.0,6952.0,7009.0,100237,6958.0,6958.0,,634882360.0,634882360.0,,0.0,3,SUR,0.99,2025-08-26
TQBR,2025-08-27,ÔמסÀדנמ אמ,PHOR,5758,384447907.0,7008.0,6988.0,7050.0,7023.0,7024.0,7017.0,54730,7024.0,7024.0,,329485915.0,329485915.0,,0.0,3,SUR,0.11,2025-08-27
TQBR,2025-08-28,ÔמסÀדנמ אמ,PHOR,6718,360598868.0,7027.0,6977.0,7042.0,7006.0,7002.0,7008.0,51499,7004.0,7004.0,,270809400.0,270809400.0,,0.0,3,SUR,-0.13,2025-08-28
TQBR,2025-08-29,ÔמסÀדנמ אמ,PHOR,4873,208930400.0,7009.0,6951.0,7037.0,6997.0,6992.0,6995.0,29881,6990.0,6990.0,,177359108.0,177359108.0,,0.0,3,SUR,-0.19,2025-08-29
TQBR,2025-09-01,ÔמסÀדנמ אמ,PHOR,6852,301921551.0,6991.0,6980.0,7040.0,6982.0,7011.0,6997.0,43063,7014.0,7014.0,,235743485.0,235743485.0,,0.0,3,SUR,0.03,2025-09-01
TQBR,2025-09-02,ÔמסÀדנמ אמ,PHOR,12839,532169277.0,6990.0,6890.0,7018.0,6903.0,6953.0,6970.0,76535,6955.0,6955.0,,425196158.0,425196158.0,,0.0,3,SUR,-0.39,2025-09-02
TQBR,2025-09-03,ÔמסÀדנמ אמ,PHOR,6966,298195311.0,6970.0,6896.0,6977.0,6901.0,6915.0,6934.0,43120,6911.0,6911.0,,231648391.0,231648391.0,,0.0,3,SUR,-0.52,2025-09-03
TQBR,2025-09-04,ÔמסÀדנמ אמ,PHOR,14224,668158328.0,6938.0,6818.0,6948.0,6863.0,6885.0,6851.0,97049,6885.0,6885.0,,516003864.0,516003864.0,,0.0,3,SUR,-1.2,2025-09-04
TQBR,2025-09-05,ÔמסÀדנמ אמ,PHOR,5904,283057362.0,6852.0,6851.0,6894.0,6883.0,6871.0,6888.0,41193,6868.0,6868.0,,203889130.0,203889130.0,,0.0,3,SUR,0.54,2025-09-05
TQBR,2025-09-08,ÔמסÀדנמ אמ,PHOR,15522,582237739.0,6883.0,6874.0,7040.0,7024.0,6977.0,7031.0,83453,6975.0,6975.0,,393968872.0,393968872.0,,0.0,3,SUR,2.08,2025-09-08
TQBR,2025-09-09,ÔמסÀדנמ אמ,PHOR,19580,1411065914.0,7042.0,7023.0,7158.0,7108.0,7117.0,7129.0,198274,7119.0,7119.0,,1290118460.0,1290118460.0,,0.0,3,SUR,1.39,2025-09-09
TQBR,2025-09-10,ÔמסÀדנמ אמ,PHOR,19088,1193200552.0,7129.0,7067.0,7195.0,7156.0,7143.0,7164.0,167045,7145.0,7145.0,,1049677873.0,1049677873.0,,0.0,3,SUR,0.49,2025-09-10
TQBR,2025-09-11,ÔמסÀדנמ אמ,PHOR,21429,968547359.0,7165.0,7134.0,7223.0,7215.0,7184.0,7197.0,134820,7182.0,7182.0,,801290866.0,801290866.0,,0.0,3,SUR,0.46,2025-09-11
TQBR,2025-09-12,ÔמסÀדנמ אמ,PHOR,21248,1309416776.0,7198.0,7104.0,7240.0,7165.0,7184.0,7116.0,182273,7190.0,7190.0,,1119191899.0,1119191899.0,,0.0,3,SUR,-1.13,2025-09-12
TQBR,2025-09-15,ÔמסÀדנמ אמ,PHOR,25705,983481756.0,7116.0,6937.0,7140.0,7022.0,7020.0,7011.0,140108,7007.0,7007.0,,764265179.0,764265179.0,,0.0,3,SUR,-1.48,2025-09-15
TQBR,2025-09-16,ÔמסÀדנמ אמ,PHOR,15107,619293458.0,7011.0,6923.0,7104.0,7005.0,7002.0,7026.0,88446,6998.0,6998.0,,561203984.0,561203984.0,,0.0,3,SUR,0.21,2025-09-16
TQBR,2025-09-17,ÔמסÀדנמ אמ,PHOR,9931,361153744.0,7018.0,6970.0,7049.0,7025.0,6998.0,7001.0,51598,6995.0,6995.0,,294028295.0,294028295.0,,0.0,3,SUR,-0.36,2025-09-17
TQBR,2025-09-18,ÔמסÀדנמ אמ,PHOR,13884,425003525.0,7001.0,6921.0,7016.0,6954.0,6961.0,6939.0,61057,6960.0,6960.0,,382623189.0,382623189.0,,0.0,3,SUR,-0.89,2025-09-18
TQBR,2025-09-19,ÔמסÀדנמ אמ,PHOR,8577,357995152.0,6950.0,6898.0,6965.0,6941.0,6936.0,6903.0,51616,6940.0,6940.0,,282148571.0,282148571.0,,0.0,3,SUR,-0.52,2025-09-19
TQBR,2025-09-22,ÔמסÀדנמ אמ,PHOR,12652,651518493.0,6909.0,6852.0,7083.0,7034.0,6970.0,7074.0,93481,6962.0,6962.0,,535255612.0,535255612.0,,0.0,3,SUR,2.48,2025-09-22
TQBR,2025-09-23,ÔמסÀדנמ אמ,PHOR,14923,711492476.0,7074.0,7001.0,7121.0,7121.0,7056.0,7020.0,100819,7065.0,7065.0,,450266094.0,450266094.0,,0.0,3,SUR,-0.76,2025-09-23
TQBR,2025-09-24,ÔמסÀדנמ אמ,PHOR,16362,821496446.0,7020.0,6985.0,7158.0,7110.0,7111.0,7116.0,115527,7118.0,7118.0,,657590328.0,657590328.0,,0.0,3,SUR,1.37,2025-09-24
TQBR,2025-09-25,ÔמסÀדנמ אמ,PHOR,16871,992743741.0,7116.0,7059.0,7221.0,7159.0,7166.0,7171.0,138527,7169.0,7169.0,,878584172.0,878584172.0,,0.0,3,SUR,0.77,2025-09-25
TQBR,2025-09-26,ÔמסÀדנמ אמ,PHOR,13377,619818925.0,7177.0,7092.0,7230.0,7152.0,7147.0,7154.0,86713,7138.0,7138.0,,477753917.0,477753917.0,,0.0,3,SUR,-0.24,2025-09-26
TQBR,2025-09-29,ÔמסÀדנמ אמ,PHOR,33715,2224825435.0,7161.0,7142.0,7378.0,7256.0,7279.0,7310.0,305679,7287.0,7287.0,,1792576246.0,1792576246.0,,0.0,3,SUR,2.18,2025-09-29
TQBR,2025-09-30,ÔמסÀדנמ אמ,PHOR,22900,1335643347.0,7278.0,7143.0,7330.0,7269.0,7235.0,7182.0,184612,7244.0,7244.0,,830121915.0,830121915.0,,0.0,3,SUR,-1.75,2025-09-30
TQBR,2025-10-01,ÔמסÀדנמ אמ,PHOR,17913,1001087635.0,6920.0,6850.0,6949.0,6931.0,6903.0,6883.0,145014,6905.0,6905.0,,874429968.0,874429968.0,,0.0,3,SUR,-4.16,2025-10-01
TQBR,2025-10-02,ÔמסÀדנמ אמ,PHOR,16849,955575668.0,6883.0,6565.0,6893.0,6626.0,6663.0,6589.0,143422,6644.0,6644.0,,660012084.0,660012084.0,,0.0,3,SUR,-4.27,2025-10-02
TQBR,2025-10-03,ÔמסÀדנמ אמ,PHOR,21075,1118173148.0,6600.0,6590.0,6846.0,6757.0,6751.0,6740.0,165622,6760.0,6760.0,,947555129.0,947555129.0,,0.0,3,SUR,2.29,2025-10-03
TQBR,2025-10-06,ÔמסÀדנמ אמ,PHOR,16539,666288385.0,6719.0,6650.0,6888.0,6853.0,6788.0,6847.0,98158,6795.0,6795.0,,485681608.0,485681608.0,,0.0,3,SUR,1.59,2025-10-06
TQBR,2025-10-07,ÔמסÀדנמ אמ,PHOR,13629,584605376.0,6846.0,6802.0,6998.0,6933.0,6944.0,6914.0,84185,6953.0,6953.0,,478811137.0,478811137.0,,0.0,3,SUR,0.98,2025-10-07
TQBR,2025-10-08,ÔמסÀדנמ אמ,PHOR,13016,710523587.0,6915.0,6785.0,6979.0,6823.0,6900.0,6899.0,102965,6910.0,6910.0,,552339270.0,552339270.0,,0.0,3,SUR,-0.22,2025-10-08
TQBR,2025-10-09,ÔמסÀדנמ אמ,PHOR,18164,735276663.0,6898.0,6768.0,6947.0,6879.0,6861.0,6880.0,107161,6857.0,6857.0,,666676240.0,666676240.0,,0.0,3,SUR,-0.28,2025-10-09
TQBR,2025-10-10,ÔמסÀדנמ אמ,PHOR,11631,509329627.0,6921.0,6835.0,6967.0,6860.0,6904.0,6839.0,73787,6910.0,6910.0,,428244551.0,428244551.0,,0.0,3,SUR,-0.6,2025-10-10
TQBR,2025-10-13,ÔמסÀדנמ אמ,PHOR,11304,453939078.0,6840.0,6802.0,6936.0,6878.0,6882.0,6875.0,65960,6884.0,6884.0,,317421277.0,317421277.0,,0.0,3,SUR,0.53,2025-10-13
TQBR,2025-10-14,ÔמסÀדנמ אמ,PHOR,12788,539109596.0,6888.0,6640.0,6902.0,6672.0,6737.0,6696.0,80018,6737.0,6737.0,,496116176.0,496116176.0,,0.0,3,SUR,-2.6,2025-10-14
TQBR,2025-10-15,ÔמסÀדנמ אמ,PHOR,7170,292712611.0,6730.0,6690.0,6810.0,6800.0,6761.0,6757.0,43294,6761.0,6761.0,,226363188.0,226363188.0,,0.0,3,SUR,0.91,2025-10-15
TQBR,2025-10-16,ÔמסÀדנמ אמ,PHOR,13914,790916872.0,6768.0,6695.0,6988.0,6783.0,6856.0,6973.0,115363,6780.0,6780.0,,339445153.0,339445153.0,,0.0,3,SUR,3.2,2025-10-16
TQBR,2025-10-17,ÔמסÀדנמ אמ,PHOR,10310,442022654.0,6990.0,6860.0,7000.0,6913.0,6948.0,6948.0,63621,6948.0,6948.0,,271280079.0,271280079.0,,0.0,3,SUR,-0.36,2025-10-17
TQBR,2025-10-20,ÔמסÀדנמ אמ,PHOR,12614,591938757.0,6970.0,6931.0,7118.0,7056.0,7034.0,7049.0,84139,7048.0,7048.0,,440243938.0,440243938.0,,0.0,3,SUR,1.45,2025-10-20
TQBR,2025-10-21,ÔמסÀדנמ אמ,PHOR,13144,723960963.0,7049.0,6886.0,7082.0,6925.0,6997.0,7020.0,103463,6994.0,6994.0,,458197333.0,458197333.0,,0.0,3,SUR,-0.41,2025-10-21
TQBR,2025-10-22,ÔמסÀדנמ אמ,PHOR,7136,363993888.0,6998.0,6933.0,7080.0,7066.0,7022.0,6986.0,51836,7041.0,7041.0,,215052455.0,215052455.0,,0.0,3,SUR,-0.48,2025-10-22
TQBR,2025-10-23,ÔמסÀדנמ אמ,PHOR,9984,448834389.0,6968.0,6860.0,7038.0,6979.0,6952.0,6956.0,64565,6950.0,6950.0,,332184262.0,332184262.0,,0.0,3,SUR,-0.43,2025-10-23
TQBR,2025-10-24,ÔמסÀדנמ אמ,PHOR,7389,398320411.0,6974.0,6962.0,7100.0,7025.0,7017.0,6999.0,56763,7020.0,7020.0,,348120501.0,348120501.0,,0.0,3,SUR,0.62,2025-10-24
TQBR,2025-10-27,ÔמסÀדנמ אמ,PHOR,12163,488447994.0,6995.0,6792.0,6998.0,6801.0,6877.0,6815.0,71031,6868.0,6868.0,,368911179.0,368911179.0,,0.0,3,SUR,-2.63,2025-10-27
TQBR,2025-10-28,ÔמסÀדנמ אמ,PHOR,6175,268610209.0,6804.0,6767.0,6883.0,6770.0,6835.0,6819.0,39301,6840.0,6840.0,,201427013.0,201427013.0,,0.0,3,SUR,0.06,2025-10-28
TQBR,2025-10-29,ÔמסÀדנמ אמ,PHOR,6026,336456759.0,6829.0,6723.0,6850.0,6755.0,6766.0,6755.0,49728,6763.0,6763.0,,289283669.0,289283669.0,,0.0,3,SUR,-0.94,2025-10-29
TQBR,2025-10-30,ÔמסÀדנמ אמ,PHOR,6958,353488547.0,6755.0,6739.0,6831.0,6767.0,6796.0,6800.0,52017,6798.0,6798.0,,298635711.0,298635711.0,,0.0,3,SUR,0.67,2025-10-30
